2e-05,-1461.1
4e-05,-2889
6e-05,-1774.8
8e-05,594.72
0.0001,2007
0.00012,1392.5
0.00014,-562.85
0.00016,-1680.3
0.00018,-611.84
0.0002,1119.2
0.00022,1486
0.00024,292.83
0.00026,-468.12
0.00028,410.13
0.0003,537.59
0.00032,-1340.4
0.00034,-2272.5
0.00036,-961.8
0.00038,1210.6
0.0004,1893.7
0.00042,1049.4
0.00044,-37.144
0.00046,-613.93
0.00048,-706.72
0.0005,-413.36
0.00052,446.9
0.00054,685.92
0.00056,-291.24
0.00058,-1366.8
0.0006,-674.72
0.00062,1224.9
0.00064,1613.9
0.00066,284.06
0.00068,-1310.8
0.0007,-2360.9
0.00072,-1889
0.00074,214.11
0.00076,2036.7
0.00078,2009.2
0.0008,756.22
0.00082,-443.63
0.00084,-1067.5
0.00086,-902.24
0.00088,-21.196
0.0009,240.05
0.00092,-251.01
0.00094,-311.37
0.00096,1030.7
0.00098,1544.8
0.001,521.02
0.00102,-361
0.00104,-346.53
0.00106,-449.66
0.00108,1037.9
0.0011,2048.9
0.00112,280.36
0.00114,-2328.8
0.00116,-2971.6
0.00118,-363.59
0.0012,2758.5
0.00122,2050.1
0.00124,-1087.6
0.00126,-2404.1
0.00128,-558.75
0.0013,2159.9
0.00132,2165.6
0.00134,-222.55
0.00136,-1978.1
0.00138,-979.91
0.0014,961.87
0.00142,1152.1
0.00144,-79.731
0.00146,-622.86
0.00148,-268.79
0.0015,-425.09
0.00152,-1465.3
0.00154,-1317.2
0.00156,411.3
0.00158,1211.5
0.0016,-104.36
0.00162,-1559.9
0.00164,-1505.5
0.00166,-129.66
0.00168,1779.9
0.0017,2474.5
0.00172,626.63
0.00174,-1774.3
0.00176,-1984.1
0.00178,-275.9
0.0018,869.66
0.00182,400.55
0.00184,-1039.5
0.00186,-1844.2
0.00188,-788.12
0.0019,1407
0.00192,2454.4
0.00194,876.59
0.00196,-901.25
0.00198,-1174.9
0.002,-305.22
0.00202,414.2
0.00204,318.73
0.00206,1.4055
0.00208,-670.09
0.0021,-947.81
0.00212,-360.76
0.00214,979.94
0.00216,714.84
0.00218,-1445.7
0.0022,-2321
0.00222,447.16
0.00224,3272
0.00226,1249.6
0.00228,-2464.3
0.0023,-2285.9
0.00232,1145.6
0.00234,2272.9
0.00236,-114.87
0.00238,-2168.8
0.0024,-1413.6
0.00242,350.27
0.00244,1123.7
0.00246,213.93
0.00248,-544.98
0.0025,-537
0.00252,316.34
0.00254,735.31
0.00256,1008.3
0.00258,182.64
0.0026,-1106.3
0.00262,-1368.9
0.00264,-223.95
0.00266,767.31
0.00268,180.32
0.0027,-813.96
0.00272,-779.06
0.00274,-439.26
0.00276,-544.07
0.00278,-551.23
0.0028,-76.464
0.00282,461.23
0.00284,1180.1
0.00286,1631.9
0.00288,906.75
0.0029,-303.06
0.00292,-1276.8
0.00294,-1361.6
0.00296,-273.15
0.00298,847.63
0.003,692.75
0.00302,-735.01
0.00304,-1549.5
0.00306,-717.86
0.00308,832.45
0.0031,1361
0.00312,337.67
0.00314,-1406
0.00316,-1599.8
0.00318,-29.522
0.0032,1693.3
0.00322,2120.4
0.00324,1891.1
0.00326,483.69
0.00328,-1770.8
0.0033,-2279.5
0.00332,-359.52
0.00334,1615.3
0.00336,938.3
0.00338,-1174.6
0.0034,-1170.1
0.00342,557.98
0.00344,1767.6
0.00346,1596.2
0.00348,209.6
0.0035,-1495.2
0.00352,-1565.1
0.00354,889.03
0.00356,1947.6
0.00358,551.55
0.0036,-1207.6
0.00362,-1673.5
0.00364,-660.17
0.00366,675.14
0.00368,843.18
0.0037,-621.56
0.00372,-772.73
0.00374,386.94
0.00376,798.19
0.00378,-277.21
0.0038,-1166.5
0.00382,-643.14
0.00384,507.02
0.00386,1245.6
0.00388,948.02
0.0039,-7.9115
0.00392,-420.03
0.00394,-233.31
0.00396,-452.37
0.00398,-684.8
0.004,-784.75
0.00402,-117.33
0.00404,1334.1
0.00406,2411.9
0.00408,1264.1
0.0041,-1141.2
0.00412,-2271.5
0.00414,-1992.8
0.00416,-753.62
0.00418,818.99
0.0042,2517.1
0.00422,2975
0.00424,471.6
0.00426,-3448.2
0.00428,-4447.4
0.0043,-259.74
0.00432,4570.2
0.00434,3149.6
0.00436,-2029.8
0.00438,-3572.7
0.0044,-763.83
0.00442,1344.7
0.00444,844.93
0.00446,-16.533
0.00448,-189.04
0.0045,-176.75
0.00452,231.31
0.00454,622.58
0.00456,67.426
0.00458,-544.89
0.0046,-127.59
0.00462,256.16
0.00464,139.24
0.00466,-137.44
0.00468,-836.05
0.0047,-1126.5
0.00472,-215.13
0.00474,1590.2
0.00476,2315.3
0.00478,1540.6
0.0048,539.28
0.00482,512.3
0.00484,576.17
0.00486,-762.17
0.00488,-2205.9
0.0049,-1913.9
0.00492,-390.93
0.00494,932.34
0.00496,2090.7
0.00498,1104.4
0.005,-1524.5
0.00502,-2574.2
0.00504,-345.86
0.00506,3147.2
0.00508,2920
0.0051,-777.62
0.00512,-2945.7
0.00514,-728.47
0.00516,1416.2
0.00518,80.965
0.0052,-2307.2
0.00522,-2039.3
0.00524,209.59
0.00526,1826.7
0.00528,1356.9
0.0053,221.11
0.00532,-228.04
0.00534,102.38
0.00536,780.53
0.00538,1206.5
0.0054,439.78
0.00542,-472.03
0.00544,-1509.9
0.00546,-2584.2
0.00548,-2658.4
0.0055,-285.09
0.00552,2424.4
0.00554,2609
0.00556,463.15
0.00558,-1440.6
0.0056,43.152
0.00562,3088.7
0.00564,2307.6
0.00566,-1711.3
0.00568,-3432.9
0.0057,-870.45
0.00572,1222.8
0.00574,777.73
0.00576,37.598
0.00578,-114.77
0.0058,-1088.4
0.00582,-1546.1
0.00584,-259.37
0.00586,1006
0.00588,881.42
0.0059,-25.184
0.00592,139.71
0.00594,776.7
0.00596,140.27
0.00598,-391.62
0.006,160.71
0.00602,647.97
0.00604,-142.92
0.00606,-188.77
0.00608,-74.846
0.0061,-987.61
0.00612,-1767.1
0.00614,-626.78
0.00616,1253.4
0.00618,1632.5
0.0062,1166.2
0.00622,722.72
0.00624,-144.35
0.00626,-477.15
0.00628,514.71
0.0063,1373.3
0.00632,255.86
0.00634,-1818.8
0.00636,-2204.4
0.00638,-720.84
0.0064,377.05
0.00642,229.42
0.00644,499.52
0.00646,1277.7
0.00648,1051.1
0.0065,52.309
0.00652,178.03
0.00654,716.49
0.00656,-568.68
0.00658,-2055.6
0.0066,-1240.2
0.00662,614.47
0.00664,1450.1
0.00666,-443.97
0.00668,-1646.1
0.0067,-138.55
0.00672,741.17
0.00674,-392.89
0.00676,-552.01
0.00678,1742.7
0.0068,2446.7
0.00682,-308.69
0.00684,-2874.3
0.00686,-2404.1
0.00688,138.4
0.0069,1490.4
0.00692,540.35
0.00694,-851.59
0.00696,-578.51
0.00698,856.86
0.007,1966.5
0.00702,1338
0.00704,-814.8
0.00706,-2411.6
0.00708,-178.75
0.0071,2306.1
0.00712,1645.4
0.00714,-1091.9
0.00716,-1547
0.00718,-1060.2
0.0072,-869.29
0.00722,-110.22
0.00724,1913.6
0.00726,2146.8
0.00728,-633.59
0.0073,-3084.3
0.00732,-2230.3
0.00734,1248.7
0.00736,4002.4
0.00738,3002.3
0.0074,-172.37
0.00742,-1876.5
0.00744,-1522.5
0.00746,-1132.1
0.00748,-1064
0.0075,176.72
0.00752,1753.2
0.00754,1052.8
0.00756,-845.69
0.00758,-1344.1
0.0076,-401.15
0.00762,606.04
0.00764,458.08
0.00766,85.039
0.00768,683.74
0.0077,804.52
0.00772,-295.47
0.00774,-1563.9
0.00776,-1351.9
0.00778,443.48
0.0078,1775.7
0.00782,1475.2
0.00784,-943.81
0.00786,-2501.7
0.00788,-1177.5
0.0079,1782.1
0.00792,2466.2
0.00794,307.98
0.00796,-2330.1
0.00798,-1951.2
0.008,1008.8
0.00802,2197.5
0.00804,541.8
0.00806,-1002
0.00808,-685.07
0.0081,180.53
0.00812,580.67
0.00814,464.57
0.00816,73.343
0.00818,-92.763
0.0082,-467.84
0.00822,-848.34
0.00824,-687.89
0.00826,-12.986
0.00828,430.94
0.0083,118.63
0.00832,243.36
0.00834,1098.8
0.00836,1560.5
0.00838,-59.05
0.0084,-1924
0.00842,-1096.9
0.00844,515.8
0.00846,919.3
0.00848,-239.54
0.0085,-1130
0.00852,-455.5
0.00854,471.14
0.00856,809.55
0.00858,777.24
0.0086,58.146
0.00862,-617.46
0.00864,87.077
0.00866,1667.3
0.00868,1445.9
0.0087,-734
0.00872,-2149.9
0.00874,-1154.7
0.00876,160.64
0.00878,862.38
0.0088,676.86
0.00882,-204.63
0.00884,-751.83
0.00886,89.559
0.00888,960.69
0.0089,1432.1
0.00892,1008.7
0.00894,-230.78
0.00896,-1465.2
0.00898,-1802.8
0.009,-755.53
0.00902,547.47
0.00904,383.25
0.00906,-384.61
0.00908,-104.73
0.0091,1010.2
0.00912,746.6
0.00914,-1545.7
0.00916,-1475.4
0.00918,1337.9
0.0092,1724.9
0.00922,-1157.7
0.00924,-2724.7
0.00926,-802.5
0.00928,2293
0.0093,3177.8
0.00932,1021.3
0.00934,-1546.4
0.00936,-2789.6
0.00938,-1868
0.0094,666.01
0.00942,2896.6
0.00944,2393
0.00946,-400.64
0.00948,-1756.4
0.0095,-892.69
0.00952,228.53
0.00954,121.21
0.00956,-1063.3
0.00958,-485.63
0.0096,1633
0.00962,1651.2
0.00964,-661.88
0.00966,-2352.6
0.00968,-2342.9
0.0097,-895.46
0.00972,1975.9
0.00974,3990.1
0.00976,2323.4
0.00978,-1117.8
0.0098,-2498.2
0.00982,-1437.3
0.00984,205.07
0.00986,521.46
0.00988,-595.58
0.0099,-1041.2
0.00992,-89.194
0.00994,1304.6
0.00996,1743.5
0.00998,917.31
0.01,-632.17
0.01002,-1840.7
0.01004,-986.5
0.01006,1491.7
0.01008,2545.7
0.0101,759.64
0.01012,-1744.9
0.01014,-1438.4
0.01016,248.96
0.01018,577.04
0.0102,-857.89
0.01022,-1856.4
0.01024,-97.133
0.01026,2082.5
0.01028,2537.4
0.0103,1020.8
0.01032,-541.46
0.01034,-1552.3
0.01036,-1602.3
0.01038,-573.04
0.0104,298.37
0.01042,226.83
0.01044,-45.575
0.01046,-258.6
0.01048,-234.95
0.0105,27.043
0.01052,151.09
0.01054,189.78
0.01056,108.22
0.01058,-283.39
0.0106,-469.93
0.01062,237.85
0.01064,1429.6
0.01066,1254.8
0.01068,-180.31
0.0107,-1726.6
0.01072,-1245
0.01074,476.26
0.01076,1364.1
0.01078,922.83
0.0108,-526.13
0.01082,-1403.9
0.01084,-664.79
0.01086,1088.1
0.01088,1420.9
0.0109,413.2
0.01092,-1041.9
0.01094,-1560.3
0.01096,-173.42
0.01098,1687.7
0.011,1491.7
0.01102,-207.55
0.01104,-956.23
0.01106,-393.98
0.01108,792.37
0.0111,927.73
0.01112,299.58
0.01114,203.72
0.01116,31.126
0.01118,-759.11
0.0112,-572.36
0.01122,387.82
0.01124,552.12
0.01126,-319.29
0.01128,-987.26
0.0113,-79.029
0.01132,1334.6
0.01134,1020.2
0.01136,-774.5
0.01138,-1864.6
0.0114,-676.49
0.01142,1814
0.01144,2057
0.01146,-390.87
0.01148,-2224.8
0.0115,-988.84
0.01152,1685.4
0.01154,2321.7
0.01156,-15.261
0.01158,-2668.8
0.0116,-2875.1
0.01162,-731.84
0.01164,2137.4
0.01166,3216.3
0.01168,1251.7
0.0117,-1856.7
0.01172,-2569.9
0.01174,721.67
0.01176,3386.4
0.01178,2227.8
0.0118,-965.36
0.01182,-2566.7
0.01184,-1947
0.01186,-108.64
0.01188,1229.5
0.0119,1029.4
0.01192,-378.64
0.01194,-840.18
0.01196,189.53
0.01198,948.69
0.012,845.11
0.01202,859.18
0.01204,1278.5
0.01206,743.14
0.01208,-647.7
0.0121,-991
0.01212,-442.03
0.01214,-28.152
0.01216,-656.13
0.01218,-1095
0.0122,-74.067
0.01222,1161.6
0.01224,1018.9
0.01226,213.62
0.01228,-37.864
0.0123,428.92
0.01232,170.25
0.01234,-383.8
0.01236,-32.352
0.01238,1109.3
0.0124,1433.2
0.01242,-659.36
0.01244,-3284.4
0.01246,-2719.7
0.01248,1648.7
0.0125,4633
0.01252,2183.2
0.01254,-2904.5
0.01256,-4264.6
0.01258,-156.12
0.0126,3584.6
0.01262,2022.3
0.01264,-1499.9
0.01266,-2149.4
0.01268,395.77
0.0127,3033
0.01272,2268.9
0.01274,-1436.6
0.01276,-4097
0.01278,-2334.7
0.0128,1524.9
0.01282,3482.3
0.01284,1963.4
0.01286,-1947.3
0.01288,-4637
0.0129,-3076.5
0.01292,2749.4
0.01294,6116.4
0.01296,2136
0.01298,-4265.2
0.013,-4682.7
0.01302,480.08
0.01304,3728.4
0.01306,2029.9
0.01308,-1277.1
0.0131,-2371.1
0.01312,-1133.1
0.01314,470.4
0.01316,635.93
0.01318,-597.26
0.0132,-1508.1
0.01322,-1088.3
0.01324,389.79
0.01326,1754.7
0.01328,1169.3
0.0133,-232.64
0.01332,-434.44
0.01334,428.06
0.01336,1042.7
0.01338,657.75
0.0134,-225.25
0.01342,-626.99
0.01344,-591.71
0.01346,137.97
0.01348,69.9
0.0135,-875.82
0.01352,-1338
0.01354,-552.29
0.01356,443.77
0.01358,875.22
0.0136,1015.1
0.01362,928.44
0.01364,720.8
0.01366,867.2
0.01368,310.59
0.0137,-510.81
0.01372,-968.74
0.01374,-922.2
0.01376,-838.39
0.01378,-811.47
0.0138,-754.89
0.01382,-255.65
0.01384,529.26
0.01386,1149.1
0.01388,1364.3
0.0139,1110.9
0.01392,401.74
0.01394,-1187.4
0.01396,-2004.5
0.01398,-718.15
0.014,1078.6
0.01402,1331.1
0.01404,364.08
0.01406,-829.9
0.01408,-1279.9
0.0141,-333.38
0.01412,690.11
0.01414,831.03
0.01416,841.18
0.01418,533.66
0.0142,-176.19
0.01422,-1145
0.01424,-1004.2
0.01426,670.82
0.01428,972.51
0.0143,-1011.4
0.01432,-1965.4
0.01434,-927.79
0.01436,1274.7
0.01438,1883.2
0.0144,817.13
0.01442,-168.19
0.01444,779.18
0.01446,1826.2
0.01448,1207.7
0.0145,-571.26
0.01452,-757.42
0.01454,-662.06
0.01456,-850.14
0.01458,-1316.9
0.0146,-681.94
0.01462,507.63
0.01464,1444.1
0.01466,1511.1
0.01468,86.188
0.0147,-1068.9
0.01472,59.117
0.01474,937.71
0.01476,364.3
0.01478,1060.7
0.0148,1948
0.01482,998.93
0.01484,-1130.8
0.01486,-2754.6
0.01488,-2073.4
0.0149,-94.425
0.01492,737.66
0.01494,996.37
0.01496,1691.9
0.01498,1876.2
0.015,266.04
0.01502,-1502
0.01504,-1114.6
0.01506,905.03
0.01508,1677
0.0151,231.88
0.01512,-1783.1
0.01514,-2644.3
0.01516,-1610.7
0.01518,-277.17
0.0152,287.39
0.01522,-189.28
0.01524,255.46
0.01526,1943.6
0.01528,2940.2
0.0153,1234.2
0.01532,-1644.9
0.01534,-2278.2
0.01536,-598.7
0.01538,728.11
0.0154,372.93
0.01542,-468.42
0.01544,-1129.6
0.01546,-707.11
0.01548,331.88
0.0155,968.1
0.01552,276.26
0.01554,-367.61
0.01556,111.4
0.01558,-35.114
0.0156,-1387.7
0.01562,-1954.4
0.01564,295.53
0.01566,2265.6
0.01568,1132.3
0.0157,-1176.9
0.01572,-1498
0.01574,-65.577
0.01576,640.83
0.01578,335.89
0.0158,928.94
0.01582,1225.4
0.01584,385.9
0.01586,-833.78
0.01588,-1224.2
0.0159,-768.67
0.01592,-693.07
0.01594,-754.38
0.01596,-65.661
0.01598,869.66
0.016,747.1
0.01602,641.34
0.01604,1226.4
0.01606,679.32
0.01608,-898.75
0.0161,-1205.4
0.01612,356
0.01614,1466
0.01616,405.43
0.01618,-2003.1
0.0162,-1790.4
0.01622,650.71
0.01624,1354.9
0.01626,-534.05
0.01628,-1231.3
0.0163,309.9
0.01632,1816
0.01634,1137.4
0.01636,-886.46
0.01638,-1152.1
0.0164,362.56
0.01642,1117
0.01644,-275.46
0.01646,-1538.3
0.01648,-1590.9
0.0165,603.63
0.01652,2800.7
0.01654,2603.4
0.01656,-969.8
0.01658,-2729.7
0.0166,-24.989
0.01662,2077.6
0.01664,153.49
0.01666,-2732.3
0.01668,-2216.7
0.0167,996.26
0.01672,2647
0.01674,1013.5
0.01676,-1562.8
0.01678,-2420.6
0.0168,-1324.2
0.01682,535.89
0.01684,2487.2
0.01686,3153.8
0.01688,1548.4
0.0169,-843.53
0.01692,-2419.3
0.01694,-2123.4
0.01696,-212.99
0.01698,1280.6
0.017,909.16
0.01702,-864.51
0.01704,-1610.4
0.01706,-1270
0.01708,-547.16
0.0171,921.92
0.01712,1297.4
0.01714,659.51
0.01716,676.01
0.01718,1360.9
0.0172,1042.7
0.01722,-145.96
0.01724,-1222.2
0.01726,-1727.4
0.01728,-982.15
0.0173,599.93
0.01732,1470.4
0.01734,264.17
0.01736,-1442.9
0.01738,-1524.8
0.0174,-285.63
0.01742,1105.7
0.01744,2081.9
0.01746,1660.9
0.01748,-549.04
0.0175,-2212.5
0.01752,-644.21
0.01754,1236.9
0.01756,831.18
0.01758,-1182.5
0.0176,-2046.1
0.01762,-1032.5
0.01764,996.46
0.01766,2271.7
0.01768,1263.5
0.0177,-194
0.01772,-671.79
0.01774,-236.09
0.01776,413.83
0.01778,711.77
0.0178,361.52
0.01782,-255.14
0.01784,-338.85
0.01786,-276.96
0.01788,-1079.1
0.0179,-1199.2
0.01792,465.57
0.01794,1935.1
0.01796,1121.8
0.01798,-1294
0.018,-2322.3
0.01802,-824.89
0.01804,1561.8
0.01806,2489.7
0.01808,1207.9
0.0181,-1070.9
0.01812,-1952.4
0.01814,-970.66
0.01816,1070.5
0.01818,1718.5
0.0182,89.88
0.01822,-1816.3
0.01824,-2270.1
0.01826,-1426.3
0.01828,-221.23
0.0183,155.3
0.01832,647.88
0.01834,931.52
0.01836,1165.4
0.01838,836.93
0.0184,95.327
0.01842,-34.591
0.01844,198.66
0.01846,-189.59
0.01848,-913.75
0.0185,-1096.8
0.01852,-642.74
0.01854,26.022
0.01856,89.727
0.01858,-68.112
0.0186,390.71
0.01862,1045.6
0.01864,1096.1
0.01866,-356.6
0.01868,-2665
0.0187,-1285.4
0.01872,3551.4
0.01874,4847.9
0.01876,671.44
0.01878,-3952.2
0.0188,-4202.1
0.01882,-545.33
0.01884,2466.6
0.01886,2354.7
0.01888,291.94
0.0189,-2065.3
0.01892,-2301.1
0.01894,-45.965
0.01896,2628.7
0.01898,2526
0.019,163.09
0.01902,-1902.9
0.01904,-1940.6
0.01906,-124.79
0.01908,2048
0.0191,1349.2
0.01912,-1446.7
0.01914,-3089.6
0.01916,-1818
0.01918,481.07
0.0192,1378.6
0.01922,1323.2
0.01924,803.65
0.01926,338.04
0.01928,-482.46
0.0193,-1099.3
0.01932,58.019
0.01934,1625.7
0.01936,992.23
0.01938,-1288.4
0.0194,-2602.3
0.01942,-1083.9
0.01944,1078.4
0.01946,1583.3
0.01948,502.67
0.0195,-632.79
0.01952,-705.92
0.01954,-222.74
0.01956,491.01
0.01958,1524.6
0.0196,1075.2
0.01962,-664.92
0.01964,-1394.7
0.01966,-57.504
0.01968,1050.9
0.0197,1175.4
0.01972,-403.74
0.01974,-2133.2
0.01976,-2264.6
0.01978,374.44
0.0198,2982.7
0.01982,2235
0.01984,-139.84
0.01986,-1260.2
0.01988,-68.821
0.0199,950.61
0.01992,274.78
0.01994,-866.9
0.01996,-1431.9
0.01998,-1047.4
0.02,-305.46
0.02002,750.4
0.02004,1545.1
0.02006,1266.9
0.02008,-832.13
0.0201,-2010.2
0.02012,-785.4
0.02014,1367.5
0.02016,1214.2
0.02018,-484.64
0.0202,-491.21
0.02022,943.24
0.02024,1488.9
0.02026,341.98
0.02028,-716.64
0.0203,-1487.4
0.02032,-1554.8
0.02034,-370.98
0.02036,345.47
0.02038,124.39
0.0204,20.335
0.02042,494.81
0.02044,936.43
0.02046,311.57
0.02048,429.17
0.0205,480.83
0.02052,-359.71
0.02054,-147.57
0.02056,626.33
0.02058,714.31
0.0206,30.226
0.02062,-776.56
0.02064,-913.5
0.02066,-553.85
0.02068,48.709
0.0207,736.7
0.02072,680.57
0.02074,226.37
0.02076,-570.67
0.02078,-707.31
0.0208,1411.4
0.02082,3098.7
0.02084,453.85
0.02086,-2783.7
0.02088,-1747.9
0.0209,2278.3
0.02092,2700.5
0.02094,-223.62
0.02096,-2597.1
0.02098,-2410.9
0.021,-460.89
0.02102,1913.3
0.02104,3325.1
0.02106,1386
0.02108,-2131.4
0.0211,-3450.4
0.02112,-1662.1
0.02114,977.23
0.02116,2603.7
0.02118,1914.9
0.0212,-149.63
0.02122,-1316.4
0.02124,-1254.9
0.02126,-949.8
0.02128,65.123
0.0213,805.02
0.02132,903.06
0.02134,364.53
0.02136,-967.37
0.02138,-1848.2
0.0214,-504.46
0.02142,1468.4
0.02144,1860.7
0.02146,69.742
0.02148,-1138
0.0215,618.92
0.02152,2207.1
0.02154,845.38
0.02156,-2014.8
0.02158,-2642.9
0.0216,-298.04
0.02162,1593.7
0.02164,1653.8
0.02166,820.17
0.02168,-238.7
0.0217,-908.69
0.02172,7.0658
0.02174,1417.3
0.02176,1111
0.02178,-1433.3
0.0218,-3150.2
0.02182,-1457.6
0.02184,1002.1
0.02186,1221.3
0.02188,-83.358
0.0219,-444.94
0.02192,-105.52
0.02194,-300.39
0.02196,-280.81
0.02198,942.77
0.022,1947.5
0.02202,1083.9
0.02204,-925.97
0.02206,-1143.1
0.02208,-113.66
0.0221,171.28
0.02212,-607
0.02214,-594.45
0.02216,365.34
0.02218,-65.877
0.0222,-1255.8
0.02222,-766.76
0.02224,1249.1
0.02226,2026.5
0.02228,564.67
0.0223,-709.89
0.02232,-246.09
0.02234,777.1
0.02236,-1.2356
0.02238,-1051.1
0.0224,-894.09
0.02242,516.33
0.02244,1148.2
0.02246,349.84
0.02248,-687.89
0.0225,-1001
0.02252,-535.75
0.02254,616.7
0.02256,2094
0.02258,2039.1
0.0226,-177.93
0.02262,-2002.2
0.02264,-2361.1
0.02266,-515.84
0.02268,2095.4
0.0227,2754.5
0.02272,653.44
0.02274,-1832.5
0.02276,-2375.8
0.02278,-825.43
0.0228,785.64
0.02282,1769.7
0.02284,2260.8
0.02286,927.38
0.02288,-1829.4
0.0229,-2409.6
0.02292,-118.67
0.02294,1690.7
0.02296,1312.9
0.02298,-58.203
0.023,-1079.4
0.02302,-1274.7
0.02304,-896.82
0.02306,-39.322
0.02308,432.64
0.0231,384.41
0.02312,64.897
0.02314,28.531
0.02316,36.261
0.02318,-234.16
0.0232,-525.52
0.02322,-62.72
0.02324,199.33
0.02326,-241.38
0.02328,-304
0.0233,363.6
0.02332,804.06
0.02334,-77.627
0.02336,-1311.4
0.02338,-1631.3
0.0234,-897.29
0.02342,-240.74
0.02344,779.2
0.02346,1948.4
0.02348,2318.1
0.0235,915.39
0.02352,-966.11
0.02354,-1440.2
0.02356,-79.221
0.02358,598.92
0.0236,-389.37
0.02362,-1046.6
0.02364,819.65
0.02366,2671.6
0.02368,572.07
0.0237,-3776.3
0.02372,-3816.7
0.02374,1341.9
0.02376,4917
0.02378,2685.6
0.0238,-1331.5
0.02382,-2042
0.02384,-151.84
0.02386,620.67
0.02388,-93.176
0.0239,-256.62
0.02392,508.76
0.02394,394.05
0.02396,-595.06
0.02398,-1250.5
0.024,159.52
0.02402,1520.2
0.02404,933.32
0.02406,-496
0.02408,-758.24
0.0241,-279.02
0.02412,129.83
0.02414,389.95
0.02416,665.47
0.02418,821.12
0.0242,200.64
0.02422,-754.22
0.02424,-1489.3
0.02426,-1426.3
0.02428,-391.74
0.0243,700.79
0.02432,922.19
0.02434,347.79
0.02436,54.59
0.02438,399.43
0.0244,398.5
0.02442,172.81
0.02444,71.714
0.02446,439.05
0.02448,816.98
0.0245,646.27
0.02452,-183.82
0.02454,-751.33
0.02456,-808
0.02458,-1089.1
0.0246,-934.46
0.02462,114.15
0.02464,855.69
0.02466,68.169
0.02468,-440.81
0.0247,449.3
0.02472,2186.3
0.02474,2561.4
0.02476,215.51
0.02478,-2038.6
0.0248,-1986.9
0.02482,0.95813
0.02484,613
0.02486,-452.16
0.02488,10.112
0.0249,1342.7
0.02492,323.51
0.02494,-2160.2
0.02496,-1711.5
0.02498,590.11
0.025,1443.7
0.02502,84.012
0.02504,-609.98
0.02506,556
0.02508,615.91
0.0251,-931.36
0.02512,-483.28
0.02514,1952.7
0.02516,1637.6
0.02518,-2121.3
0.0252,-3854.3
0.02522,-931.31
0.02524,2780.1
0.02526,2534.6
0.02528,-20.561
0.0253,-1464.3
0.02532,-694.3
0.02534,516.36
0.02536,1082.6
0.02538,1221.7
0.0254,757.55
0.02542,-302.92
0.02544,-810.98
0.02546,-666.29
0.02548,-627.12
0.0255,-309.92
0.02552,680.18
0.02554,710.53
0.02556,-621.17
0.02558,-1225.5
0.0256,57.447
0.02562,1463.7
0.02564,1336
0.02566,159.6
0.02568,-365.22
0.0257,-762.28
0.02572,-741.4
0.02574,-205.69
0.02576,634.2
0.02578,1744.4
0.0258,1434.6
0.02582,-343.09
0.02584,-1700.7
0.02586,-1303.8
0.02588,94.337
0.0259,1098.1
0.02592,1021.6
0.02594,-538.81
0.02596,-1940
0.02598,-973.59
0.026,1510.1
0.02602,2384.3
0.02604,720.96
0.02606,-1041.5
0.02608,-1885.8
0.0261,-1411.2
0.02612,-208.37
0.02614,1313.5
0.02616,1606.5
0.02618,589.34
0.0262,-1058.6
0.02622,-1423.7
0.02624,-271.57
0.02626,554.9
0.02628,392.03
0.0263,-85.114
0.02632,124.12
0.02634,733.5
0.02636,1098.6
0.02638,188.06
0.0264,-1394.5
0.02642,-1820.8
0.02644,-393.93
0.02646,974.35
0.02648,600.08
0.0265,-950.74
0.02652,-1238.5
0.02654,51.945
0.02656,1539.8
0.02658,1338.3
0.0266,-944.29
0.02662,-2038.4
0.02664,-387.1
0.02666,2050.8
0.02668,2520.7
0.0267,525.8
0.02672,-2425.6
0.02674,-2976.3
0.02676,-190.11
0.02678,2077.8
0.0268,1894.3
0.02682,183.2
0.02684,-706.06
0.02686,-425.09
0.02688,-189.58
0.0269,-153.94
0.02692,58.89
0.02694,357.38
0.02696,-24.981
0.02698,-439.59
0.027,-564.75
0.02702,-296
0.02704,497.72
0.02706,1220.8
0.02708,801.73
0.0271,-441.65
0.02712,-1316.7
0.02714,-786.26
0.02716,677.1
0.02718,1873.6
0.0272,1870.7
0.02722,410.54
0.02724,-1785.1
0.02726,-2535.1
0.02728,-1305.8
0.0273,382.82
0.02732,1103.4
0.02734,1005.9
0.02736,227.54
0.02738,-863.77
0.0274,-587.94
0.02742,521.43
0.02744,1113.8
0.02746,283.07
0.02748,-732.1
0.0275,-439.55
0.02752,174.17
0.02754,246.99
0.02756,-570.7
0.02758,-1211.5
0.0276,-696.27
0.02762,205.95
0.02764,357.74
0.02766,564.18
0.02768,1137.3
0.0277,505.38
0.02772,-1273.9
0.02774,-1822.1
0.02776,248.11
0.02778,2356.2
0.0278,1527.6
0.02782,-450.28
0.02784,-805.22
0.02786,-516.09
0.02788,-825.37
0.0279,-305.22
0.02792,728.59
0.02794,98.477
0.02796,-1312
0.02798,-1172.7
0.028,298.17
0.02802,1550.8
0.02804,860.28
0.02806,-393.84
0.02808,-430.39
0.0281,274.92
0.02812,714.28
0.02814,-144.34
0.02816,-1002.2
0.02818,-483.83
0.0282,845.89
0.02822,423.57
0.02824,-1406.9
0.02826,-1701.2
0.02828,18.761
0.0283,635.85
0.02832,-285.53
0.02834,-185.06
0.02836,275.62
0.02838,772.01
0.0284,704.33
0.02842,360.8
0.02844,-285.15
0.02846,-371.08
0.02848,1135.4
0.0285,1717.4
0.02852,-39.211
0.02854,-2323.7
0.02856,-1911.3
0.02858,283.14
0.0286,1780.1
0.02862,929.18
0.02864,-1107.8
0.02866,-948.22
0.02868,1299.1
0.0287,2059.2
0.02872,-83.611
0.02874,-1706.6
0.02876,-966.31
0.02878,601.46
0.0288,170.07
0.02882,-608.51
0.02884,-555.51
0.02886,32.844
0.02888,921.56
0.0289,921.51
0.02892,-628.58
0.02894,-1775.4
0.02896,-745.2
0.02898,1821.7
0.029,1819.6
0.02902,-503.24
0.02904,-1289.2
0.02906,-160.04
0.02908,867.67
0.0291,1076.2
0.02912,215.31
0.02914,-1146.8
0.02916,-1262.7
0.02918,324.26
0.0292,1054
0.02922,225.21
0.02924,115.46
0.02926,800.58
0.02928,534.38
0.0293,-513.23
0.02932,-936.24
0.02934,-739.07
0.02936,-883.71
0.02938,-460.46
0.0294,913.99
0.02942,1380
0.02944,301.08
0.02946,-1648.1
0.02948,-2980.6
0.0295,-1090.7
0.02952,2863.6
0.02954,4397.8
0.02956,500.17
0.02958,-3255.8
0.0296,-1991.9
0.02962,1468.8
0.02964,1940.4
0.02966,-1704.7
0.02968,-4335
0.0297,-1920.6
0.02972,2424.2
0.02974,3009.4
0.02976,192.29
0.02978,-1189.2
0.0298,690.69
0.02982,2192.3
0.02984,857.54
0.02986,-837.01
0.02988,-932.15
0.0299,22.309
0.02992,-38.913
0.02994,-1248.7
0.02996,-1512.3
0.02998,-435.88
0.03,706.23
0.03002,912.7
0.03004,501.44
0.03006,357.18
0.03008,546.22
0.0301,837.02
0.03012,222.09
0.03014,-467.84
0.03016,19.865
0.03018,798.16
0.0302,-32.017
0.03022,-1454.9
0.03024,-1745.9
0.03026,-1013.9
0.03028,-24.443
0.0303,792.08
0.03032,1717.2
0.03034,2083.2
0.03036,1022.7
0.03038,-729.17
0.0304,-1307.4
0.03042,-1119
0.03044,-517.21
0.03046,44.989
0.03048,814.54
0.0305,1090.5
0.03052,-277.56
0.03054,-1866.1
0.03056,-1982
0.03058,-753.99
0.0306,755.45
0.03062,1636.6
0.03064,2313.6
0.03066,1410.7
0.03068,-202.33
0.0307,-1589.3
0.03072,-1528.7
0.03074,-210.03
0.03076,-25.67
0.03078,-670.67
0.0308,-815
0.03082,-105.4
0.03084,701.77
0.03086,254.79
0.03088,-477.25
0.0309,-704.51
0.03092,175.16
0.03094,1093.5
0.03096,965.4
0.03098,-437
0.031,-1637.2
0.03102,-785.76
0.03104,1321.4
0.03106,2041.2
0.03108,287.72
0.0311,-1628.8
0.03112,-1402.2
0.03114,-112.74
0.03116,116.95
0.03118,-1022.6
0.0312,-1081.4
0.03122,1410
0.03124,2708.5
0.03126,600.55
0.03128,-1093.3
0.0313,149.71
0.03132,1708.8
0.03134,528.72
0.03136,-1600.5
0.03138,-1721.6
0.0314,-545.56
0.03142,-67.178
0.03144,-491.8
0.03146,163.79
0.03148,1354.5
0.0315,895.29
0.03152,-999.25
0.03154,-1376.2
0.03156,1416.5
0.03158,4020.4
0.0316,2676
0.03162,-1143
0.03164,-2537.3
0.03166,-1370.2
0.03168,-371.74
0.0317,-283.05
0.03172,-647.09
0.03174,-931.87
0.03176,-905.25
0.03178,-9.9426
0.0318,722.28
0.03182,555.59
0.03184,247.1
0.03186,572.5
0.03188,908.77
0.0319,849.85
0.03192,-246.86
0.03194,-1058.5
0.03196,-952.19
0.03198,-267.7
0.032,18.667
0.03202,-802.05
0.03204,-1532.1
0.03206,-493.5
0.03208,1336
0.0321,1953.9
0.03212,347.15
0.03214,-1704.7
0.03216,-939.37
0.03218,1423.3
0.0322,2101.7
0.03222,571.57
0.03224,-545.25
0.03226,-770.84
0.03228,-936.99
0.0323,-961.57
0.03232,-636.05
0.03234,7.2069
0.03236,196.09
0.03238,-91.738
0.0324,158.2
0.03242,1049.1
0.03244,1579.7
0.03246,1085
0.03248,-287.32
0.0325,-1040.9
0.03252,-473.72
0.03254,575.25
0.03256,612.46
0.03258,-692.17
0.0326,-1591
0.03262,-1650
0.03264,-1348
0.03266,-1204.6
0.03268,-106.88
0.0327,1109.9
0.03272,1717.7
0.03274,1929.5
0.03276,1678.8
0.03278,323.95
0.0328,-1188.5
0.03282,-1537
0.03284,-790.08
0.03286,493.06
0.03288,1388.2
0.0329,356.47
0.03292,-1108.2
0.03294,-1066.6
0.03296,-542.13
0.03298,-793.62
0.033,-384.32
0.03302,902.11
0.03304,1696.2
0.03306,1515.4
0.03308,530.3
0.0331,-509.56
0.03312,-750.69
0.03314,69.94
0.03316,833.3
0.03318,1040.2
0.0332,61.334
0.03322,-1642.6
0.03324,-1691.5
0.03326,-106.1
0.03328,897.39
0.0333,911
0.03332,283.98
0.03334,-957.22
0.03336,-1719.1
0.03338,-77.756
0.0334,1667
0.03342,1155
0.03344,-263.16
0.03346,310.12
0.03348,889.34
0.0335,-1095
0.03352,-3255.7
0.03354,-1878.6
0.03356,1705.4
0.03358,3167.1
0.0336,733.39
0.03362,-1290.5
0.03364,-729.04
0.03366,966.66
0.03368,1082.7
0.0337,1039.8
0.03372,1042.8
0.03374,-314.45
0.03376,-2166.8
0.03378,-2302.8
0.0338,-760.04
0.03382,779.31
0.03384,1156.9
0.03386,795.07
0.03388,336.04
0.0339,167.02
0.03392,837.82
0.03394,917.83
0.03396,128.59
0.03398,-546.8
0.034,-1224.8
0.03402,-1628.3
0.03404,-1108.1
0.03406,894.53
0.03408,2924.8
0.0341,2266.7
0.03412,-348.78
0.03414,-2046.1
0.03416,-1220.2
0.03418,493.36
0.0342,1618.5
0.03422,1955.9
0.03424,1629.3
0.03426,-335.05
0.03428,-2222.2
0.0343,-1595.8
0.03432,-352.87
0.03434,360.26
0.03436,948.99
0.03438,1072.4
0.0344,163.61
0.03442,-1498.5
0.03444,-1839
0.03446,-335.82
0.03448,620.18
0.0345,-99.459
0.03452,-770.91
0.03454,-231.12
0.03456,850.02
0.03458,1434
0.0346,566.09
0.03462,-1023.9
0.03464,-1195.1
0.03466,585.05
0.03468,2351.4
0.0347,2284.6
0.03472,-321.63
0.03474,-2705.9
0.03476,-2204.4
0.03478,215.54
0.0348,1835.6
0.03482,1850.1
0.03484,449.54
0.03486,-1642.4
0.03488,-2005.8
0.0349,-336.67
0.03492,1873.1
0.03494,2270.1
0.03496,53.577
0.03498,-2355.7
0.035,-2932
0.03502,-1063
0.03504,952.83
0.03506,1486
0.03508,1151.6
0.0351,-610.37
0.03512,-1437.8
0.03514,-317.46
0.03516,1009.8
0.03518,729.59
0.0352,-642.67
0.03522,-968.61
0.03524,817.21
0.03526,1903.4
0.03528,631.66
0.0353,-1262.3
0.03532,-676.3
0.03534,702.96
0.03536,274.11
0.03538,-1000.1
0.0354,-627.92
0.03542,587.89
0.03544,165.25
0.03546,-1015.6
0.03548,-1083.7
0.0355,-54.327
0.03552,921.57
0.03554,754.53
0.03556,-401.73
0.03558,-1330.4
0.0356,-191.33
0.03562,1324.7
0.03564,1811.5
0.03566,1425.3
0.03568,147.58
0.0357,-299.56
0.03572,-137.56
0.03574,-448.43
0.03576,-877.43
0.03578,-1006.7
0.0358,-641.48
0.03582,121.72
0.03584,1001.1
0.03586,968.11
0.03588,151.65
0.0359,-592.34
0.03592,-582.74
0.03594,306.66
0.03596,706.44
0.03598,179.51
0.036,-135.33
0.03602,433.52
0.03604,945.57
0.03606,624.21
0.03608,-251.26
0.0361,-137.39
0.03612,87.2
0.03614,-26.701
0.03616,3.1053
0.03618,-208.2
0.0362,-383.61
0.03622,238.73
0.03624,1142.3
0.03626,858.01
0.03628,-569.54
0.0363,-745.04
0.03632,301.12
0.03634,323.85
0.03636,13.051
0.03638,222.69
0.0364,103.15
0.03642,-237.62
0.03644,19.835
0.03646,821.52
0.03648,537.7
0.0365,-1038.2
0.03652,-2127.8
0.03654,-701.5
0.03656,1665.9
0.03658,1900.3
0.0366,-80.44
0.03662,-1946.9
0.03664,-1169.4
0.03666,1397.6
0.03668,2250.3
0.0367,691.43
0.03672,-662.27
0.03674,-621.7
0.03676,65.362
0.03678,419.51
0.0368,71.555
0.03682,-940.87
0.03684,-1586.8
0.03686,-1.884
0.03688,1775.6
0.0369,1336.7
0.03692,-1111.8
0.03694,-2138.4
0.03696,40.699
0.03698,2300
0.037,1582.4
0.03702,-1567.9
0.03704,-3045.2
0.03706,-174.36
0.03708,2914.1
0.0371,1764.9
0.03712,-1407.3
0.03714,-1730.2
0.03716,532.47
0.03718,1306.6
0.0372,691.34
0.03722,710.88
0.03724,538.34
0.03726,327.92
0.03728,272.28
0.0373,-501.26
0.03732,-1718.4
0.03734,-1628.6
0.03736,-65.651
0.03738,937.52
0.0374,297.16
0.03742,-1385.1
0.03744,-1639.2
0.03746,638.15
0.03748,2775.6
0.0375,1628.9
0.03752,-1437
0.03754,-2550.3
0.03756,-655.28
0.03758,967.04
0.0376,496.21
0.03762,11.514
0.03764,161.68
0.03766,-651.46
0.03768,-1375.5
0.0377,66.306
0.03772,2352.9
0.03774,2892.2
0.03776,1297.4
0.03778,21.33
0.0378,-818.04
0.03782,-1860.4
0.03784,-1784.7
0.03786,530.94
0.03788,1403.9
0.0379,-420.98
0.03792,-1522.3
0.03794,-46.159
0.03796,1936.5
0.03798,1192.3
0.038,-1026.5
0.03802,-810.04
0.03804,1476.5
0.03806,2141.2
0.03808,-324.4
0.0381,-2927.6
0.03812,-2202.2
0.03814,438.72
0.03816,1389.2
0.03818,562.96
0.0382,-1163.1
0.03822,-1385.4
0.03824,1025.9
0.03826,3528.7
0.03828,2469.4
0.0383,-1318.4
0.03832,-3079.8
0.03834,-1345.2
0.03836,1000.1
0.03838,1171.4
0.0384,-399.43
0.03842,-1370.7
0.03844,-1054.9
0.03846,334.64
0.03848,1438.6
0.0385,1056.9
0.03852,-293.64
0.03854,-895.02
0.03856,31.341
0.03858,822.94
0.0386,-231.9
0.03862,-1149
0.03864,-512.79
0.03866,229.13
0.03868,-299.25
0.0387,-969.71
0.03872,-258.38
0.03874,1043.6
0.03876,1144.4
0.03878,-495.55
0.0388,-1479.3
0.03882,-196.42
0.03884,1833.8
0.03886,2065.4
0.03888,357.34
0.0389,-979.13
0.03892,-1581.7
0.03894,-1240.6
0.03896,-166.83
0.03898,1119
0.039,1162.2
0.03902,44.591
0.03904,-1405.2
0.03906,-2017.9
0.03908,-836.31
0.0391,1382.7
0.03912,2519.1
0.03914,1072.9
0.03916,-1840.8
0.03918,-3016.5
0.0392,-816.13
0.03922,2727.8
0.03924,3362.7
0.03926,825.44
0.03928,-2814.4
0.0393,-3661.4
0.03932,-1360.7
0.03934,1635.9
0.03936,1718.1
0.03938,-251.69
0.0394,-558.52
0.03942,495.35
0.03944,581.72
0.03946,-288.34
0.03948,-323.68
0.0395,1036.5
0.03952,1145.3
0.03954,-402.82
0.03956,-1425.3
0.03958,-269.06
0.0396,239.28
0.03962,-1428.5
0.03964,-2139.6
0.03966,252.39
0.03968,3113.9
0.0397,2959.2
0.03972,623.39
0.03974,-1799.8
0.03976,-2222.5
0.03978,-1231.9
0.0398,18.062
0.03982,958.61
0.03984,955.12
0.03986,-464.2
0.03988,-950.43
0.0399,138.31
0.03992,1113.4
0.03994,1229.1
0.03996,709.24
0.03998,-110.78
0.04,-509.21
0.04002,-565.93
0.04004,-308.32
0.04006,-62.996
0.04008,-103.79
0.0401,-831.26
0.04012,-132.99
0.04014,1557.5
0.04016,1068.1
0.04018,-718.85
0.0402,-623.9
0.04022,893.37
0.04024,429.38
0.04026,-1639.8
0.04028,-2497.4
0.0403,-483.94
0.04032,1651.2
0.04034,1270.1
0.04036,-972.11
0.04038,-2156.9
0.0404,-343.13
0.04042,2033.5
0.04044,2153.2
0.04046,56.612
0.04048,-2260.2
0.0405,-2089.7
0.04052,-547.6
0.04054,369.14
0.04056,1846.3
0.04058,3238.1
0.0406,2162
0.04062,-1635.8
0.04064,-3045.8
0.04066,-450.99
0.04068,2046.8
0.0407,1090.3
0.04072,-2212
0.04074,-3451.7
0.04076,274.02
0.04078,4247.7
0.0408,3443.5
0.04082,-753.86
0.04084,-2923.4
0.04086,-1193.3
0.04088,1347.5
0.0409,2084.3
0.04092,560.91
0.04094,-1370.4
0.04096,-1228.5
0.04098,385.15
0.041,1203.3
0.04102,867.86
0.04104,-55.374
0.04106,-717.5
0.04108,-1840.1
0.0411,-1663.1
0.04112,675.01
0.04114,2321.8
0.04116,1534.6
0.04118,385.86
0.0412,-786.86
0.04122,-807.68
0.04124,-169.26
0.04126,451.52
0.04128,257.12
0.0413,-1142.7
0.04132,-1856.9
0.04134,-723.93
0.04136,432.34
0.04138,2281
0.0414,3289.5
0.04142,938.47
0.04144,-2374.8
0.04146,-1989.9
0.04148,1371
0.0415,2608.4
0.04152,722.3
0.04154,-1795.8
0.04156,-2244.6
0.04158,-682.39
0.0416,1472.7
0.04162,2124.7
0.04164,675.63
0.04166,-1194.8
0.04168,-1341.1
0.0417,125.86
0.04172,1865.1
0.04174,1910.1
0.04176,-560.57
0.04178,-2374.6
0.0418,-1102.6
0.04182,1462.9
0.04184,2104
0.04186,362.31
0.04188,-1892.5
0.0419,-1632.2
0.04192,727.82
0.04194,1335.2
0.04196,26.243
0.04198,-1079.3
0.042,-29.916
0.04202,990.37
0.04204,385.5
0.04206,-1409.1
0.04208,-1167.6
0.0421,1172.7
0.04212,2307.2
0.04214,483.89
0.04216,-1319.9
0.04218,-919.85
0.0422,-460.27
0.04222,-519
0.04224,849.35
0.04226,1565.3
0.04228,306.15
0.0423,-1516.7
0.04232,-1896
0.04234,57.843
0.04236,2025
0.04238,1505.2
0.0424,-585.71
0.04242,-1769.1
0.04244,-566.1
0.04246,960.44
0.04248,483.04
0.0425,-1104.1
0.04252,-480.72
0.04254,1314.4
0.04256,1189.6
0.04258,-732.77
0.0426,-869.54
0.04262,89.195
0.04264,-611.98
0.04266,-1515.1
0.04268,-150.45
0.0427,1908.7
0.04272,2513
0.04274,748.64
0.04276,-1590.8
0.04278,-1821.6
0.0428,328.23
0.04282,1751.7
0.04284,870.76
0.04286,-1109.7
0.04288,-2104.6
0.0429,-1178.5
0.04292,979.74
0.04294,1899.8
0.04296,245.43
0.04298,-1544.3
0.043,-1521.3
0.04302,1098.8
0.04304,2614.7
0.04306,1134
0.04308,-1801.9
0.0431,-2564.4
0.04312,-779.47
0.04314,1073.8
0.04316,1501.8
0.04318,527.02
0.0432,-601.03
0.04322,-1117
0.04324,-767.45
0.04326,312.19
0.04328,1399.8
0.0433,1173.1
0.04332,-198.74
0.04334,-980.66
0.04336,-348.39
0.04338,885.3
0.0434,1132.7
0.04342,-64.884
0.04344,-830.25
0.04346,-244.9
0.04348,60.224
0.0435,-536.72
0.04352,-677.1
0.04354,-154.66
0.04356,445.16
0.04358,-69.307
0.0436,-1259.9
0.04362,-1010
0.04364,1073.5
0.04366,1922.3
0.04368,254.63
0.0437,-1029.5
0.04372,172.36
0.04374,881.55
0.04376,-896.01
0.04378,-1846.4
0.0438,-38.63
0.04382,1939.8
0.04384,585.2
0.04386,-1998.8
0.04388,-2554.3
0.0439,-73.391
0.04392,2754.6
0.04394,2983.9
0.04396,583.79
0.04398,-2527.2
0.044,-2795.8
0.04402,50.177
0.04404,2575.3
0.04406,1578.5
0.04408,-962.13
0.0441,-1781.4
0.04412,-386.93
0.04414,2032.4
0.04416,2733.1
0.04418,1081.3
0.0442,-1149.9
0.04422,-1888.8
0.04424,-493.28
0.04426,1042
0.04428,1071.6
0.0443,-443.44
0.04432,-1877
0.04434,-1997.9
0.04436,-158.89
0.04438,2546.4
0.0444,2745.2
0.04442,-588.36
0.04444,-3782.5
0.04446,-2637.7
0.04448,1967.7
0.0445,4183.1
0.04452,2072.3
0.04454,-1292.9
0.04456,-1914.1
0.04458,-754.89
0.0446,-395.48
0.04462,-507.05
0.04464,313.35
0.04466,1654.2
0.04468,1970
0.0447,382.07
0.04472,-1521.3
0.04474,-2129.3
0.04476,-653.68
0.04478,838.2
0.0448,302.38
0.04482,-284.38
0.04484,-55.882
0.04486,-34.323
0.04488,-636.66
0.0449,1.122
0.04492,986.97
0.04494,1014.5
0.04496,868.72
0.04498,539
0.045,-36.651
0.04502,-584.53
0.04504,-344.88
0.04506,834.48
0.04508,1178.6
0.0451,-399.47
0.04512,-2151.5
0.04514,-1834.6
0.04516,-52.815
0.04518,1498.6
0.0452,2131.3
0.04522,1775.4
0.04524,-199.16
0.04526,-2798.5
0.04528,-3045
0.0453,194.94
0.04532,2369.8
0.04534,358.53
0.04536,-2433.7
0.04538,-2233.6
0.0454,-102.29
0.04542,1834.3
0.04544,2301
0.04546,1436.3
0.04548,-353.64
0.0455,-1084.8
0.04552,54.262
0.04554,1920.8
0.04556,1559.6
0.04558,-1913
0.0456,-4184.4
0.04562,-2311.5
0.04564,1381.8
0.04566,3118.3
0.04568,2130
0.0457,122.9
0.04572,-1476.5
0.04574,-2442.3
0.04576,-931.97
0.04578,2238.7
0.0458,3516.2
0.04582,503.84
0.04584,-2577.9
0.04586,-1800.7
0.04588,749.76
0.0459,1804.2
0.04592,807.33
0.04594,-1181.7
0.04596,-2478.6
0.04598,-1578
0.046,969.18
0.04602,2377.3
0.04604,887.46
0.04606,-444.17
0.04608,370.84
0.0461,1706.2
0.04612,790.36
0.04614,-2169.3
0.04616,-3030.3
0.04618,-540.58
0.0462,2346.5
0.04622,2153.7
0.04624,-559.47
0.04626,-2112.8
0.04628,-567.08
0.0463,1906.9
0.04632,2399.8
0.04634,1076.1
0.04636,-562.57
0.04638,-1091.2
0.0464,-745.85
0.04642,-352.78
0.04644,-33.988
0.04646,-448.28
0.04648,-828.94
0.0465,-784.17
0.04652,-99.146
0.04654,158.44
0.04656,448.75
0.04658,1398.9
0.0466,1508.2
0.04662,-878.32
0.04664,-3343.5
0.04666,-1856.5
0.04668,2860.3
0.0467,4219
0.04672,-300.28
0.04674,-4507.1
0.04676,-3053.9
0.04678,1599.3
0.0468,3446.6
0.04682,1391.7
0.04684,-1721
0.04686,-1723
0.04688,746.13
0.0469,2297.7
0.04692,846.27
0.04694,-2289.5
0.04696,-3174.7
0.04698,-603.67
0.047,2120
0.04702,1934.4
0.04704,-1058
0.04706,-2577.7
0.04708,-767.71
0.0471,1674.6
0.04712,2211.5
0.04714,847.33
0.04716,-452.1
0.04718,-723.66
0.0472,-10.583
0.04722,749.3
0.04724,79.042
0.04726,-2216.9
0.04728,-3383.2
0.0473,-1261.3
0.04732,1313.3
0.04734,1845.3
0.04736,290.27
0.04738,-1243.7
0.0474,-629.04
0.04742,1710.9
0.04744,3209.8
0.04746,2251.1
0.04748,-649.46
0.0475,-2254.5
0.04752,-1524.2
0.04754,71.638
0.04756,886.43
0.04758,-513.43
0.0476,-1931.7
0.04762,-1156.1
0.04764,1009.3
0.04766,2030.5
0.04768,660.79
0.0477,-1372.5
0.04772,-1497.2
0.04774,541.87
0.04776,2473.3
0.04778,2281.5
0.0478,-225.28
0.04782,-2279
0.04784,-1586.6
0.04786,613.57
0.04788,2078.3
0.0479,521.82
0.04792,-2849.9
0.04794,-3396.7
0.04796,65.559
0.04798,2942.6
0.048,2078.2
0.04802,-723.33
0.04804,-1843.5
0.04806,338.88
0.04808,2764.4
0.0481,2053
0.04812,-649.8
0.04814,-2658.4
0.04816,-1645.1
0.04818,706.77
0.0482,1215.4
0.04822,-325.08
0.04824,-2196.6
0.04826,-2172.4
0.04828,-220.54
0.0483,1940.4
0.04832,2558.7
0.04834,1290.9
0.04836,-229.73
0.04838,-484.14
0.0484,203.08
0.04842,775.76
0.04844,348.75
0.04846,-709.1
0.04848,-1324.9
0.0485,-1122.6
0.04852,-793.86
0.04854,-937.2
0.04856,-524.83
0.04858,799.54
0.0486,1965.2
0.04862,1779.3
0.04864,-76.272
0.04866,-1639.1
0.04868,-591.64
0.0487,1253
0.04872,1365.1
0.04874,-816.39
0.04876,-2591.1
0.04878,-1844.4
0.0488,470.69
0.04882,2403
0.04884,1849
0.04886,111.25
0.04888,-239.76
0.0489,-461.12
0.04892,-1518.6
0.04894,-1882
0.04896,-32.3
0.04898,1664.9
0.049,1201.8
0.04902,-953.42
0.04904,-1805
0.04906,-4.9498
0.04908,2300.9
0.0491,2047.8
0.04912,-378.66
0.04914,-1950.7
0.04916,-1632.9
0.04918,-24.406
0.0492,484.92
0.04922,766.45
0.04924,1487.6
0.04926,311.52
0.04928,-1882.8
0.0493,-2060.8
0.04932,347.35
0.04934,2114.9
0.04936,592.09
0.04938,-1463.3
0.0494,-1094.2
0.04942,1009.9
0.04944,1718.1
0.04946,-114.41
0.04948,-1685.3
0.0495,-898.54
0.04952,1639.8
0.04954,2977.2
0.04956,-14.725
0.04958,-4246.7
0.0496,-3672.7
0.04962,1565.9
0.04964,5656.5
0.04966,4301.1
0.04968,-1870.3
0.0497,-5845.3
0.04972,-3582.2
0.04974,2115
0.04976,4870.4
0.04978,2192.6
0.0498,-2445.4
0.04982,-3385.7
0.04984,-770.12
0.04986,1766.1
0.04988,1547.8
0.0499,-800.32
0.04992,-1476
0.04994,460.29
0.04996,2217.9
0.04998,1567.3
0.05,-618.98
0.05002,-2037.3
0.05004,-1834.2
0.05006,-811.85
0.05008,816.31
0.0501,1848.7
0.05012,1204.8
0.05014,4.762
0.05016,-1039.5
0.05018,-902.56
0.0502,379.31
0.05022,945.71
0.05024,400.52
0.05026,-267.64
0.05028,-751.35
0.0503,-993.16
0.05032,-545.42
0.05034,-311.99
0.05036,-154.38
0.05038,572.96
0.0504,1239.1
0.05042,1184.9
0.05044,69.305
0.05046,-1103
0.05048,-730.6
0.0505,789.17
0.05052,1544.4
0.05054,223.6
0.05056,-1125.2
0.05058,-1057.8
0.0506,-609.05
0.05062,-923.4
0.05064,-1189.4
0.05066,-101.04
0.05068,1372.8
0.0507,2342.8
0.05072,1817.6
0.05074,128.94
0.05076,-855.7
0.05078,-916.71
0.0508,-745.38
0.05082,-802.11
0.05084,122.5
0.05086,845.12
0.05088,448.64
0.0509,-791.38
0.05092,-1238.4
0.05094,112.14
0.05096,1206.8
0.05098,1346
0.051,1119.3
0.05102,810.32
0.05104,2.689
0.05106,-941.17
0.05108,-1508.2
0.0511,-1244.2
0.05112,-459.28
0.05114,611.62
0.05116,804.79
0.05118,-96.249
0.0512,-976.89
0.05122,-997.14
0.05124,-214.78
0.05126,472.28
0.05128,270.6
0.0513,-408.68
0.05132,-385.39
0.05134,915.89
0.05136,2587
0.05138,1941.3
0.0514,-454.62
0.05142,-2013.3
0.05144,-1731.7
0.05146,-538.67
0.05148,223.85
0.0515,-112.01
0.05152,-917.97
0.05154,-494.16
0.05156,890.43
0.05158,1929.4
0.0516,2115.1
0.05162,805.38
0.05164,-1154.1
0.05166,-2202.9
0.05168,-1101.4
0.0517,656.54
0.05172,1691.7
0.05174,939.11
0.05176,-772.71
0.05178,-772.26
0.0518,204.12
0.05182,193.68
0.05184,-276.12
0.05186,184.74
0.05188,204.52
0.0519,-221.58
0.05192,-244.87
0.05194,1074.6
0.05196,2354
0.05198,1050.2
0.052,-1765.1
0.05202,-3553.4
0.05204,-2216.8
0.05206,778.94
0.05208,2223.4
0.0521,729.45
0.05212,-1492
0.05214,-1265.3
0.05216,723.9
0.05218,1952.2
0.0522,878.49
0.05222,-909.96
0.05224,-1183.4
0.05226,-333.03
0.05228,332.38
0.0523,127.37
0.05232,-397.04
0.05234,-634.15
0.05236,-428.34
0.05238,622.77
0.0524,2055.7
0.05242,2154.4
0.05244,876.43
0.05246,-642.68
0.05248,-1714.4
0.0525,-2291.8
0.05252,-1623.4
0.05254,343.04
0.05256,1970.7
0.05258,1601.5
0.0526,-147.03
0.05262,-887.63
0.05264,-679
0.05266,-150.17
0.05268,31.489
0.0527,393.38
0.05272,662.91
0.05274,1016.2
0.05276,642.12
0.05278,-796.1
0.0528,-1552.5
0.05282,-1056.4
0.05284,-238.09
0.05286,493.46
0.05288,723.71
0.0529,-139.33
0.05292,-1398.5
0.05294,-954.84
0.05296,550.72
0.05298,1293.6
0.053,1136.4
0.05302,446.92
0.05304,6.3289
0.05306,-28.53
0.05308,-89.518
0.0531,-461.31
0.05312,-412.13
0.05314,-161.5
0.05316,-13.767
0.05318,262.14
0.0532,212.89
0.05322,418.81
0.05324,488.77
0.05326,-634.98
0.05328,-1122.7
0.0533,-69.69
0.05332,1182.6
0.05334,706.73
0.05336,-733.43
0.05338,-1296.6
0.0534,-957.18
0.05342,-48.037
0.05344,279.94
0.05346,470.83
0.05348,322.32
0.0535,-447.66
0.05352,-535.34
0.05354,1089
0.05356,1743.7
0.05358,417.03
0.0536,-846.74
0.05362,-322.63
0.05364,438.27
0.05366,588.05
0.05368,-11.896
0.0537,-1321.1
0.05372,-1678.4
0.05374,-429.73
0.05376,942.73
0.05378,164.03
0.0538,-1826.4
0.05382,-1621.3
0.05384,1640.2
0.05386,3584.6
0.05388,1813.7
0.0539,-1785.9
0.05392,-2064.9
0.05394,292.75
0.05396,1454.9
0.05398,-3.2022
0.054,-2425.5
0.05402,-2846.3
0.05404,-506.87
0.05406,2180.1
0.05408,2538.3
0.0541,888.67
0.05412,-342.48
0.05414,-453.14
0.05416,-174.93
0.05418,246.23
0.0542,609.16
0.05422,-347.21
0.05424,-1458.1
0.05426,-1205.7
0.05428,-894.26
0.0543,-522.63
0.05432,381.21
0.05434,1195.4
0.05436,1231.9
0.05438,646.29
0.0544,-0.29545
0.05442,-767.58
0.05444,-895.39
0.05446,-506.97
0.05448,-243.55
0.0545,-269.49
0.05452,-209.96
0.05454,125.55
0.05456,85.987
0.05458,-251.2
0.0546,-431.56
0.05462,-885.45
0.05464,-901.98
0.05466,157
0.05468,1380.6
0.0547,1308.9
0.05472,269.47
0.05474,-643.08
0.05476,-715.37
0.05478,290.59
0.0548,1206.4
0.05482,651.61
0.05484,-580.23
0.05486,-1210.6
0.05488,-604.36
0.0549,431.05
0.05492,1007.1
0.05494,-136.94
0.05496,-1572
0.05498,-1386.6
0.055,-182.94
0.05502,861.87
0.05504,1770.4
0.05506,204.05
0.05508,-1728.4
0.0551,-560.03
0.05512,2338.7
0.05514,2326.1
0.05516,-994.02
0.05518,-3234
0.0552,-2019.3
0.05522,732.11
0.05524,2457.6
0.05526,1219.4
0.05528,-1128.1
0.0553,-1655.3
0.05532,-466.89
0.05534,565.5
0.05536,1127.9
0.05538,2252
0.0554,2526.2
0.05542,198.99
0.05544,-2880.6
0.05546,-2933.7
0.05548,-846.27
0.0555,1025.2
0.05552,1327.1
0.05554,-308.39
0.05556,-988.79
0.05558,-322.02
0.0556,210.29
0.05562,642.66
0.05564,869.95
0.05566,62.087
0.05568,-247.3
0.0557,824.5
0.05572,2052.2
0.05574,946.33
0.05576,-1114.1
0.05578,-1797.3
0.0558,-1174.8
0.05582,424.36
0.05584,1271.8
0.05586,-130.25
0.05588,-1796.6
0.0559,-1282.4
0.05592,861.89
0.05594,2379.5
0.05596,1985.6
0.05598,541.61
0.056,-197.79
0.05602,218.88
0.05604,409.74
0.05606,-779.14
0.05608,-1552.5
0.0561,-956.7
0.05612,-69.551
0.05614,-51.6
0.05616,-251.88
0.05618,-374.46
0.0562,-83.528
0.05622,870.2
0.05624,1656.8
0.05626,1034.8
0.05628,-810.66
0.0563,-1495.6
0.05632,675.42
0.05634,2764.7
0.05636,1171.6
0.05638,-2724.1
0.0564,-3224.9
0.05642,140.68
0.05644,2256.8
0.05646,1125.7
0.05648,-397.32
0.0565,-260.31
0.05652,-227.19
0.05654,-203.67
0.05656,622.03
0.05658,1571.5
0.0566,982.85
0.05662,-520.78
0.05664,-864.14
0.05666,350.43
0.05668,1237.8
0.0567,-322.69
0.05672,-2160.8
0.05674,-2150.3
0.05676,-274.17
0.05678,1298.4
0.0568,1563.6
0.05682,1486.9
0.05684,1325.2
0.05686,-120.23
0.05688,-1955.1
0.0569,-949.44
0.05692,1659.2
0.05694,1556.6
0.05696,-1036.1
0.05698,-2712.8
0.057,-1039.4
0.05702,1959
0.05704,1683
0.05706,-1168.4
0.05708,-1892.4
0.0571,296.59
0.05712,1360
0.05714,859.35
0.05716,391.28
0.05718,-173.88
0.0572,-983.29
0.05722,-440.22
0.05724,819.27
0.05726,898.8
0.05728,135.3
0.0573,-1262.2
0.05732,-1856.7
0.05734,-864.41
0.05736,893.55
0.05738,1169.7
0.0574,207.74
0.05742,-279.26
0.05744,309.81
0.05746,242.05
0.05748,5.7799
0.0575,347.77
0.05752,603.64
0.05754,146.1
0.05756,-113.9
0.05758,-805.6
0.0576,-1566.2
0.05762,-263.84
0.05764,1913.7
0.05766,2208.6
0.05768,850.06
0.0577,-646.09
0.05772,-1376.8
0.05774,-1150.9
0.05776,-574.26
0.05778,-415.94
0.0578,-64.627
0.05782,694.76
0.05784,847.11
0.05786,-66.967
0.05788,-1007.7
0.0579,-777.32
0.05792,321.68
0.05794,1162.6
0.05796,439.03
0.05798,-909.43
0.058,-1005.7
0.05802,958.94
0.05804,1622.6
0.05806,-117.71
0.05808,-1860.5
0.0581,-1933.1
0.05812,-843.91
0.05814,194.64
0.05816,1421.2
0.05818,2181.1
0.0582,903.92
0.05822,-1851.9
0.05824,-2849.4
0.05826,-97.876
0.05828,2762.5
0.0583,2112.2
0.05832,-1139.7
0.05834,-1949.5
0.05836,250.75
0.05838,953.51
0.0584,-1057
0.05842,-2287.3
0.05844,-388.8
0.05846,2161.3
0.05848,2134.5
0.0585,187.42
0.05852,-1145.6
0.05854,-758.93
0.05856,370.38
0.05858,829.19
0.0586,508.96
0.05862,-444.85
0.05864,-1505.1
0.05866,-1847.9
0.05868,-1063.2
0.0587,-61.293
0.05872,640.08
0.05874,1313
0.05876,1604.9
0.05878,1216.7
0.0588,-502.33
0.05882,-1784.2
0.05884,-1354.8
0.05886,138.69
0.05888,1207.7
0.0589,1084.1
0.05892,193.16
0.05894,-1032.2
0.05896,-1731.5
0.05898,-813.73
0.059,1604.2
0.05902,3176.3
0.05904,1575.1
0.05906,-1393.2
0.05908,-2127.4
0.0591,40.065
0.05912,1731.6
0.05914,717.35
0.05916,-983.44
0.05918,-1145.4
0.0592,-207.77
0.05922,-75.122
0.05924,-557.58
0.05926,-554.03
0.05928,-53.31
0.0593,325.25
0.05932,31.38
0.05934,-44.097
0.05936,983.6
0.05938,1278.4
0.0594,-305.26
0.05942,-1852.6
0.05944,-1033.2
0.05946,916.27
0.05948,1327.4
0.0595,155.2
0.05952,-928.31
0.05954,-486.96
0.05956,1176.7
0.05958,938.85
0.0596,-950.88
0.05962,-2048.9
0.05964,-532.27
0.05966,1826.2
0.05968,2079.7
0.0597,160.8
0.05972,-889.41
0.05974,-406.12
0.05976,-43.734
0.05978,-18.105
0.0598,6.2273
0.05982,-137.7
0.05984,147.08
0.05986,479.12
0.05988,296.7
0.0599,441.94
0.05992,1208.1
0.05994,1434.7
0.05996,-117.39
0.05998,-1278.5
0.06,-651.35
0.06002,98.005
0.06004,-412.48
0.06006,-867.64
0.06008,-192.52
0.0601,105.46
0.06012,-1023.5
0.06014,-1750
0.06016,-1335.4
0.06018,-109.55
0.0602,1653.1
0.06022,2781.9
0.06024,1270.5
0.06026,-990.58
0.06028,-1343.5
0.0603,452.07
0.06032,2349.5
0.06034,1529.6
0.06036,-1278.1
0.06038,-3096.9
0.0604,-2072.8
0.06042,533.49
0.06044,1782.3
0.06046,1202
0.06048,-237.48
0.0605,-1181.1
0.06052,-1588.5
0.06054,-1282.3
0.06056,596.05
0.06058,3493.3
0.0606,4461.5
0.06062,1498
0.06064,-2771.7
0.06066,-4545.1
0.06068,-2187.5
0.0607,1167.6
0.06072,1965.2
0.06074,321.86
0.06076,-1056
0.06078,-968.36
0.0608,-166.31
0.06082,-26.828
0.06084,766.01
0.06086,2097.6
0.06088,2063.7
0.0609,38.179
0.06092,-2117.7
0.06094,-2645
0.06096,-777.2
0.06098,1351
0.061,1132.6
0.06102,-693.26
0.06104,-1430.9
0.06106,-430.28
0.06108,815.04
0.0611,840.57
0.06112,278.31
0.06114,-17.971
0.06116,-145.73
0.06118,-125.97
0.0612,670.15
0.06122,1485.2
0.06124,277.02
0.06126,-1758.6
0.06128,-1878.2
0.0613,388.85
0.06132,1875.6
0.06134,636.69
0.06136,-1969.5
0.06138,-2421.6
0.0614,-19.228
0.06142,2361.4
0.06144,1532.9
0.06146,-1569.5
0.06148,-2470.7
0.0615,-464
0.06152,2021.7
0.06154,1910.5
0.06156,-38.844
0.06158,-814.81
0.0616,561.98
0.06162,978
0.06164,-1176.4
0.06166,-2676.1
0.06168,-933.72
0.0617,1982.7
0.06172,2449.9
0.06174,-40.797
0.06176,-1980.8
0.06178,-1440.2
0.0618,319.21
0.06182,1059.6
0.06184,676.86
0.06186,-151.59
0.06188,-674.48
0.0619,-599.99
0.06192,-354.19
0.06194,224.97
0.06196,568.06
0.06198,771.95
0.062,209.19
0.06202,-1052.9
0.06204,-1403.6
0.06206,-690.03
0.06208,134.72
0.0621,710.45
0.06212,536.55
0.06214,-816.58
0.06216,-1664
0.06218,248.88
0.0622,2966.6
0.06222,2843
0.06224,-580.75
0.06226,-3900.5
0.06228,-3203.1
0.0623,822.93
0.06232,3191.5
0.06234,1362.5
0.06236,-1819.7
0.06238,-1783.4
0.0624,422.09
0.06242,1631.9
0.06244,600.25
0.06246,-1602.3
0.06248,-2285.1
0.0625,-313.04
0.06252,1716.2
0.06254,1978
0.06256,444.42
0.06258,-1374.4
0.0626,-1942.1
0.06262,-1465.3
0.06264,-639.13
0.06266,-12.537
0.06268,929.38
0.0627,2028.6
0.06272,1443.9
0.06274,-436.72
0.06276,-1806
0.06278,-756.92
0.0628,1911.2
0.06282,2012.3
0.06284,-1155.7
0.06286,-3650.7
0.06288,-2387.8
0.0629,971.99
0.06292,2766.5
0.06294,1738.4
0.06296,-84.632
0.06298,-1091.3
0.063,-538.89
0.06302,555.28
0.06304,617.74
0.06306,-800.25
0.06308,-1426.2
0.0631,66.937
0.06312,1019.8
0.06314,56.685
0.06316,-1086.4
0.06318,-575.38
0.0632,860.92
0.06322,1354.1
0.06324,581.46
0.06326,-176.18
0.06328,-270.26
0.0633,-54.398
0.06332,-41.897
0.06334,-11.457
0.06336,112.22
0.06338,-830.89
0.0634,-1540.2
0.06342,-230.86
0.06344,1574.7
0.06346,986
0.06348,-1810.7
0.0635,-2297.5
0.06352,583.12
0.06354,1988.5
0.06356,100.46
0.06358,-1890.7
0.0636,-346.5
0.06362,2725.5
0.06364,2505.8
0.06366,-428.48
0.06368,-2578.5
0.0637,-3381.9
0.06372,-1782.7
0.06374,1587.1
0.06376,3530.1
0.06378,2031.5
0.0638,-1244.1
0.06382,-2176.9
0.06384,-654.68
0.06386,968.39
0.06388,1182.5
0.0639,366.3
0.06392,-578.92
0.06394,-312.85
0.06396,447.06
0.06398,1834.2
0.064,1909.6
0.06402,-783.67
0.06404,-3527
0.06406,-2632.4
0.06408,1484.3
0.0641,4051.7
0.06412,2313.9
0.06414,-2016.6
0.06416,-3576.5
0.06418,-1778
0.0642,840.19
0.06422,1376.3
0.06424,496.11
0.06426,-454.96
0.06428,-394.72
0.0643,29.391
0.06432,400.31
0.06434,695.65
0.06436,952.21
0.06438,599.07
0.0644,-358.89
0.06442,-299.34
0.06444,963.94
0.06446,1208.7
0.06448,-952.51
0.0645,-3494.9
0.06452,-2649.5
0.06454,768.63
0.06456,2860.3
0.06458,667.96
0.0646,-1892.2
0.06462,-694.3
0.06464,1541.2
0.06466,1920.4
0.06468,-193.23
0.0647,-1858.4
0.06472,-688.24
0.06474,1785.1
0.06476,2170.1
0.06478,-94.23
0.0648,-2951.9
0.06482,-2276.5
0.06484,1382.7
0.06486,3050.5
0.06488,996.04
0.0649,-205.4
0.06492,-345.69
0.06494,-335.68
0.06496,-266.02
0.06498,32.492
0.065,-8.5096
0.06502,-456.84
0.06504,-425.78
0.06506,-59.772
0.06508,-94.042
0.0651,-940.04
0.06512,-770.38
0.06514,644.22
0.06516,2182.4
0.06518,1929.2
0.0652,373.28
0.06522,-847.75
0.06524,-873.22
0.06526,79.121
0.06528,850.17
0.0653,563.78
0.06532,-647.61
0.06534,-2332.4
0.06536,-2556.8
0.06538,-453.38
0.0654,1482.1
0.06542,1787.7
0.06544,1229.2
0.06546,43.333
0.06548,-157.94
0.0655,288.43
0.06552,239.81
0.06554,-1113.5
0.06556,-1011.1
0.06558,838.37
0.0656,2086.1
0.06562,666.08
0.06564,-1829.9
0.06566,-3966.1
0.06568,-3688.4
0.0657,27.994
0.06572,4414.1
0.06574,4693.7
0.06576,89.786
0.06578,-3350.6
0.0658,-1842.6
0.06582,1377.3
0.06584,2369.2
0.06586,1189
0.06588,-94.398
0.0659,-1470.7
0.06592,-2830.6
0.06594,-2972.8
0.06596,-550.23
0.06598,2359.7
0.066,3052.3
0.06602,1875.5
0.06604,447.9
0.06606,-808.3
0.06608,-1244.4
0.0661,-716.72
0.06612,567.19
0.06614,1723.3
0.06616,1192.5
0.06618,-698.4
0.0662,-1947.9
0.06622,-1817
0.06624,-221.97
0.06626,692.33
0.06628,-29.578
0.0663,-353.17
0.06632,426.86
0.06634,834.74
0.06636,440.93
0.06638,108.06
0.0664,1235.2
0.06642,1896
0.06644,758.76
0.06646,-835.08
0.06648,-767.06
0.0665,-659.2
0.06652,-1502.6
0.06654,-1465.6
0.06656,277.91
0.06658,1478
0.0666,1070.2
0.06662,-31.211
0.06664,-516.53
0.06666,193.07
0.06668,810.71
0.0667,380.94
0.06672,15.675
0.06674,-328.74
0.06676,30.746
0.06678,561.55
0.0668,-498.63
0.06682,-2106.2
0.06684,-1136.1
0.06686,888.84
0.06688,1406.8
0.0669,78.586
0.06692,-942.12
0.06694,85.836
0.06696,1420.6
0.06698,652.81
0.067,-762.43
0.06702,-627.73
0.06704,122.37
0.06706,800.19
0.06708,576.27
0.0671,-338.47
0.06712,-321.88
0.06714,353.56
0.06716,-329.97
0.06718,-1567.9
0.0672,-1635
0.06722,432.3
0.06724,1803
0.06726,862.56
0.06728,-475.36
0.0673,114.42
0.06732,875.24
0.06734,-336.49
0.06736,-1440.8
0.06738,-1137.2
0.0674,120.39
0.06742,349.38
0.06744,-95.121
0.06746,-939.44
0.06748,-171.67
0.0675,1428.8
0.06752,1828.9
0.06754,795.66
0.06756,-1122.9
0.06758,-1245.4
0.0676,1114
0.06762,2574.8
0.06764,585.7
0.06766,-2552.9
0.06768,-3311.9
0.0677,-1076.4
0.06772,625.97
0.06774,922.69
0.06776,1298.7
0.06778,1979.2
0.0678,2025.8
0.06782,43.002
0.06784,-2465.3
0.06786,-3038.7
0.06788,-1228.2
0.0679,1169.1
0.06792,1959.4
0.06794,810.13
0.06796,-1419.5
0.06798,-2916.7
0.068,-664.92
0.06802,3691
0.06804,5032
0.06806,615.92
0.06808,-4072.2
0.0681,-3218.9
0.06812,579
0.06814,2433.1
0.06816,650.72
0.06818,-1473.7
0.0682,-2034.4
0.06822,-904.23
0.06824,1227.1
0.06826,1575.6
0.06828,193.32
0.0683,-668.61
0.06832,108.29
0.06834,1594.4
0.06836,1492.9
0.06838,-2.86
0.0684,-1191.9
0.06842,-1014.6
0.06844,-315.34
0.06846,10.77
0.06848,-378.38
0.0685,-716.54
0.06852,-460.36
0.06854,14.573
0.06856,1418.3
0.06858,1787.7
0.0686,55.341
0.06862,-813.94
0.06864,96.868
0.06866,-94.641
0.06868,-1474.2
0.0687,-1443.4
0.06872,992.9
0.06874,2239.4
0.06876,-83.011
0.06878,-2644.5
0.0688,-986.02
0.06882,2307.1
0.06884,2524.6
0.06886,120.15
0.06888,-2179.8
0.0689,-2320.9
0.06892,429.63
0.06894,2321.9
0.06896,1015.6
0.06898,-1351.2
0.069,-1454.1
0.06902,861.46
0.06904,2339.8
0.06906,678.76
0.06908,-1644.7
0.0691,-2167.8
0.06912,268.55
0.06914,2347.4
0.06916,1077.6
0.06918,-1653.5
0.0692,-2622.8
0.06922,-1257.1
0.06924,722.86
0.06926,1140
0.06928,340.67
0.0693,282.66
0.06932,1182.8
0.06934,1169.1
0.06936,136.75
0.06938,-1040.7
0.0694,-1709.9
0.06942,-1950.4
0.06944,-937
0.06946,1496.2
0.06948,2211.6
0.0695,432.69
0.06952,-690.94
0.06954,-107.01
0.06956,463.36
0.06958,484.2
0.0696,-100.59
0.06962,-943.36
0.06964,-679.06
0.06966,616.28
0.06968,1506.2
0.0697,1338.6
0.06972,-517.34
0.06974,-1413.7
0.06976,-571.3
0.06978,723.65
0.0698,415.26
0.06982,-918.45
0.06984,-1734.1
0.06986,-813.68
0.06988,582.94
0.0699,623.68
0.06992,739.35
0.06994,830.17
0.06996,411.69
0.06998,-669.11
0.07,-579.85
0.07002,375
0.07004,761.16
0.07006,76.768
0.07008,-1235.4
0.0701,-1620.7
0.07012,-329.04
0.07014,1335
0.07016,524.28
0.07018,-1207
0.0702,-966.74
0.07022,954.95
0.07024,2016.9
0.07026,1186.7
0.07028,-13.408
0.0703,-794.25
0.07032,-148.76
0.07034,684.42
0.07036,-106.63
0.07038,-1865.9
0.0704,-2248.4
0.07042,-686.39
0.07044,1013.9
0.07046,916.04
0.07048,-218.52
0.0705,-790.26
0.07052,-538.12
0.07054,338.86
0.07056,1701.4
0.07058,2157.7
0.0706,230.2
0.07062,-1719.4
0.07064,-1743.8
0.07066,-800.07
0.07068,-292.28
0.0707,146.87
0.07072,823.53
0.07074,1074.3
0.07076,455.61
0.07078,-279.76
0.0708,-118.97
0.07082,1092.4
0.07084,1660.3
0.07086,960.05
0.07088,-458.2
0.0709,-1161.5
0.07092,252.77
0.07094,2058.5
0.07096,-165.53
0.07098,-3811.1
0.071,-4176.7
0.07102,47.574
0.07104,4572.3
0.07106,3615.6
0.07108,-998.86
0.0711,-3475.7
0.07112,-994.08
0.07114,2461.9
0.07116,2715.2
0.07118,79.627
0.0712,-1754.1
0.07122,-1547.5
0.07124,-429.8
0.07126,818.24
0.07128,1391.6
0.0713,197.78
0.07132,-1803.6
0.07134,-1909.6
0.07136,526.17
0.07138,1851.9
0.0714,389.56
0.07142,-949.33
0.07144,-888.65
0.07146,400.09
0.07148,1217.4
0.0715,843.64
0.07152,-140.94
0.07154,-437.56
0.07156,-703.04
0.07158,-1052.5
0.0716,-605.3
0.07162,915.2
0.07164,1730
0.07166,1361.5
0.07168,-216.13
0.0717,-1394.4
0.07172,-1194.3
0.07174,-162.37
0.07176,1507.2
0.07178,2224.1
0.0718,1136.9
0.07182,-1050.6
0.07184,-2828.7
0.07186,-2013.5
0.07188,382.14
0.0719,1986.6
0.07192,729.48
0.07194,-1496.1
0.07196,-1773
0.07198,209.33
0.072,1626.6
0.07202,1209.8
0.07204,511.82
0.07206,-616.38
0.07208,-2102.1
0.0721,-2335.9
0.07212,-363.3
0.07214,1837.3
0.07216,1793.6
0.07218,27.762
0.0722,-1047.9
0.07222,-223.98
0.07224,847.26
0.07226,629.33
0.07228,-322.12
0.0723,-276.64
0.07232,-112.22
0.07234,-673.18
0.07236,-1347.2
0.07238,-675.99
0.0724,691.19
0.07242,1533.6
0.07244,669.36
0.07246,-1067
0.07248,-527.33
0.0725,1597.4
0.07252,1122.3
0.07254,-1200.1
0.07256,-1633.2
0.07258,-143.44
0.0726,910.21
0.07262,680.14
0.07264,283.55
0.07266,-166.16
0.07268,586.7
0.0727,1269
0.07272,442.62
0.07274,-1291
0.07276,-2136
0.07278,-845.88
0.0728,677.46
0.07282,204.48
0.07284,-918.21
0.07286,-528.45
0.07288,1365.1
0.0729,2522.9
0.07292,1126.1
0.07294,-1198.9
0.07296,-1087.8
0.07298,1061.9
0.073,1607.6
0.07302,-98.347
0.07304,-1818.4
0.07306,-1721.1
0.07308,-93.416
0.0731,255.69
0.07312,-666.64
0.07314,-1103.6
0.07316,505
0.07318,1430.2
0.0732,168.21
0.07322,221.11
0.07324,1797.1
0.07326,1820.4
0.07328,-185.44
0.0733,-2021.5
0.07332,-2008.8
0.07334,-635.41
0.07336,76.926
0.07338,-75.191
0.0734,97.787
0.07342,812.56
0.07344,829.52
0.07346,401.63
0.07348,256.94
0.0735,555.31
0.07352,331.61
0.07354,-234.64
0.07356,-390.72
0.07358,-247.63
0.0736,-778.57
0.07362,-1497.2
0.07364,-1471.9
0.07366,263.15
0.07368,2012.2
0.0737,1205.6
0.07372,-1328.4
0.07374,-1251.2
0.07376,1182.1
0.07378,1735.6
0.0738,330.78
0.07382,-900.41
0.07384,-621.83
0.07386,84.524
0.07388,-87.87
0.0739,-1389.4
0.07392,-1411.4
0.07394,460.78
0.07396,1984.8
0.07398,2053.1
0.074,295.9
0.07402,-1675.5
0.07404,-1403.4
0.07406,813.65
0.07408,2562.2
0.0741,1625
0.07412,-846.54
0.07414,-2050.8
0.07416,-923.1
0.07418,922.64
0.0742,1243.9
0.07422,141.17
0.07424,-418.98
0.07426,100.7
0.07428,1015.1
0.0743,323.61
0.07432,-1162.1
0.07434,-1928.9
0.07436,-858.21
0.07438,1484.8
0.0744,2637.4
0.07442,979.24
0.07444,-1111.1
0.07446,-1032.6
0.07448,196.6
0.0745,736.38
0.07452,-488.52
0.07454,-1835.2
0.07456,-1219.4
0.07458,752.5
0.0746,1163
0.07462,269.15
0.07464,-197.24
0.07466,-444.65
0.07468,-246.57
0.0747,98.398
0.07472,602.46
0.07474,-32.906
0.07476,-922.28
0.07478,-1072.3
0.0748,-1122.6
0.07482,-336.53
0.07484,1221.7
0.07486,1641.2
0.07488,332.45
0.0749,-307.58
0.07492,14.858
0.07494,-125.29
0.07496,106.37
0.07498,355.68
0.075,547.9
0.07502,73.324
0.07504,-690.78
0.07506,-942.46
0.07508,1.0359
0.0751,1545.2
0.07512,998.17
0.07514,-855.18
0.07516,-1157.1
0.07518,99.495
0.0752,367.03
0.07522,-435.01
0.07524,-1069.9
0.07526,-645.88
0.07528,413.97
0.0753,1260.3
0.07532,1187.7
0.07534,497.45
0.07536,-263.39
0.07538,-469.14
0.0754,-783.21
0.07542,-726.58
0.07544,474.4
0.07546,1610.9
0.07548,822.58
0.0755,-1230.6
0.07552,-2005.2
0.07554,-180.14
0.07556,2091.4
0.07558,2039.1
0.0756,-480.83
0.07562,-2889.3
0.07564,-1304.5
0.07566,2120.8
0.07568,2451.6
0.0757,-154.62
0.07572,-1690.9
0.07574,-371.65
0.07576,545.15
0.07578,-712.67
0.0758,-1987.4
0.07582,-634.75
0.07584,2011.9
0.07586,2114.1
0.07588,-452.64
0.0759,-884.42
0.07592,887.68
0.07594,1596.9
0.07596,-41.206
0.07598,-1338.5
0.076,-401.52
0.07602,1081
0.07604,473.14
0.07606,-623.91
0.07608,-461.49
0.0761,559.72
0.07612,896.63
0.07614,-443.35
0.07616,-2321
0.07618,-1543.1
0.0762,916.17
0.07622,2624.9
0.07624,1493.1
0.07626,-683.7
0.07628,-1082.4
0.0763,-148.35
0.07632,690.66
0.07634,250.16
0.07636,-622.23
0.07638,-602.12
0.0764,176.02
0.07642,532.11
0.07644,62.866
0.07646,-326.51
0.07648,-373.03
0.0765,179.47
0.07652,445.26
0.07654,259.93
0.07656,-436.44
0.07658,-1094.3
0.0766,-870.86
0.07662,476.18
0.07664,1176
0.07666,413.4
0.07668,-754.18
0.0767,-722.82
0.07672,440.93
0.07674,1083
0.07676,534.36
0.07678,-718.81
0.0768,-1198.4
0.07682,-213.63
0.07684,1299
0.07686,1568.9
0.07688,-723.87
0.0769,-3027.9
0.07692,-1061.9
0.07694,2916.3
0.07696,3348.6
0.07698,-49.4
0.077,-1959.6
0.07702,-1367.4
0.07704,-362.03
0.07706,852.08
0.07708,1509.9
0.0771,471.01
0.07712,-2066.4
0.07714,-3337.5
0.07716,-1262.8
0.07718,2087.4
0.0772,3477
0.07722,1907.1
0.07724,-827.75
0.07726,-2432.1
0.07728,-845.9
0.0773,1448.3
0.07732,1814.3
0.07734,281.04
0.07736,-914.78
0.07738,-1304.7
0.0774,-621.52
0.07742,613.52
0.07744,929.61
0.07746,-398.38
0.07748,-1501.2
0.0775,-168.59
0.07752,1675.6
0.07754,1245.3
0.07756,-580.66
0.07758,-1340.7
0.0776,-558.79
0.07762,716.47
0.07764,1138.6
0.07766,147.17
0.07768,-948.47
0.0777,-647.61
0.07772,1048.3
0.07774,1761.2
0.07776,977.72
0.07778,-922.98
0.0778,-2306.8
0.07782,-1397.5
0.07784,314.7
0.07786,1122.2
0.07788,1054.4
0.0779,964.77
0.07792,337.65
0.07794,-1390.9
0.07796,-2178.2
0.07798,16.41
0.078,2218.8
0.07802,1753.9
0.07804,-443.36
0.07806,-1215
0.07808,-98.837
0.0781,1138
0.07812,836.71
0.07814,18.998
0.07816,-234.12
0.07818,-723.54
0.0782,-1071.2
0.07822,-30.103
0.07824,1018.2
0.07826,566.08
0.07828,-1151
0.0783,-1837.1
0.07832,-112.72
0.07834,1490.7
0.07836,1254.4
0.07838,-159.23
0.0784,-1423
0.07842,-1495.6
0.07844,224.33
0.07846,1563.8
0.07848,452.29
0.0785,-1293.4
0.07852,-866.85
0.07854,525.79
0.07856,1141.4
0.07858,282.39
0.0786,-552.12
0.07862,-326.44
0.07864,498.33
0.07866,519.15
0.07868,204.28
0.0787,-418.37
0.07872,-831.27
0.07874,-579.86
0.07876,424.62
0.07878,875.12
0.0788,344.69
0.07882,-433.77
0.07884,-399.3
0.07886,-98.34
0.07888,-212.82
0.0789,559.54
0.07892,705.81
0.07894,-1078.9
0.07896,-2205.1
0.07898,192.93
0.079,2725.8
0.07902,2166.2
0.07904,-483.35
0.07906,-1869.5
0.07908,-426.31
0.0791,952.36
0.07912,164.41
0.07914,-1635.6
0.07916,-1926.7
0.07918,-729.21
0.0792,455.61
0.07922,1247.5
0.07924,706.27
0.07926,-55.523
0.07928,-564.12
0.0793,-279.49
0.07932,876.65
0.07934,1745.4
0.07936,384.74
0.07938,-1569.7
0.0794,-1464.6
0.07942,416.6
0.07944,1287.3
0.07946,300.42
0.07948,-661.53
0.0795,-593.61
0.07952,185.13
0.07954,471.73
0.07956,-225.89
0.07958,-1023.7
0.0796,-952.85
0.07962,688.55
0.07964,2146
0.07966,1676.1
0.07968,-62.756
0.0797,-1205.3
0.07972,-967.3
0.07974,-373.53
0.07976,-309.91
0.07978,-564.81
0.0798,-949.7
0.07982,-602.48
0.07984,308.57
0.07986,1205.6
0.07988,722.02
0.0799,-162.88
0.07992,370.87
0.07994,1345.3
0.07996,703.57
0.07998,-970.11
0.08,-1438.1
0.08002,-704.1
0.08004,-512.75
0.08006,-562.69
0.08008,-105.29
0.0801,663.17
0.08012,597.54
0.08014,-91.4
0.08016,-102.36
0.08018,724.43
0.0802,2339.3
0.08022,2580.4
0.08024,-629.37
0.08026,-3900.1
0.08028,-2902.5
0.0803,604.45
0.08032,2629.8
0.08034,1361.8
0.08036,-1868.9
0.08038,-3442.5
0.0804,-981
0.08042,2764.4
0.08044,3177.7
0.08046,319.56
0.08048,-1686.9
0.0805,-867.04
0.08052,525
0.08054,397.92
0.08056,-1268.5
0.08058,-1979.4
0.0806,-684.89
0.08062,665.36
0.08064,262.22
0.08066,-925.52
0.08068,-778.43
0.0807,363.76
0.08072,1605.9
0.08074,1998
0.08076,1482.3
0.08078,389.51
0.0808,-1154.3
0.08082,-2104.1
0.08084,-776.18
0.08086,746.42
0.08088,94.128
0.0809,-751.53
0.08092,860.61
0.08094,1029.2
0.08096,-1544.4
0.08098,-2598.8
0.081,-523.83
0.08102,3008.3
0.08104,3801.8
0.08106,1615.4
0.08108,-761.44
0.0811,-1777.9
0.08112,-1661.5
0.08114,-401.95
0.08116,1100.2
0.08118,842.7
0.0812,-1703.7
0.08122,-3735.3
0.08124,-1870.4
0.08126,2145.6
0.08128,2839.3
0.0813,245.15
0.08132,-853.19
0.08134,700
0.08136,1940
0.08138,1151
0.0814,502.78
0.08142,463.02
0.08144,-1089.5
0.08146,-2993
0.08148,-2492.5
0.0815,311.85
0.08152,1861.7
0.08154,231.2
0.08156,-2216.7
0.08158,-682.4
0.0816,3190.1
0.08162,3443.5
0.08164,-694.66
0.08166,-2815
0.08168,-990.16
0.0817,1385.2
0.08172,1403.2
0.08174,-663.3
0.08176,-2046.9
0.08178,-1168.4
0.0818,65.344
0.08182,456.02
0.08184,-221.78
0.08186,-1117
0.08188,-745.61
0.0819,1093.7
0.08192,3172
0.08194,3303.8
0.08196,987.2
0.08198,-2257.1
0.082,-4103.9
0.08202,-3098.8
0.08204,539.69
0.08206,3629.2
0.08208,2578.2
0.0821,-755.11
0.08212,-2074.2
0.08214,-760.42
0.08216,1246.6
0.08218,1688.7
0.0822,168.1
0.08222,-1022.9
0.08224,-1509.5
0.08226,-294.31
0.08228,1699.9
0.0823,2124.3
0.08232,-51.377
0.08234,-3052.1
0.08236,-3383.7
0.08238,-707.4
0.0824,1208.1
0.08242,1341.4
0.08244,1453
0.08246,1218.7
0.08248,-513.49
0.0825,-1580.4
0.08252,-473.18
0.08254,1081.1
0.08256,2016.1
0.08258,2019.5
0.0826,-150.72
0.08262,-2568.7
0.08264,-2525.3
0.08266,40.501
0.08268,1801
0.0827,1282.7
0.08272,144.91
0.08274,-522.4
0.08276,-1120.9
0.08278,-1004.7
0.0828,-523.91
0.08282,-337.97
0.08284,-65.587
0.08286,994.64
0.08288,2049.7
0.0829,690.22
0.08292,-2035
0.08294,-2716.8
0.08296,-67.478
0.08298,2672.8
0.083,2351.6
0.08302,-103.06
0.08304,-1966.5
0.08306,-1512.2
0.08308,760.51
0.0831,2297.5
0.08312,1593.2
0.08314,261.74
0.08316,-1071.1
0.08318,-1442.5
0.0832,-378.67
0.08322,1307.2
0.08324,1577.3
0.08326,-861.65
0.08328,-3287.2
0.0833,-1915
0.08332,2701.6
0.08334,4417.3
0.08336,1021
0.08338,-1922.1
0.0834,-1095.3
0.08342,448.69
0.08344,107.29
0.08346,-185.36
0.08348,139.23
0.0835,-157.72
0.08352,-254.85
0.08354,456.04
0.08356,599.72
0.08358,-160.4
0.0836,-874.54
0.08362,-709.11
0.08364,-142.93
0.08366,-35.75
0.08368,-464.34
0.0837,-98.896
0.08372,1025.5
0.08374,1918.1
0.08376,1484.6
0.08378,-244.72
0.0838,-1069.1
0.08382,-998.47
0.08384,-695.45
0.08386,-683.8
0.08388,-704.71
0.0839,-380.52
0.08392,-313.56
0.08394,456.69
0.08396,1400.2
0.08398,1807.1
0.084,999.48
0.08402,-1086.5
0.08404,-2439.8
0.08406,-1112.6
0.08408,1962.1
0.0841,3163.5
0.08412,966.36
0.08414,-1739.1
0.08416,-2279.9
0.08418,-182.32
0.0842,1596.4
0.08422,1085.8
0.08424,159.77
0.08426,121.04
0.08428,-6.384
0.0843,-977.47
0.08432,-1554.5
0.08434,-918.85
0.08436,515.17
0.08438,404.15
0.0844,-479.29
0.08442,163.24
0.08444,1153.6
0.08446,1098.7
0.08448,-562.15
0.0845,-1720.6
0.08452,-1101.8
0.08454,77.733
0.08456,-34.59
0.08458,-341.18
0.0846,-124.2
0.08462,-62.884
0.08464,490.5
0.08466,1410
0.08468,555.88
0.0847,-1850
0.08472,-2542.7
0.08474,482.57
0.08476,3302.3
0.08478,2550.4
0.0848,-713.31
0.08482,-2517.6
0.08484,-2378.8
0.08486,-1221.2
0.08488,862
0.0849,2267.9
0.08492,1922.7
0.08494,442.14
0.08496,-1275.4
0.08498,-1667.2
0.085,76.862
0.08502,1548.1
0.08504,165.87
0.08506,-2498
0.08508,-3276.7
0.0851,-697.36
0.08512,1710.3
0.08514,1179.5
0.08516,-167.59
0.08518,153.59
0.0852,1241.5
0.08522,824.04
0.08524,-1231.6
0.08526,-2312.3
0.08528,-503.77
0.0853,1425.5
0.08532,1136.5
0.08534,-250.06
0.08536,-555.34
0.08538,-88.688
0.0854,345.05
0.08542,-90.529
0.08544,-144.67
0.08546,474.97
0.08548,1125.8
0.0855,442.45
0.08552,-544.81
0.08554,-1972.5
0.08556,-2102.4
0.08558,317.61
0.0856,2311.2
0.08562,1161.8
0.08564,-483.73
0.08566,-314.06
0.08568,617.36
0.0857,439.02
0.08572,-929.59
0.08574,-1253.4
0.08576,392.3
0.08578,1656.3
0.0858,1003
0.08582,-823.98
0.08584,-1772.2
0.08586,-716.1
0.08588,1192
0.0859,845.55
0.08592,-1305.1
0.08594,-1526.8
0.08596,526.19
0.08598,1734.8
0.086,263.29
0.08602,-801.59
0.08604,-19.665
0.08606,374.86
0.08608,-157.91
0.0861,-392.16
0.08612,-189.04
0.08614,-220.99
0.08616,-660.22
0.08618,-468.36
0.0862,422.66
0.08622,1545
0.08624,1605.7
0.08626,616.94
0.08628,-938.93
0.0863,-1858.3
0.08632,-1359.4
0.08634,-387.39
0.08636,14.184
0.08638,132.99
0.0864,5.5215
0.08642,18.09
0.08644,484.61
0.08646,1078.5
0.08648,1291.6
0.0865,911.16
0.08652,-215.44
0.08654,-1885.1
0.08656,-2616.1
0.08658,-1355.4
0.0866,903.05
0.08662,1835.7
0.08664,1334.4
0.08666,-216.31
0.08668,-1224.9
0.0867,-712.96
0.08672,800.2
0.08674,1707.1
0.08676,1190.6
0.08678,-212.72
0.0868,-1504.9
0.08682,-1554.7
0.08684,-715.88
0.08686,470.21
0.08688,841.94
0.0869,555.3
0.08692,-167.38
0.08694,-745.06
0.08696,-365.98
0.08698,1060.7
0.087,1715.3
0.08702,315.86
0.08704,-1747.8
0.08706,-1734.5
0.08708,304.04
0.0871,1828.4
0.08712,1221.5
0.08714,71.606
0.08716,-790.31
0.08718,-1305.8
0.0872,-640.18
0.08722,1096.7
0.08724,2386.8
0.08726,1277.9
0.08728,-1661.8
0.0873,-2890
0.08732,-1410.4
0.08734,699.93
0.08736,1963.2
0.08738,807.9
0.0874,-1435.9
0.08742,-1918.9
0.08744,-120.06
0.08746,1692
0.08748,1520.8
0.0875,481.6
0.08752,-294.54
0.08754,-781.65
0.08756,-837.15
0.08758,-590.06
0.0876,192.55
0.08762,251.75
0.08764,-125.46
0.08766,-123.79
0.08768,43.947
0.0877,-202.31
0.08772,-145
0.08774,610.47
0.08776,1118.3
0.08778,641.84
0.0878,-1326.5
0.08782,-2769.5
0.08784,-1549.8
0.08786,1721.1
0.08788,3336.4
0.0879,476.68
0.08792,-3033.9
0.08794,-3290.3
0.08796,-6.8278
0.08798,3408.7
0.088,2832.7
0.08802,-896.1
0.08804,-3074.3
0.08806,-2571.8
0.08808,-841.54
0.0881,1399.8
0.08812,2158.8
0.08814,792.16
0.08816,-656.69
0.08818,405.31
0.0882,1575.7
0.08822,563.27
0.08824,-1855.2
0.08826,-2733.7
0.08828,-413.17
0.0883,2368.6
0.08832,2355.3
0.08834,-139
0.08836,-1833.9
0.08838,-1104.6
0.0884,178.13
0.08842,634.88
0.08844,342.32
0.08846,12.513
0.08848,-566.13
0.0885,-954.19
0.08852,-255.55
0.08854,770.93
0.08856,1133.3
0.08858,414.36
0.0886,-234.83
0.08862,-521.32
0.08864,-97.638
0.08866,140.55
0.08868,-354.19
0.0887,-437.63
0.08872,-121.25
0.08874,908.21
0.08876,1205.4
0.08878,-264.48
0.0888,-1852.5
0.08882,-1769.1
0.08884,-48.049
0.08886,1753.5
0.08888,2477.7
0.0889,1073.8
0.08892,-761.32
0.08894,-1048.3
0.08896,-1082.6
0.08898,-1060.9
0.089,-563.28
0.08902,392
0.08904,-118.52
0.08906,-1696.1
0.08908,-1709.6
0.0891,207.26
0.08912,2260.5
0.08914,2665.5
0.08916,934.68
0.08918,-350.53
0.0892,-97.892
0.08922,-72.902
0.08924,-884.96
0.08926,-1182
0.08928,-343.73
0.0893,546.96
0.08932,694
0.08934,-200.63
0.08936,-1277.5
0.08938,-1574.2
0.0894,-0.13756
0.08942,1125.1
0.08944,35.572
0.08946,-1459.9
0.08948,-1158.7
0.0895,428.52
0.08952,1184.6
0.08954,648.66
0.08956,1103.6
0.08958,1448.5
0.0896,101.44
0.08962,-1642.3
0.08964,-1106.3
0.08966,489.88
0.08968,865.04
0.0897,-95.855
0.08972,-1280.7
0.08974,-1254.9
0.08976,-90.23
0.08978,1360.7
0.0898,1658
0.08982,-254.18
0.08984,-1711.1
0.08986,-508.25
0.08988,1005.6
0.0899,482.91
0.08992,-1401.2
0.08994,-1388.8
0.08996,696.75
0.08998,1675.9
0.09,635.39
0.09002,-380.98
0.09004,-324.21
0.09006,-639.43
0.09008,-774.03
0.0901,-110.05
0.09012,418.12
0.09014,-226.15
0.09016,-662.89
0.09018,584.37
0.0902,1939.5
0.09022,1342.6
0.09024,-1325
0.09026,-3833.9
0.09028,-2759.2
0.0903,399.29
0.09032,1870.6
0.09034,1076.4
0.09036,-95.213
0.09038,380.99
0.0904,1539
0.09042,2049.5
0.09044,1178.5
0.09046,-923.86
0.09048,-2574.9
0.0905,-2824.7
0.09052,-1548.9
0.09054,1344.1
0.09056,3904.3
0.09058,3321.1
0.0906,-353.26
0.09062,-3464.4
0.09064,-2733.7
0.09066,448.17
0.09068,2493.1
0.0907,654.19
0.09072,-1881.9
0.09074,-1240
0.09076,1790.1
0.09078,2624.1
0.0908,328.09
0.09082,-1337.8
0.09084,-1171.4
0.09086,-611.41
0.09088,82.922
0.0909,389.83
0.09092,-412.31
0.09094,-871.53
0.09096,178.96
0.09098,762.58
0.091,-231.5
0.09102,-1043.2
0.09104,-192.59
0.09106,1202.5
0.09108,1181.2
0.0911,1023.8
0.09112,1059.1
0.09114,-192.49
0.09116,-1833.5
0.09118,-1335.3
0.0912,358.35
0.09122,199.16
0.09124,-1196.6
0.09126,-1061.3
0.09128,464.82
0.0913,1359.1
0.09132,1147.8
0.09134,285.78
0.09136,-68.331
0.09138,515.7
0.0914,951.39
0.09142,-366.34
0.09144,-2434.1
0.09146,-2683.6
0.09148,-527.04
0.0915,2006.6
0.09152,2572.6
0.09154,1433.6
0.09156,-228.57
0.09158,-1276.5
0.0916,-1221.9
0.09162,85.138
0.09164,1001.4
0.09166,562.01
0.09168,-598.97
0.0917,-1532.7
0.09172,-817.74
0.09174,902.61
0.09176,1661.9
0.09178,1182
0.0918,-25.749
0.09182,-1276.9
0.09184,-1439.3
0.09186,-39.086
0.09188,661.35
0.0919,-405.15
0.09192,-1218.9
0.09194,322.86
0.09196,2278.9
0.09198,746.09
0.092,-2109.9
0.09202,-2498.5
0.09204,41.603
0.09206,2405.5
0.09208,2457.1
0.0921,-521.24
0.09212,-2413.9
0.09214,-539.16
0.09216,2396.5
0.09218,3071.8
0.0922,-339.19
0.09222,-3683.9
0.09224,-2186.3
0.09226,1809.8
0.09228,3406.8
0.0923,1769.7
0.09232,-966.35
0.09234,-2707
0.09236,-2498.2
0.09238,-195.07
0.0924,2019.2
0.09242,1893.3
0.09244,-261.23
0.09246,-1157.5
0.09248,-44.147
0.0925,1107.3
0.09252,901.92
0.09254,664.44
0.09256,468.14
0.09258,-267.73
0.0926,-993.66
0.09262,-1034
0.09264,-772.34
0.09266,-406.9
0.09268,-852.8
0.0927,-1062.1
0.09272,-253.51
0.09274,1621.7
0.09276,2283.6
0.09278,610.69
0.0928,-1229.1
0.09282,3.811
0.09284,1648.5
0.09286,1007.1
0.09288,-1095.9
0.0929,-2358.4
0.09292,-1358.2
0.09294,1135.3
0.09296,1909.3
0.09298,-404.6
0.093,-2346.7
0.09302,-1156.3
0.09304,1402
0.09306,2391.3
0.09308,565.51
0.0931,-1313.2
0.09312,-880.83
0.09314,1023.7
0.09316,2155.6
0.09318,1482.8
0.0932,-831.75
0.09322,-2843.2
0.09324,-2442.7
0.09326,-101.7
0.09328,1545
0.0933,1369
0.09332,-344.42
0.09334,-801.47
0.09336,1322
0.09338,2856.3
0.0934,945.5
0.09342,-2160.6
0.09344,-2195.4
0.09346,682.47
0.09348,1962.7
0.0935,679.18
0.09352,-1935.4
0.09354,-3717.9
0.09356,-2147.4
0.09358,2354.7
0.0936,4596.6
0.09362,1287.7
0.09364,-1811.9
0.09366,-366.14
0.09368,2697
0.0937,2632.3
0.09372,-799.97
0.09374,-3010.8
0.09376,-2566
0.09378,-927.7
0.0938,322.64
0.09382,687.47
0.09384,-10.925
0.09386,-986.26
0.09388,-305.93
0.0939,1710.9
0.09392,2286.1
0.09394,447.46
0.09396,-661
0.09398,722.59
0.094,1500.1
0.09402,-454.46
0.09404,-2267.8
0.09406,-2586.4
0.09408,-1318.1
0.0941,265.11
0.09412,1589.1
0.09414,2028.6
0.09416,430.72
0.09418,-683.16
0.0942,160.99
0.09422,1292.9
0.09424,1456.2
0.09426,1051.7
0.09428,159.95
0.0943,-1063.6
0.09432,-1635.5
0.09434,-1343.4
0.09436,-959.32
0.09438,-17.257
0.0944,814.61
0.09442,450.15
0.09444,591.31
0.09446,592.27
0.09448,-665.84
0.0945,-1967.5
0.09452,-909.52
0.09454,1189.1
0.09456,1661.8
0.09458,460.19
0.0946,-688.33
0.09462,-1215.6
0.09464,-942.72
0.09466,68.478
0.09468,560.1
0.0947,67.096
0.09472,-521.62
0.09474,-192.87
0.09476,914.12
0.09478,997.87
0.0948,705.15
0.09482,224.72
0.09484,2.0478
0.09486,-197.41
0.09488,98.866
0.0949,-406.61
0.09492,-544.68
0.09494,410.97
0.09496,1147.2
0.09498,503.61
0.095,-1349.9
0.09502,-2109.8
0.09504,-166.31
0.09506,1660.3
0.09508,1044
0.0951,-746.09
0.09512,-1166.6
0.09514,-226.65
0.09516,777.73
0.09518,1241.2
0.0952,847.13
0.09522,-311.44
0.09524,-1277.4
0.09526,-1716.5
0.09528,-610.2
0.0953,1805.8
0.09532,2813.9
0.09534,868.73
0.09536,-1913.7
0.09538,-2332.8
0.0954,110.26
0.09542,2150
0.09544,707.97
0.09546,-1684.9
0.09548,-1375.5
0.0955,222.82
0.09552,1120.4
0.09554,678.54
0.09556,-282.06
0.09558,-378.38
0.0956,-309.84
0.09562,-663.16
0.09564,37.599
0.09566,1567.9
0.09568,1592.8
0.0957,249.11
0.09572,-466.74
0.09574,-510.74
0.09576,-1299.9
0.09578,-2164.9
0.0958,-889.2
0.09582,1140.9
0.09584,1409.1
0.09586,144.96
0.09588,-181.63
0.0959,547.83
0.09592,359.68
0.09594,-433.18
0.09596,-595.39
0.09598,43.129
0.096,572.62
0.09602,152.53
0.09604,-675.28
0.09606,-655.63
0.09608,500.47
0.0961,592.09
0.09612,169.06
0.09614,-400.7
0.09616,-485.77
0.09618,-69.488
0.0962,898.31
0.09622,963.46
0.09624,-406.73
0.09626,-1451.8
0.09628,-758.77
0.0963,348.72
0.09632,897.32
0.09634,126.25
0.09636,-168.59
0.09638,-320.22
0.0964,-1147.5
0.09642,-1385
0.09644,30.785
0.09646,1808.9
0.09648,1489.5
0.0965,-638.22
0.09652,-1907.5
0.09654,-1248.5
0.09656,-65.08
0.09658,509.76
0.0966,534.14
0.09662,427.69
0.09664,-164.7
0.09666,-431.76
0.09668,395.66
0.0967,987.73
0.09672,861.69
0.09674,1071.7
0.09676,992.64
0.09678,-571.63
0.0968,-2172.1
0.09682,-1678.7
0.09684,540.33
0.09686,1449.6
0.09688,-232.15
0.0969,-1893.9
0.09692,-1634.1
0.09694,-940.99
0.09696,-277.53
0.09698,850.9
0.097,1873.7
0.09702,1976.6
0.09704,1219.9
0.09706,-533.19
0.09708,-2780.6
0.0971,-2385.4
0.09712,558.33
0.09714,2953.3
0.09716,1224.6
0.09718,-1939.5
0.0972,-2169.2
0.09722,168.38
0.09724,1735
0.09726,694.47
0.09728,-885.14
0.0973,-1464.4
0.09732,-792.17
0.09734,543.4
0.09736,1542
0.09738,990.35
0.0974,-1007.3
0.09742,-2082.7
0.09744,-734.58
0.09746,1112.3
0.09748,481.18
0.0975,-1279.6
0.09752,-1528.1
0.09754,66.404
0.09756,1302.5
0.09758,1200.6
0.0976,1134.3
0.09762,1159.9
0.09764,274.29
0.09766,-1083.2
0.09768,-1077.9
0.0977,539.57
0.09772,751.92
0.09774,-880.12
0.09776,-1683.7
0.09778,-207.3
0.0978,286.47
0.09782,-1100.1
0.09784,-912.86
0.09786,926.74
0.09788,2152.5
0.0979,1150.6
0.09792,-530.31
0.09794,-1448.9
0.09796,-856.26
0.09798,828.64
0.098,1630.5
0.09802,357.42
0.09804,-1179.4
0.09806,-797.45
0.09808,626.26
0.0981,392.85
0.09812,-959.55
0.09814,-968.9
0.09816,887.74
0.09818,2011.3
0.0982,550.8
0.09822,-1147.9
0.09824,-1315.5
0.09826,-792.54
0.09828,179.27
0.0983,347.86
0.09832,-66.605
0.09834,-556.1
0.09836,-150.27
0.09838,828.3
0.0984,1585.9
0.09842,1012.2
0.09844,-959.78
0.09846,-2451.4
0.09848,-1657.4
0.0985,986.08
0.09852,2256.4
0.09854,739.83
0.09856,-1396.9
0.09858,-1268.6
0.0986,847.18
0.09862,1302.8
0.09864,-585.47
0.09866,-2304.6
0.09868,-1420.7
0.0987,1265.9
0.09872,3053.8
0.09874,961.98
0.09876,-2257.3
0.09878,-3681.5
0.0988,-1630
0.09882,1829.2
0.09884,2824.8
0.09886,1126.9
0.09888,-821.22
0.0989,-2198.1
0.09892,-1901.2
0.09894,-205.84
0.09896,851.71
0.09898,928.92
0.099,194.74
0.09902,454.53
0.09904,1854
0.09906,1349
0.09908,-1308.6
0.0991,-2639.3
0.09912,-484.82
0.09914,1229.5
0.09916,591.22
0.09918,-865.62
0.0992,-736.21
0.09922,174.51
0.09924,632.83
0.09926,709.6
0.09928,143.24
0.0993,-908.52
0.09932,-1376.4
0.09934,-526.82
0.09936,1050.5
0.09938,1672.6
0.0994,556.93
0.09942,-1122.9
0.09944,-1049.6
0.09946,409.34
0.09948,1759.7
0.0995,1381.3
0.09952,145.08
0.09954,-401.46
0.09956,-461.52
0.09958,-892.05
0.0996,-834.37
0.09962,372.94
0.09964,664.61
0.09966,-603.06
0.09968,-587.18
0.0997,1342.5
0.09972,1971.5
0.09974,497.66
0.09976,-1581.4
0.09978,-2728
0.0998,-1062.4
0.09982,1367.6
0.09984,1869
0.09986,-91.42
0.09988,-2277.8
0.0999,-2143.7
0.09992,1026.2
0.09994,3748
0.09996,2230.6
0.09998,-1672.3
0.1,-2827.7
0.10002,-604.16
0.10004,1599.6
0.10006,741.15
0.10008,-1071.9
0.1001,-566.85
0.10012,721.69
0.10014,513.32
0.10016,-1076.9
0.10018,-1500
0.1002,316.37
0.10022,1539.4
0.10024,677.35
0.10026,-539.28
0.10028,-346.5
0.1003,1288.9
0.10032,2078.9
0.10034,46.212
0.10036,-2226.7
0.10038,-2040.3
0.1004,336.25
0.10042,2444.3
0.10044,1971.3
0.10046,-591.39
0.10048,-2829.7
0.1005,-2196.9
0.10052,437.58
0.10054,2539.9
0.10056,2543.2
0.10058,659.17
0.1006,-1357.1
0.10062,-1797.2
0.10064,-313.08
0.10066,1038.7
0.10068,392.3
0.1007,-1473.1
0.10072,-1199.8
0.10074,835.25
0.10076,1680.1
0.10078,887.06
0.1008,-148.54
0.10082,116.59
0.10084,837.83
0.10086,431.33
0.10088,-1415.3
0.1009,-2329.2
0.10092,-993.82
0.10094,1220.6
0.10096,1906.9
0.10098,956.22
0.101,-1092.1
0.10102,-2075.6
0.10104,-970.23
0.10106,783.44
0.10108,2048.6
0.1011,2355.5
0.10112,165.37
0.10114,-3380.6
0.10116,-4199.8
0.10118,-837.76
0.1012,3090.1
0.10122,3518.2
0.10124,1366.5
0.10126,-7.1172
0.10128,-496.57
0.1013,-715.87
0.10132,-177.78
0.10134,23.207
0.10136,-526.01
0.10138,-720.71
0.1014,-228.5
0.10142,-26.505
0.10144,-36.815
0.10146,671.48
0.10148,1150.2
0.1015,197.44
0.10152,-1708.5
0.10154,-2313.9
0.10156,-262.53
0.10158,2050.7
0.1016,1808.4
0.10162,-130.73
0.10164,-1392.3
0.10166,-1199
0.10168,-1181.6
0.1017,-343.56
0.10172,1516
0.10174,1953.9
0.10176,-305.1
0.10178,-2233.1
0.1018,-1278.3
0.10182,763.78
0.10184,1048.2
0.10186,1.384
0.10188,-1011.2
0.1019,-1096.4
0.10192,-266.32
0.10194,797.41
0.10196,1622.7
0.10198,1538.3
0.102,422.5
0.10202,-515.05
0.10204,-746.41
0.10206,-1533.4
0.10208,-1311.4
0.1021,920.03
0.10212,2981.3
0.10214,1917.7
0.10216,-580.16
0.10218,-1744.1
0.1022,-1416.5
0.10222,-274.36
0.10224,577.04
0.10226,848.39
0.10228,347.02
0.1023,-693.83
0.10232,-1300.1
0.10234,-781.32
0.10236,282.34
0.10238,755.9
0.1024,309.47
0.10242,134.16
0.10244,-58.599
0.10246,-435.61
0.10248,-539.35
0.1025,-471.14
0.10252,-446.14
0.10254,-136.28
0.10256,614.53
0.10258,569.16
0.1026,-424.74
0.10262,-746.37
0.10264,425.38
0.10266,1165.2
0.10268,563.75
0.1027,-423.85
0.10272,-397.67
0.10274,253.03
0.10276,437.11
0.10278,152.55
0.1028,-301.69
0.10282,-940.65
0.10284,-917.84
0.10286,-534.95
0.10288,47.108
0.1029,195.87
0.10292,511.31
0.10294,186.74
0.10296,-681.41
0.10298,-11.141
0.103,1889.4
0.10302,1970.9
0.10304,66.263
0.10306,-1435.1
0.10308,-921.26
0.1031,1397.3
0.10312,2118.4
0.10314,97.402
0.10316,-1792.1
0.10318,-1264
0.1032,545.81
0.10322,1576.5
0.10324,974.8
0.10326,-443.89
0.10328,-573.54
0.1033,-559.21
0.10332,-384.81
0.10334,603.83
0.10336,1344
0.10338,70.055
0.1034,-2011
0.10342,-1831.8
0.10344,1188.2
0.10346,3255.2
0.10348,1347.8
0.1035,-1787.3
0.10352,-2292.4
0.10354,-55.726
0.10356,1777.9
0.10358,1057.8
0.1036,-596.11
0.10362,-1413.5
0.10364,-1302.3
0.10366,-640.84
0.10368,586.32
0.1037,1731.9
0.10372,834.07
0.10374,-699.99
0.10376,-526.96
0.10378,30.648
0.1038,-131.46
0.10382,-255.68
0.10384,78.252
0.10386,455.68
0.10388,317.41
0.1039,305.92
0.10392,382.92
0.10394,321.86
0.10396,845.43
0.10398,1984.9
0.104,1709.3
0.10402,-828.13
0.10404,-3581.7
0.10406,-3007.9
0.10408,550.89
0.1041,2323.9
0.10412,533.84
0.10414,-998.93
0.10416,-1022.3
0.10418,-358.54
0.1042,645.51
0.10422,1379.2
0.10424,632.88
0.10426,-958.17
0.10428,-1154.3
0.1043,-83.695
0.10432,462.64
0.10434,-342.82
0.10436,-741.48
0.10438,262.95
0.1044,1363.4
0.10442,670.59
0.10444,-619.79
0.10446,-1650.4
0.10448,-850.74
0.1045,956.81
0.10452,2357.1
0.10454,1865.5
0.10456,-798.72
0.10458,-3032.7
0.1046,-1969.1
0.10462,967.19
0.10464,2630.7
0.10466,1879.9
0.10468,-777.58
0.1047,-2256.7
0.10472,-1126.8
0.10474,998.69
0.10476,1234.4
0.10478,-424.66
0.1048,-1216.1
0.10482,492.19
0.10484,1533.1
0.10486,-101.34
0.10488,-2039.7
0.1049,-1366.1
0.10492,1130.1
0.10494,1996
0.10496,1106.5
0.10498,-390.8
0.105,-1242.2
0.10502,-657.57
0.10504,901.58
0.10506,1752.5
0.10508,710.41
0.1051,-1295.4
0.10512,-1400
0.10514,259.97
0.10516,1223.2
0.10518,580.53
0.1052,-520.16
0.10522,-738.98
0.10524,-257.25
0.10526,248.15
0.10528,144.6
0.1053,96.964
0.10532,27.127
0.10534,7.4522
0.10536,323.88
0.10538,-141.28
0.1054,-1252
0.10542,-1325.4
0.10544,-67.23
0.10546,529.45
0.10548,-124.04
0.1055,-227.82
0.10552,553.59
0.10554,1005.5
0.10556,1514.9
0.10558,1196.1
0.1056,-370.7
0.10562,-1324.4
0.10564,-759.72
0.10566,846.13
0.10568,860.57
0.1057,-741.82
0.10572,-2298
0.10574,-1565.2
0.10576,637.41
0.10578,1484.3
0.1058,643.17
0.10582,388.46
0.10584,1030.8
0.10586,1062
0.10588,271.5
0.1059,-615.42
0.10592,-1360.5
0.10594,-1420.8
0.10596,-53.63
0.10598,1437.7
0.106,638.64
0.10602,-1535.3
0.10604,-1691.2
0.10606,847.5
0.10608,2267.7
0.1061,582.39
0.10612,-2171.9
0.10614,-2795
0.10616,671.17
0.10618,4777.2
0.1062,3618
0.10622,-2058.9
0.10624,-4952.5
0.10626,-2046.7
0.10628,2273.9
0.1063,3248
0.10632,627.84
0.10634,-3081.2
0.10636,-2942.2
0.10638,1455.2
0.1064,4591.6
0.10642,2096.4
0.10644,-2557.2
0.10646,-3465.4
0.10648,58.599
0.1065,2576.2
0.10652,955.8
0.10654,-1546.8
0.10656,-2050.4
0.10658,-91.596
0.1066,1638.6
0.10662,1120.4
0.10664,-322.39
0.10666,-419.18
0.10668,214.49
0.1067,869.78
0.10672,922.71
0.10674,-569.23
0.10676,-2056.8
0.10678,-786.19
0.1068,1962.1
0.10682,1509.1
0.10684,-1156.9
0.10686,-1993.9
0.10688,-242.79
0.1069,1133.8
0.10692,258.98
0.10694,-974.05
0.10696,-894.1
