2e-05,2100.7
4e-05,2825.7
6e-05,3390.2
8e-05,3745.3
0.0001,3954.8
0.00012,4322.9
0.00014,4630.7
0.00016,4553.3
0.00018,4076.5
0.0002,2921.5
0.00022,1389.3
0.00024,-192.16
0.00026,-1483.8
0.00028,-2476.2
0.0003,-2959.2
0.00032,-2932.6
0.00034,-2397.9
0.00036,-1655.3
0.00038,-944.36
0.0004,-404.67
0.00042,167.58
0.00044,628.37
0.00046,995.44
0.00048,1224.1
0.0005,1200.5
0.00052,915.42
0.00054,504.05
0.00056,-151.76
0.00058,-1149.5
0.0006,-2110.4
0.00062,-2982.5
0.00064,-3717
0.00066,-4108.5
0.00068,-4087.8
0.0007,-3891.7
0.00072,-3528
0.00074,-3003.8
0.00076,-2577.3
0.00078,-2207
0.0008,-1474.7
0.00082,-431.41
0.00084,441.32
0.00086,1168.9
0.00088,1713.7
0.0009,2180.1
0.00092,2630.7
0.00094,2924.9
0.00096,3191.6
0.00098,3006
0.001,2844.6
0.00102,2655
0.00104,2401.6
0.00106,2176.6
0.00108,2152.2
0.0011,2332.1
0.00112,2965.8
0.00114,4109.8
0.00116,5226.4
0.00118,6061.3
0.0012,6574.7
0.00122,6479.9
0.00124,5713
0.00126,4354.9
0.00128,2588.5
0.0013,629.8
0.00132,-985.12
0.00134,-2166.3
0.00136,-3315.9
0.00138,-4580.8
0.0014,-5744.2
0.00142,-6647.7
0.00144,-7478.5
0.00146,-7960.1
0.00148,-7857.2
0.0015,-7131.5
0.00152,-5936.8
0.00154,-4351.1
0.00156,-2885.8
0.00158,-1586.9
0.0016,-597.89
0.00162,22.077
0.00164,286.45
0.00166,175.12
0.00168,-88.581
0.0017,-436.75
0.00172,-617.44
0.00174,-528.83
0.00176,-339.85
0.00178,-128.37
0.0018,-63.098
0.00182,-38.262
0.00184,24.92
0.00186,384.23
0.00188,1200.3
0.0019,2471.3
0.00192,3820.9
0.00194,5038.8
0.00196,5847.5
0.00198,6314.2
0.002,6544.6
0.00202,6502.9
0.00204,6055.8
0.00206,5344.1
0.00208,4597.6
0.0021,3695.1
0.00212,2760.6
0.00214,1791.7
0.00216,806.68
0.00218,-263.4
0.0022,-1309.5
0.00222,-2550.3
0.00224,-3650.6
0.00226,-4450.1
0.00228,-4889.1
0.0023,-4736.7
0.00232,-4042.2
0.00234,-3080.5
0.00236,-1985.4
0.00238,-886.08
0.0024,192.45
0.00242,1110.7
0.00244,1540.3
0.00246,1427.1
0.00248,1214.8
0.0025,1184.5
0.00252,1390.2
0.00254,1717.8
0.00256,2107.6
0.00258,2333.6
0.0026,2146.6
0.00262,1727.2
0.00264,1198.1
0.00266,654.59
0.00268,63.075
0.0027,-614.78
0.00272,-894.62
0.00274,-845.09
0.00276,-841.68
0.00278,-523.15
0.0028,173.94
0.00282,951.23
0.00284,1738.5
0.00286,2912
0.00288,3949
0.0029,4449.5
0.00292,4190.3
0.00294,3184.6
0.00296,1896.9
0.00298,501.53
0.003,-980.71
0.00302,-2516.4
0.00304,-3966.2
0.00306,-5269.2
0.00308,-6262.5
0.0031,-6668.5
0.00312,-6605
0.00314,-6014.8
0.00316,-5045.7
0.00318,-3958.5
0.0032,-2759.1
0.00322,-1277.2
0.00324,111.09
0.00326,1455.1
0.00328,3073.2
0.0033,4729.1
0.00332,6124.2
0.00334,6836.5
0.00336,7072.5
0.00338,6945.3
0.0034,6639
0.00342,6364.7
0.00344,5795
0.00346,5036.1
0.00348,4149
0.0035,3248.1
0.00352,2412.2
0.00354,1706
0.00356,1034.6
0.00358,236.68
0.0036,-588.17
0.00362,-1306.3
0.00364,-2189.4
0.00366,-3424.9
0.00368,-4781.8
0.0037,-5904.8
0.00372,-6499.6
0.00374,-6650
0.00376,-6229.7
0.00378,-5697.7
0.0038,-5191
0.00382,-4469.9
0.00384,-3491.2
0.00386,-2650
0.00388,-1851.3
0.0039,-969.96
0.00392,222.29
0.00394,1182.5
0.00396,1771
0.00398,2066.1
0.004,2255.6
0.00402,2192.9
0.00404,1683.1
0.00406,1237.2
0.00408,1113
0.0041,1307.9
0.00412,1719.3
0.00414,2048.3
0.00416,2217.3
0.00418,2431
0.0042,2766.4
0.00422,2955.8
0.00424,2921.5
0.00426,2900.9
0.00428,2777.1
0.0043,2591.7
0.00432,2443.8
0.00434,2025.4
0.00436,1231.3
0.00438,368.35
0.0044,-671.5
0.00442,-2127.7
0.00444,-3956.1
0.00446,-5425
0.00448,-6275.3
0.0045,-6690.2
0.00452,-6783.6
0.00454,-6707
0.00456,-6389.1
0.00458,-5728.8
0.0046,-4881.6
0.00462,-3673.1
0.00464,-2145.8
0.00466,-450.83
0.00468,1239.6
0.0047,2573.7
0.00472,3562.2
0.00474,4338.5
0.00476,4784.4
0.00478,4977.9
0.0048,4986.7
0.00482,4583.7
0.00484,3856
0.00486,2752.7
0.00488,1456.6
0.0049,304.82
0.00492,-621.77
0.00494,-1559.5
0.00496,-2184.9
0.00498,-2306.4
0.005,-2307.9
0.00502,-2256.9
0.00504,-2020.5
0.00506,-1623.3
0.00508,-1313.8
0.0051,-989.64
0.00512,-595.15
0.00514,-246.92
0.00516,-123.61
0.00518,-98.731
0.0052,-115.24
0.00522,-149.67
0.00524,138.83
0.00526,511.34
0.00528,1039.9
0.0053,1643.1
0.00532,2350.3
0.00534,3041.6
0.00536,3610.3
0.00538,4117.7
0.0054,4452.9
0.00542,4630.8
0.00544,4675
0.00546,4468.7
0.00548,4035.2
0.0055,3417.4
0.00552,2568.4
0.00554,1371.8
0.00556,273.56
0.00558,-713.81
0.0056,-1266.5
0.00562,-1336.4
0.00564,-1182.1
0.00566,-806.28
0.00568,-136.43
0.0057,707.35
0.00572,1478
0.00574,2162.3
0.00576,2794.3
0.00578,3462.2
0.0058,3855
0.00582,3550.6
0.00584,2535.7
0.00586,1053.3
0.00588,-672.33
0.0059,-2649.5
0.00592,-4679.9
0.00594,-6427.9
0.00596,-7886.1
0.00598,-8835.9
0.006,-9292
0.00602,-9051
0.00604,-8015.5
0.00606,-6227.4
0.00608,-3743.3
0.0061,-1000.4
0.00612,1796.8
0.00614,4722.1
0.00616,7290.5
0.00618,8784.4
0.0062,9063.2
0.00622,8503.7
0.00624,7099.3
0.00626,5131.1
0.00628,3014.1
0.0063,919.46
0.00632,-1108.1
0.00634,-2865.9
0.00636,-4411.7
0.00638,-5855.3
0.0064,-6834.1
0.00642,-7170.1
0.00644,-6869.2
0.00646,-5899.1
0.00648,-4513.6
0.0065,-3003.8
0.00652,-1475.9
0.00654,-189.93
0.00656,686.79
0.00658,960.83
0.0066,945.98
0.00662,794.55
0.00664,585.71
0.00666,470.59
0.00668,578.3
0.0067,760.48
0.00672,875.31
0.00674,963.88
0.00676,1142.1
0.00678,1393.9
0.0068,1759.9
0.00682,2273.5
0.00684,2682
0.00686,2926.4
0.00688,2977.6
0.0069,2909.5
0.00692,2481
0.00694,1727.4
0.00696,671.65
0.00698,-547.25
0.007,-1498
0.00702,-1795.9
0.00704,-1771.4
0.00706,-1345.8
0.00708,-631.2
0.0071,-87.998
0.00712,556
0.00714,1292.2
0.00716,1935.3
0.00718,2363.3
0.0072,2448.3
0.00722,2203.6
0.00724,1675.5
0.00726,712.52
0.00728,-628.86
0.0073,-2246.4
0.00732,-3750.1
0.00734,-5129.3
0.00736,-6175.7
0.00738,-6535.4
0.0074,-6253.4
0.00742,-5159.6
0.00744,-3515
0.00746,-1509.3
0.00748,567.96
0.0075,2209.2
0.00752,3593.9
0.00754,4591.9
0.00756,5276.3
0.00758,5492.4
0.0076,5165.2
0.00762,4477.8
0.00764,3721
0.00766,2666
0.00768,1694
0.0077,1016
0.00772,439.66
0.00774,-183.58
0.00776,-793.18
0.00778,-1053.7
0.0078,-1034.4
0.00782,-937.75
0.00784,-1095.7
0.00786,-1202.9
0.00788,-1277.3
0.0079,-1525.4
0.00792,-1931.3
0.00794,-2532.8
0.00796,-3012.9
0.00798,-3446.5
0.008,-4044.3
0.00802,-4525.7
0.00804,-4833.6
0.00806,-4861.7
0.00808,-4758
0.0081,-4614.8
0.00812,-4278.9
0.00814,-3846.1
0.00816,-3508.3
0.00818,-3091.1
0.0082,-2245.4
0.00822,-922.28
0.00824,988.75
0.00826,3043.3
0.00828,5136.5
0.0083,7102.3
0.00832,8741.5
0.00834,10173
0.00836,11083
0.00838,11239
0.0084,10732
0.00842,9778.7
0.00844,8428.8
0.00846,6510.1
0.00848,3994.1
0.0085,1195
0.00852,-1609.8
0.00854,-4519.7
0.00856,-7493.8
0.00858,-10016
0.0086,-11666
0.00862,-12180
0.00864,-11609
0.00866,-9962.2
0.00868,-7580.6
0.0087,-4795.4
0.00872,-1982.5
0.00874,863.1
0.00876,3557.2
0.00878,6118.6
0.0088,8154.2
0.00882,9607.4
0.00884,10347
0.00886,10211
0.00888,9275.1
0.0089,7759.3
0.00892,5696.5
0.00894,3340.2
0.00896,965.4
0.00898,-1146.3
0.009,-2988.1
0.00902,-4358.1
0.00904,-5228.7
0.00906,-5544.4
0.00908,-5638
0.0091,-5333.7
0.00912,-4646.8
0.00914,-3613.2
0.00916,-2371.9
0.00918,-1188.3
0.0092,-638.51
0.00922,-570.99
0.00924,-483.75
0.00926,-367.07
0.00928,-92.532
0.0093,-177.11
0.00932,-560.27
0.00934,-705.63
0.00936,-381.51
0.00938,197.22
0.0094,563.12
0.00942,732.17
0.00944,825.68
0.00946,760.58
0.00948,439.17
0.0095,-74.344
0.00952,-615.2
0.00954,-885.37
0.00956,-1156.4
0.00958,-1532.7
0.0096,-1964.7
0.00962,-2398.1
0.00964,-2762
0.00966,-2962.3
0.00968,-3095.5
0.0097,-3012.8
0.00972,-2506.8
0.00974,-1450.3
0.00976,-380.27
0.00978,668.48
0.0098,1552.2
0.00982,1622.3
0.00984,1071.1
0.00986,727.23
0.00988,760.65
0.0099,981.72
0.00992,1428.7
0.00994,2032.2
0.00996,2677.5
0.00998,3132
0.01,3494.2
0.01002,3630.5
0.01004,3638.7
0.01006,3277.7
0.01008,2821.2
0.0101,2305.3
0.01012,1608
0.01014,660.31
0.01016,-420.16
0.01018,-1570.7
0.0102,-2653.1
0.01022,-3533.5
0.01024,-4380.8
0.01026,-5192.7
0.01028,-5703.8
0.0103,-6077.6
0.01032,-6176.7
0.01034,-5768.7
0.01036,-5095.8
0.01038,-4263.4
0.0104,-3480.2
0.01042,-2516.7
0.01044,-1452
0.01046,-605.13
0.01048,-260.56
0.0105,-227.01
0.01052,-415.81
0.01054,-541.22
0.01056,-477.88
0.01058,-351.54
0.0106,-318.55
0.01062,-452.42
0.01064,-555.68
0.01066,-760.06
0.01068,-800.79
0.0107,-369.11
0.01072,337.09
0.01074,929.54
0.01076,1275.1
0.01078,1347.5
0.0108,1348.6
0.01082,1209.6
0.01084,1102.1
0.01086,1072.2
0.01088,1332.3
0.0109,1778
0.01092,1776
0.01094,1410.9
0.01096,624.61
0.01098,-304.47
0.011,-1109.2
0.01102,-1722.8
0.01104,-1966.6
0.01106,-1807.7
0.01108,-1547.5
0.0111,-1126
0.01112,-457.07
0.01114,464.84
0.01116,1416.7
0.01118,2027.8
0.0112,2321.4
0.01122,2342.4
0.01124,2130
0.01126,1772.6
0.01128,1498.7
0.0113,1104.1
0.01132,564.98
0.01134,244.09
0.01136,115.67
0.01138,-34.386
0.0114,-181.62
0.01142,-199.65
0.01144,-259.98
0.01146,-444.74
0.01148,-355.86
0.0115,-159.7
0.01152,-169.46
0.01154,-620.26
0.01156,-1410.5
0.01158,-2129.3
0.0116,-2892.1
0.01162,-3867.8
0.01164,-4834.6
0.01166,-5463.1
0.01168,-5475.4
0.0117,-4835.1
0.01172,-3739.1
0.01174,-2516.8
0.01176,-1284.3
0.01178,-256.33
0.0118,610.38
0.01182,1783.3
0.01184,2904.1
0.01186,4054.9
0.01188,5271.9
0.0119,6301.9
0.01192,6859.7
0.01194,6604.6
0.01196,5354.3
0.01198,3546.7
0.012,1476.8
0.01202,-480.56
0.01204,-2290.8
0.01206,-3830.6
0.01208,-5121.1
0.0121,-6291.7
0.01212,-6996.7
0.01214,-7084.1
0.01216,-6539.3
0.01218,-5230.7
0.0122,-3611.1
0.01222,-1838.1
0.01224,-274.39
0.01226,1087.7
0.01228,2183.5
0.0123,3176.8
0.01232,3899.8
0.01234,4147.4
0.01236,4086.8
0.01238,3890.1
0.0124,3523.8
0.01242,3065
0.01244,2544.5
0.01246,2019.6
0.01248,1613.3
0.0125,1280.7
0.01252,959.44
0.01254,908.47
0.01256,848.44
0.01258,641.36
0.0126,25.717
0.01262,-666.57
0.01264,-1188.7
0.01266,-1266
0.01268,-1172.5
0.0127,-1281.8
0.01272,-1613.6
0.01274,-1852.5
0.01276,-1992.7
0.01278,-1600.4
0.0128,-668.66
0.01282,309.22
0.01284,1133.2
0.01286,1749.5
0.01288,2143.3
0.0129,2112.9
0.01292,1989.3
0.01294,1444.4
0.01296,460.78
0.01298,-561.93
0.013,-1453
0.01302,-2483.4
0.01304,-3619.3
0.01306,-4537.1
0.01308,-5073.8
0.0131,-5342.7
0.01312,-5360.7
0.01314,-5048.8
0.01316,-4603.9
0.01318,-3867.6
0.0132,-2954.5
0.01322,-2278.1
0.01324,-1601.5
0.01326,-1130.5
0.01328,-632
0.0133,48.607
0.01332,758.25
0.01334,1396.8
0.01336,1995.2
0.01338,2362.2
0.0134,2518.8
0.01342,2806.6
0.01344,3067.5
0.01346,3017.5
0.01348,2972.9
0.0135,2917.6
0.01352,2945.4
0.01354,2912.6
0.01356,2994.8
0.01358,3013.1
0.0136,2686.8
0.01362,1619.6
0.01364,26.984
0.01366,-1516.3
0.01368,-2405.1
0.0137,-2891.4
0.01372,-2874.3
0.01374,-2380.3
0.01376,-1752.4
0.01378,-914.59
0.0138,247.68
0.01382,1752.4
0.01384,3409
0.01386,4992.4
0.01388,6399.4
0.0139,7256.1
0.01392,7721.3
0.01394,7697.4
0.01396,7094.5
0.01398,5687
0.014,3787.6
0.01402,1886.6
0.01404,-77.171
0.01406,-2066.9
0.01408,-4136
0.0141,-5944.2
0.01412,-7656
0.01414,-9029.1
0.01416,-9889.6
0.01418,-10233
0.0142,-9804.8
0.01422,-8650.7
0.01424,-7204.4
0.01426,-5686.7
0.01428,-4511
0.0143,-3992.3
0.01432,-3596.3
0.01434,-2905.4
0.01436,-1983.2
0.01438,-500.67
0.0144,1166
0.01442,2655
0.01444,3750
0.01446,4035.7
0.01448,3783
0.0145,3304.3
0.01452,2661.8
0.01454,2020.5
0.01456,1281.9
0.01458,648.12
0.0146,-134.32
0.01462,-890.65
0.01464,-1704.6
0.01466,-2351
0.01468,-2678.8
0.0147,-2698.1
0.01472,-2095.7
0.01474,-1079.9
0.01476,358.45
0.01478,1987.1
0.0148,3579.5
0.01482,4623.1
0.01484,5465.7
0.01486,6092.8
0.01488,6428.6
0.0149,6576.4
0.01492,6548.7
0.01494,6404
0.01496,6257.3
0.01498,5773.1
0.015,4695.4
0.01502,3114.8
0.01504,1499.8
0.01506,-4.0632
0.01508,-1434.2
0.0151,-2633.7
0.01512,-3621.1
0.01514,-3981.2
0.01516,-3936.2
0.01518,-3969.8
0.0152,-4187.9
0.01522,-4553.9
0.01524,-4753
0.01526,-4642.3
0.01528,-4173.7
0.0153,-3300.9
0.01532,-1786
0.01534,33.988
0.01536,1958.7
0.01538,3545.1
0.0154,4741.2
0.01542,5643.1
0.01544,6632.8
0.01546,7446.3
0.01548,7829.6
0.0155,7644.3
0.01552,7169.2
0.01554,6271.4
0.01556,5212.2
0.01558,3983.3
0.0156,2612.6
0.01562,1023
0.01564,-734.29
0.01566,-2507
0.01568,-4210.6
0.0157,-5870.5
0.01572,-7534.7
0.01574,-9174.4
0.01576,-10680
0.01578,-11674
0.0158,-12114
0.01582,-11900
0.01584,-11049
0.01586,-9422.9
0.01588,-7219
0.0159,-4808.7
0.01592,-2417.7
0.01594,-99.932
0.01596,2120.7
0.01598,4084.6
0.016,5569
0.01602,6621.3
0.01604,7047.1
0.01606,6711.7
0.01608,6018.5
0.0161,4914.3
0.01612,3439.7
0.01614,1744.4
0.01616,179.54
0.01618,-1061.1
0.0162,-1868.4
0.01622,-2346.2
0.01624,-2682
0.01626,-2924.7
0.01628,-2812.7
0.0163,-2285.7
0.01632,-1630.8
0.01634,-962.96
0.01636,-437.14
0.01638,83.766
0.0164,342.07
0.01642,504.04
0.01644,460.28
0.01646,260.01
0.01648,-30.977
0.0165,-486.31
0.01652,-1179.3
0.01654,-1890.4
0.01656,-2511.2
0.01658,-3017.8
0.0166,-3135.4
0.01662,-2722.8
0.01664,-1811
0.01666,-422.62
0.01668,1191.1
0.0167,3079.6
0.01672,4832.4
0.01674,6145.8
0.01676,7102.1
0.01678,7726.5
0.0168,7702.9
0.01682,7210.9
0.01684,6251.3
0.01686,4847.5
0.01688,2994.2
0.0169,829.76
0.01692,-1423.7
0.01694,-3485.9
0.01696,-5037.7
0.01698,-6109.3
0.017,-6939.7
0.01702,-7392.2
0.01704,-7315.2
0.01706,-6774.2
0.01708,-5816.3
0.0171,-4457.9
0.01712,-3113.6
0.01714,-1941.1
0.01716,-1029.5
0.01718,-342.32
0.0172,47.218
0.01722,237.36
0.01724,174.98
0.01726,-21.642
0.01728,-320.97
0.0173,-759.82
0.01732,-970.55
0.01734,-937.38
0.01736,-721.38
0.01738,-283.1
0.0174,288.93
0.01742,750.4
0.01744,994.84
0.01746,1107.9
0.01748,1257.1
0.0175,1338.9
0.01752,1445.2
0.01754,1570
0.01756,1760.8
0.01758,1739.9
0.0176,1398.2
0.01762,508.48
0.01764,-660.99
0.01766,-1779.1
0.01768,-2683.6
0.0177,-3236.6
0.01772,-3188.5
0.01774,-2469.1
0.01776,-1340
0.01778,-53.023
0.0178,1155.3
0.01782,1869.6
0.01784,2135.6
0.01786,2214.9
0.01788,2369.1
0.0179,2752.6
0.01792,3283.2
0.01794,3876.6
0.01796,4311.8
0.01798,4498.3
0.018,4491.3
0.01802,4427.5
0.01804,4357.4
0.01806,4534.6
0.01808,4968.6
0.0181,5555.5
0.01812,5985.9
0.01814,6236.2
0.01816,6215.1
0.01818,5844.1
0.0182,4903.1
0.01822,3554
0.01824,2126.3
0.01826,866
0.01828,-18.656
0.0183,-758.76
0.01832,-1500.2
0.01834,-2117.6
0.01836,-2675.7
0.01838,-3690.5
0.0184,-4887.1
0.01842,-5844.4
0.01844,-6443.5
0.01846,-6801.1
0.01848,-7118.4
0.0185,-7064.8
0.01852,-6847.5
0.01854,-6437.4
0.01856,-5898.9
0.01858,-5087.1
0.0186,-3819.1
0.01862,-2111.7
0.01864,-241.33
0.01866,1710.3
0.01868,3327.5
0.0187,4434.9
0.01872,4671.5
0.01874,4126.3
0.01876,2947.1
0.01878,1648.5
0.0188,274.47
0.01882,-1005.4
0.01884,-1721
0.01886,-1673.9
0.01888,-518.23
0.0189,1463.2
0.01892,3685.9
0.01894,5798
0.01896,7770.1
0.01898,9405.7
0.019,10518
0.01902,11028
0.01904,11002
0.01906,10542
0.01908,9618.2
0.0191,8129.5
0.01912,6263.4
0.01914,4248.1
0.01916,2157.6
0.01918,-54.436
0.0192,-1998.2
0.01922,-3066.8
0.01924,-3541.2
0.01926,-3382.9
0.01928,-2888.6
0.0193,-2040.3
0.01932,-878.11
0.01934,201.91
0.01936,1200.7
0.01938,2137.8
0.0194,2621.3
0.01942,3039
0.01944,3807.1
0.01946,4621.9
0.01948,5446.9
0.0195,5852.1
0.01952,5745.6
0.01954,5102.9
0.01956,4094.3
0.01958,2846.5
0.0196,1500.9
0.01962,188.06
0.01964,-699.19
0.01966,-1421.2
0.01968,-1953.1
0.0197,-2106.1
0.01972,-1826.3
0.01974,-1563.3
0.01976,-1492.1
0.01978,-1510.4
0.0198,-1756.2
0.01982,-2426.3
0.01984,-3125.8
0.01986,-3707.3
0.01988,-4137.3
0.0199,-4147.8
0.01992,-3455.9
0.01994,-2188.2
0.01996,-654.42
0.01998,1186.7
0.02,2998.7
0.02002,4435.4
0.02004,5220.6
0.02006,5679.5
0.02008,5705
0.0201,5490.8
0.02012,5064.9
0.02014,4398.7
0.02016,3503.3
0.02018,2237.3
0.0202,808.19
0.02022,-710.73
0.02024,-2086.3
0.02026,-3411.6
0.02028,-4598.1
0.0203,-5506.7
0.02032,-5800.7
0.02034,-5402.1
0.02036,-4469.3
0.02038,-3231.8
0.0204,-1901.2
0.02042,-771.81
0.02044,106.05
0.02046,691.23
0.02048,826.51
0.0205,827.43
0.02052,842.96
0.02054,699.98
0.02056,433.17
0.02058,128.09
0.0206,-333.67
0.02062,-832.06
0.02064,-1409.6
0.02066,-2235.8
0.02068,-3255.2
0.0207,-4297
0.02072,-5184.5
0.02074,-5575.1
0.02076,-5579.9
0.02078,-5465.3
0.0208,-5660.3
0.02082,-6092.1
0.02084,-6404.3
0.02086,-6360.9
0.02088,-5991.7
0.0209,-5056.6
0.02092,-3684.5
0.02094,-2193.4
0.02096,-570.74
0.02098,1120.3
0.021,2765
0.02102,4101.2
0.02104,5266.3
0.02106,6045.5
0.02108,6456.1
0.0211,6539.1
0.02112,6236.8
0.02114,5493.5
0.02116,4441.7
0.02118,3270.7
0.0212,2014.9
0.02122,915.15
0.02124,-11.262
0.02126,-1000.4
0.02128,-1923.6
0.0213,-2551.9
0.02132,-2856.7
0.02134,-2867.9
0.02136,-2264.5
0.02138,-1044.6
0.0214,876.06
0.02142,3176.7
0.02144,5239.1
0.02146,6709.8
0.02148,7822
0.0215,8823.9
0.02152,9665.7
0.02154,10477
0.02156,10961
0.02158,10980
0.0216,10171
0.02162,8753.5
0.02164,6863.8
0.02166,4718.5
0.02168,2426.5
0.0217,62.993
0.02172,-2268
0.02174,-4268.7
0.02176,-5783.8
0.02178,-7038.2
0.0218,-8083.6
0.02182,-8764.2
0.02184,-8916.2
0.02186,-8471.4
0.02188,-7517.4
0.0219,-6014.5
0.02192,-4042.5
0.02194,-2004.4
0.02196,-19.763
0.02198,1589
0.022,2364.2
0.02202,2378.6
0.02204,2142
0.02206,1690.6
0.02208,1021.9
0.0221,292.86
0.02212,-526.57
0.02214,-1327
0.02216,-1909.5
0.02218,-2429
0.0222,-2953.7
0.02222,-3089
0.02224,-2986.9
0.02226,-2786.7
0.02228,-2218.3
0.0223,-1430.2
0.02232,-486.33
0.02234,546.49
0.02236,1277.6
0.02238,1497
0.0224,1247.4
0.02242,821.09
0.02244,312.13
0.02246,-99.487
0.02248,-612.28
0.0225,-1195.9
0.02252,-1868.4
0.02254,-2452.8
0.02256,-2837.4
0.02258,-2802.7
0.0226,-2586.6
0.02262,-1976.4
0.02264,-988.57
0.02266,224.43
0.02268,1345.7
0.0227,2185.5
0.02272,2604.3
0.02274,2721.3
0.02276,2505.3
0.02278,1765.1
0.0228,822.19
0.02282,-359.33
0.02284,-1357.2
0.02286,-2083.6
0.02288,-2486.7
0.0229,-2494.5
0.02292,-2077.2
0.02294,-1555.9
0.02296,-914.85
0.02298,-155.2
0.023,784.81
0.02302,2008.3
0.02304,3253.8
0.02306,4599.7
0.02308,5735.6
0.0231,6420.2
0.02312,6409.2
0.02314,5541.8
0.02316,3970
0.02318,1943.3
0.0232,68.309
0.02322,-1480.9
0.02324,-2429.2
0.02326,-2785.9
0.02328,-2761.1
0.0233,-2358.9
0.02332,-1641.9
0.02334,-833.54
0.02336,-20.44
0.02338,796.77
0.0234,1564.4
0.02342,2235.2
0.02344,2966.8
0.02346,3474.9
0.02348,3502.8
0.0235,3030.6
0.02352,2185.7
0.02354,1456.9
0.02356,968.69
0.02358,655.28
0.0236,567.69
0.02362,617.29
0.02364,908.77
0.02366,1196
0.02368,1727.1
0.0237,2250.2
0.02372,2310.3
0.02374,1775
0.02376,796.85
0.02378,-268.87
0.0238,-1152.3
0.02382,-1330.7
0.02384,-904.98
0.02386,-245.67
0.02388,449.79
0.0239,1234.5
0.02392,2117.3
0.02394,2857.1
0.02396,3165.4
0.02398,2985.7
0.024,2182.8
0.02402,991.92
0.02404,-390.84
0.02406,-1881.6
0.02408,-3394.6
0.0241,-4966.6
0.02412,-6742.4
0.02414,-8133.4
0.02416,-9081.1
0.02418,-9283.8
0.0242,-8720.4
0.02422,-7407.1
0.02424,-5477.1
0.02426,-3156.8
0.02428,-666.78
0.0243,1700.7
0.02432,3909
0.02434,5911.2
0.02436,7322.7
0.02438,8200.1
0.0244,8557.6
0.02442,8318.3
0.02444,7491.8
0.02446,6211.8
0.02448,4717
0.0245,3297.1
0.02452,1910.5
0.02454,716.49
0.02456,-175.71
0.02458,-940.28
0.0246,-1422.7
0.02462,-1620.4
0.02464,-1354.8
0.02466,-886.2
0.02468,-238.85
0.0247,482.99
0.02472,917
0.02474,961.78
0.02476,766
0.02478,370.33
0.0248,-1.1475
0.02482,-448.45
0.02484,-695.22
0.02486,-676.8
0.02488,-409.03
0.0249,-86.4
0.02492,418.65
0.02494,967.23
0.02496,1552.8
0.02498,1863.6
0.025,1877
0.02502,1393.5
0.02504,422.5
0.02506,-985.54
0.02508,-2758.4
0.0251,-4523.1
0.02512,-6097.3
0.02514,-6902.9
0.02516,-6996.2
0.02518,-6691.2
0.0252,-5626.8
0.02522,-4099.5
0.02524,-2191.2
0.02526,-122.08
0.02528,1999.1
0.0253,3804.9
0.02532,5593
0.02534,7121.8
0.02536,8376.9
0.02538,8745.2
0.0254,8303.4
0.02542,7129.3
0.02544,5529.1
0.02546,3674.5
0.02548,1724.2
0.0255,35.944
0.02552,-1005.5
0.02554,-1383.7
0.02556,-1322.8
0.02558,-895.21
0.0256,-342.21
0.02562,78.297
0.02564,184.38
0.02566,110.7
0.02568,-144.38
0.0257,-770.44
0.02572,-1641.1
0.02574,-2527.6
0.02576,-3370.7
0.02578,-4062.6
0.0258,-4395.7
0.02582,-4351.9
0.02584,-3879.2
0.02586,-3190.6
0.02588,-2161.5
0.0259,-769.82
0.02592,714.81
0.02594,2157
0.02596,3368.2
0.02598,4172.1
0.026,4403
0.02602,4180.6
0.02604,3740.2
0.02606,3181.8
0.02608,2594.4
0.0261,1947.3
0.02612,1221.5
0.02614,654.7
0.02616,424.33
0.02618,307.68
0.0262,262.63
0.02622,246.42
0.02624,-129.4
0.02626,-606.27
0.02628,-870.1
0.0263,-694.96
0.02632,-91.438
0.02634,806.32
0.02636,1277.2
0.02638,1355.2
0.0264,1030.5
0.02642,327.63
0.02644,-136.96
0.02646,-325.75
0.02648,-294.79
0.0265,71.044
0.02652,581.31
0.02654,1150.5
0.02656,1633.4
0.02658,2135.8
0.0266,2586.2
0.02662,3022.7
0.02664,3377.5
0.02666,3492.2
0.02668,3265.2
0.0267,3017.3
0.02672,2679.2
0.02674,2034.3
0.02676,1127.3
0.02678,-43.953
0.0268,-1335.6
0.02682,-2543.9
0.02684,-3675.5
0.02686,-4600.7
0.02688,-4957.2
0.0269,-4743.3
0.02692,-4316.7
0.02694,-3896.2
0.02696,-3581.3
0.02698,-3357.6
0.027,-3061.3
0.02702,-2545.8
0.02704,-1760
0.02706,-1047.7
0.02708,-210.58
0.0271,640.74
0.02712,1256.8
0.02714,1855.3
0.02716,2188
0.02718,2075.6
0.0272,1697.9
0.02722,1146.1
0.02724,523.45
0.02726,63.534
0.02728,-95.244
0.0273,118.73
0.02732,707.84
0.02734,1381
0.02736,2102.2
0.02738,3006.9
0.0274,3858.9
0.02742,4836.9
0.02744,5934.1
0.02746,6827.6
0.02748,7316.4
0.0275,7218.9
0.02752,6329.7
0.02754,4691
0.02756,2642.1
0.02758,267.76
0.0276,-2091.1
0.02762,-3988.2
0.02764,-5225
0.02766,-5620.5
0.02768,-5464.3
0.0277,-5016.3
0.02772,-4236
0.02774,-3310.9
0.02776,-2262
0.02778,-1291
0.0278,-496.08
0.02782,43.016
0.02784,571.6
0.02786,1184.2
0.02788,1249.5
0.0279,1048.7
0.02792,849.37
0.02794,597.57
0.02796,307.78
0.02798,84.307
0.028,20.651
0.02802,150.98
0.02804,352.93
0.02806,528.22
0.02808,554.99
0.0281,426.18
0.02812,54.677
0.02814,-337.12
0.02816,-331.97
0.02818,70.384
0.0282,744.7
0.02822,1482.3
0.02824,2023.7
0.02826,2404.5
0.02828,2638.6
0.0283,2507.3
0.02832,2199.1
0.02834,2040.3
0.02836,2128.9
0.02838,2182.3
0.0284,2129
0.02842,1751.7
0.02844,1224.2
0.02846,445.37
0.02848,-764.63
0.0285,-2022.6
0.02852,-2885.4
0.02854,-3737.4
0.02856,-4475.5
0.02858,-5009.7
0.0286,-5340.4
0.02862,-5203
0.02864,-4888.5
0.02866,-4608.3
0.02868,-4541.5
0.0287,-4638.5
0.02872,-4859.8
0.02874,-4861.7
0.02876,-4603.5
0.02878,-4360.9
0.0288,-3982.7
0.02882,-3324.8
0.02884,-2631.9
0.02886,-2097.9
0.02888,-1504
0.0289,-1158.7
0.02892,-877.08
0.02894,-467.15
0.02896,-117.33
0.02898,243.28
0.029,494.56
0.02902,417.95
0.02904,252.27
0.02906,100.19
0.02908,-82.817
0.0291,-54.407
0.02912,167.59
0.02914,262.71
0.02916,148.43
0.02918,-180.7
0.0292,-363.54
0.02922,-287.75
0.02924,18.932
0.02926,639.91
0.02928,1336.4
0.0293,1869.3
0.02932,2355.2
0.02934,2446.5
0.02936,2197.8
0.02938,1787.4
0.0294,1548.4
0.02942,1349.8
0.02944,871.6
0.02946,540.51
0.02948,585.57
0.0295,597.83
0.02952,815.8
0.02954,1610.3
0.02956,2926.2
0.02958,4264.1
0.0296,5311.3
0.02962,5864.9
0.02964,5915.6
0.02966,5484.8
0.02968,4736.6
0.0297,3757.1
0.02972,2602.4
0.02974,1503.6
0.02976,410.24
0.02978,-568.12
0.0298,-1298.8
0.02982,-1691.4
0.02984,-1789.2
0.02986,-1732.1
0.02988,-1535.8
0.0299,-1424.6
0.02992,-1267.5
0.02994,-738.52
0.02996,-236.38
0.02998,72.41
0.03,459.08
0.03002,928.75
0.03004,1485.2
0.03006,2078.8
0.03008,2558.8
0.0301,2822.7
0.03012,2857.3
0.03014,2559.4
0.03016,2295.4
0.03018,2156
0.0302,1892.2
0.03022,1490.4
0.03024,1101.4
0.03026,609.15
0.03028,145.85
0.0303,-277.78
0.03032,-709.34
0.03034,-1094.3
0.03036,-1524.4
0.03038,-2058.3
0.0304,-2388.7
0.03042,-2618.8
0.03044,-2783.6
0.03046,-2521.3
0.03048,-1949.5
0.0305,-1263.8
0.03052,-686.89
0.03054,-194.17
0.03056,195.27
0.03058,271.09
0.0306,208.33
0.03062,238.01
0.03064,229.21
0.03066,297.52
0.03068,552.87
0.0307,932.13
0.03072,1377.4
0.03074,1874.9
0.03076,2266.1
0.03078,2556
0.0308,2916.5
0.03082,3315.5
0.03084,3591.2
0.03086,3593.4
0.03088,3539.7
0.0309,3352.9
0.03092,2921.4
0.03094,2279.9
0.03096,1410.2
0.03098,366.9
0.031,-1047.5
0.03102,-2510.8
0.03104,-3785.2
0.03106,-5058.1
0.03108,-6196.7
0.0311,-6743
0.03112,-6752.4
0.03114,-6695.8
0.03116,-6510.5
0.03118,-5968.9
0.0312,-5111.8
0.03122,-4110.6
0.03124,-2804
0.03126,-1183.1
0.03128,630.44
0.0313,2415.2
0.03132,3720.7
0.03134,4399.1
0.03136,4511
0.03138,4355.7
0.0314,3748.7
0.03142,2640
0.03144,1485.9
0.03146,394.38
0.03148,-418.07
0.0315,-902.72
0.03152,-1087.1
0.03154,-849.91
0.03156,-448.99
0.03158,-139.07
0.0316,65.323
0.03162,182.3
0.03164,141.83
0.03166,-64.152
0.03168,-418.92
0.0317,-618.66
0.03172,-464.48
0.03174,-217.1
0.03176,26.176
0.03178,337.95
0.0318,582.24
0.03182,748.79
0.03184,1157.8
0.03186,1677.2
0.03188,1807.1
0.0319,1596.4
0.03192,1053.8
0.03194,204.35
0.03196,-834.49
0.03198,-1753.4
0.032,-2438.9
0.03202,-2814.8
0.03204,-3071.9
0.03206,-3013.8
0.03208,-2691.9
0.0321,-2151.6
0.03212,-1260.2
0.03214,122.66
0.03216,1916.3
0.03218,3859
0.0322,5381.3
0.03222,6162
0.03224,6315
0.03226,6034.7
0.03228,5293.2
0.0323,4245.7
0.03232,2918.8
0.03234,1449.3
0.03236,40.501
0.03238,-1434
0.0324,-3025.9
0.03242,-4705.8
0.03244,-6231
0.03246,-7330.9
0.03248,-7797.5
0.0325,-7376.7
0.03252,-6186.4
0.03254,-4263.4
0.03256,-1850.2
0.03258,619.88
0.0326,2712.4
0.03262,4227.5
0.03264,5071.7
0.03266,5047.7
0.03268,4728.5
0.0327,4061.5
0.03272,3048.1
0.03274,1806.2
0.03276,409.61
0.03278,-960.65
0.0328,-2241.5
0.03282,-3400.6
0.03284,-4449.3
0.03286,-4995.2
0.03288,-4847.5
0.0329,-3780.8
0.03292,-2163.2
0.03294,-103.22
0.03296,1883.5
0.03298,3616.5
0.033,5052.8
0.03302,6186.9
0.03304,6960.3
0.03306,7318.4
0.03308,7645.3
0.0331,8002.5
0.03312,8178.4
0.03314,8187.9
0.03316,8156.4
0.03318,7918.6
0.0332,7130.8
0.03322,5987
0.03324,4769.9
0.03326,3405.2
0.03328,1939
0.0333,371.55
0.03332,-1175.6
0.03334,-2520.6
0.03336,-3730.7
0.03338,-4974
0.0334,-6278.9
0.03342,-7556.4
0.03344,-8546.9
0.03346,-9065.2
0.03348,-9322.2
0.0335,-9355.9
0.03352,-9178.7
0.03354,-8843.6
0.03356,-8447.7
0.03358,-7571.3
0.0336,-6089.7
0.03362,-3944.7
0.03364,-1761
0.03366,525.04
0.03368,2879
0.0337,4759.5
0.03372,5857.4
0.03374,6101.4
0.03376,5686.3
0.03378,4793.1
0.0338,3239.4
0.03382,1264.9
0.03384,-704.8
0.03386,-2631
0.03388,-4305
0.0339,-5478.9
0.03392,-6022.2
0.03394,-5979.3
0.03396,-5255.2
0.03398,-3924.1
0.034,-2294.7
0.03402,-404.06
0.03404,1665.3
0.03406,3485.6
0.03408,5016.6
0.0341,6391.9
0.03412,7274
0.03414,7522.2
0.03416,7517.5
0.03418,7056.4
0.0342,6122.3
0.03422,4947.9
0.03424,3624.5
0.03426,1878.2
0.03428,-117.9
0.0343,-1936.7
0.03432,-3639.8
0.03434,-5305.7
0.03436,-6832.7
0.03438,-7783.8
0.0344,-8174.2
0.03442,-7959.7
0.03444,-7207.2
0.03446,-5999.4
0.03448,-4698.6
0.0345,-3260.5
0.03452,-1804.5
0.03454,-430.36
0.03456,750.18
0.03458,1672.9
0.0346,2368.5
0.03462,2711.8
0.03464,2658.3
0.03466,2165.6
0.03468,1334.6
0.0347,278.47
0.03472,-769.7
0.03474,-1796.1
0.03476,-3085.2
0.03478,-4321
0.0348,-5229.4
0.03482,-5791
0.03484,-6068.2
0.03486,-6402
0.03488,-6307.4
0.0349,-5750.8
0.03492,-4821
0.03494,-3618.2
0.03496,-2215.9
0.03498,-688.25
0.035,891.75
0.03502,3002.9
0.03504,5326.2
0.03506,7428
0.03508,8858.4
0.0351,9449.1
0.03512,9019.6
0.03514,8119.9
0.03516,7001.5
0.03518,5953.8
0.0352,5165.6
0.03522,4349.5
0.03524,3543.2
0.03526,2755.7
0.03528,2007.9
0.0353,1370.1
0.03532,800.92
0.03534,360.77
0.03536,113.26
0.03538,-53.169
0.0354,-115.76
0.03542,-409.11
0.03544,-794.8
0.03546,-1195.2
0.03548,-1560.3
0.0355,-1850.5
0.03552,-1833.7
0.03554,-1712.2
0.03556,-1483.9
0.03558,-1250.9
0.0356,-893.27
0.03562,-505.82
0.03564,-187.08
0.03566,29.67
0.03568,142.33
0.0357,257.15
0.03572,443.52
0.03574,726.5
0.03576,1032.5
0.03578,1402
0.0358,1777.5
0.03582,2142.6
0.03584,2217.8
0.03586,1944.9
0.03588,1304.8
0.0359,307.71
0.03592,-858.86
0.03594,-2115.3
0.03596,-3130.3
0.03598,-4166
0.036,-5435.3
0.03602,-6978.6
0.03604,-8546.7
0.03606,-9799.5
0.03608,-10613
0.0361,-10676
0.03612,-10083
0.03614,-9004.6
0.03616,-7713
0.03618,-6501.6
0.0362,-5353.9
0.03622,-4300.3
0.03624,-3160.4
0.03626,-1859.4
0.03628,-641.57
0.0363,652.67
0.03632,2178.9
0.03634,3785.3
0.03636,5403.8
0.03638,6721.6
0.0364,7512.8
0.03642,7957.9
0.03644,7907.6
0.03646,7462
0.03648,7074.9
0.0365,6595.5
0.03652,6280.2
0.03654,6084.4
0.03656,6123.4
0.03658,6328.9
0.0366,6621.9
0.03662,7060.3
0.03664,7306.5
0.03666,7622.4
0.03668,7637.8
0.0367,7599.8
0.03672,7317.4
0.03674,6832.8
0.03676,5978.1
0.03678,4583.5
0.0368,2736.6
0.03682,734.4
0.03684,-1283.3
0.03686,-3286.9
0.03688,-5197.7
0.0369,-6811.8
0.03692,-8031.3
0.03694,-8803.7
0.03696,-9326.1
0.03698,-9993.2
0.037,-10351
0.03702,-10389
0.03704,-10242
0.03706,-9768.7
0.03708,-9084.1
0.0371,-8064.6
0.03712,-6776
0.03714,-4944.9
0.03716,-2382.1
0.03718,3.2904
0.0372,2087.4
0.03722,3937.8
0.03724,5127
0.03726,5803.2
0.03728,6317.5
0.0373,6558.5
0.03732,6437.9
0.03734,5898.6
0.03736,4997.2
0.03738,3632.1
0.0374,1711.2
0.03742,-651.4
0.03744,-3334.3
0.03746,-6045.5
0.03748,-8517
0.0375,-10459
0.03752,-11518
0.03754,-11557
0.03756,-10615
0.03758,-8866
0.0376,-6663.3
0.03762,-4166.8
0.03764,-1352.2
0.03766,1360
0.03768,3691.6
0.0377,5420.7
0.03772,6392.1
0.03774,6733.7
0.03776,6286.6
0.03778,5186.6
0.0378,3853.1
0.03782,2187
0.03784,253.98
0.03786,-1707.1
0.03788,-3383.3
0.0379,-4754.7
0.03792,-5705
0.03794,-6008.1
0.03796,-5626.1
0.03798,-4590.9
0.038,-3169.4
0.03802,-1721.4
0.03804,-622.43
0.03806,294.55
0.03808,1204.5
0.0381,2028
0.03812,2782.6
0.03814,3266.9
0.03816,3594.6
0.03818,3984.5
0.0382,4121.9
0.03822,3656.6
0.03824,2862.2
0.03826,1838.4
0.03828,440.58
0.0383,-869
0.03832,-1956
0.03834,-2899.5
0.03836,-3450.8
0.03838,-3784.3
0.0384,-3653.9
0.03842,-2939.5
0.03844,-2079.6
0.03846,-1191.3
0.03848,-354.82
0.0385,250.19
0.03852,350.69
0.03854,88.557
0.03856,-576.26
0.03858,-1327.8
0.0386,-2046.3
0.03862,-2739.9
0.03864,-3450.6
0.03866,-4213.2
0.03868,-4954.7
0.0387,-5406.2
0.03872,-5457.9
0.03874,-4854.8
0.03876,-3679.6
0.03878,-2050.5
0.0388,-410.53
0.03882,1093.5
0.03884,2378.2
0.03886,3333.9
0.03888,4016.1
0.0389,4671.5
0.03892,5139.4
0.03894,5140.3
0.03896,4716.5
0.03898,4240.7
0.039,3594.8
0.03902,2563
0.03904,1451.3
0.03906,248.96
0.03908,-795.07
0.0391,-1437.8
0.03912,-1595
0.03914,-1457
0.03916,-994.34
0.03918,-62.192
0.0392,1350.4
0.03922,2774.2
0.03924,4132.4
0.03926,5471.1
0.03928,6669.7
0.0393,7410.6
0.03932,7843.9
0.03934,7868.9
0.03936,7420
0.03938,6414.6
0.0394,5189
0.03942,3814.4
0.03944,2356.9
0.03946,693.22
0.03948,-1047.1
0.0395,-2743.8
0.03952,-4365
0.03954,-5539
0.03956,-6409.8
0.03958,-6776.4
0.0396,-6511
0.03962,-5798.4
0.03964,-4513.4
0.03966,-2937.2
0.03968,-1623.7
0.0397,-919.57
0.03972,-486.31
0.03974,-27.157
0.03976,532.72
0.03978,1087.3
0.0398,1567.8
0.03982,2152.9
0.03984,2664
0.03986,2854.8
0.03988,2890.4
0.0399,2813
0.03992,2665.4
0.03994,2777.6
0.03996,3043.4
0.03998,3484
0.04,3828.6
0.04002,3692.7
0.04004,3273.7
0.04006,2667.1
0.04008,1961.3
0.0401,976.42
0.04012,-120.02
0.04014,-1357.7
0.04016,-2847.3
0.04018,-4076.5
0.0402,-4908.4
0.04022,-5567.4
0.04024,-6003.5
0.04026,-6107.7
0.04028,-5714.9
0.0403,-4796.5
0.04032,-3454.9
0.04034,-1853.3
0.04036,-309.61
0.04038,1019.2
0.0404,2187.9
0.04042,3060.2
0.04044,3624.5
0.04046,3958
0.04048,4118.7
0.0405,3829.7
0.04052,3192.6
0.04054,2266.3
0.04056,990.94
0.04058,-494.2
0.0406,-1832.3
0.04062,-2839
0.04064,-3612.4
0.04066,-3873.6
0.04068,-3780.2
0.0407,-3438.6
0.04072,-2600.8
0.04074,-1480
0.04076,-467.55
0.04078,601.96
0.0408,1251.9
0.04082,1482.1
0.04084,1304.3
0.04086,1017.7
0.04088,672.79
0.0409,379.32
0.04092,194.47
0.04094,-287.84
0.04096,-964.55
0.04098,-1628.4
0.041,-2374.4
0.04102,-3252.4
0.04104,-3898.6
0.04106,-4266.4
0.04108,-4208.3
0.0411,-3839.5
0.04112,-3155.6
0.04114,-2589.1
0.04116,-2395.8
0.04118,-2663.6
0.0412,-3309.8
0.04122,-4366.6
0.04124,-5375
0.04126,-5792
0.04128,-5697.1
0.0413,-4971
0.04132,-4015.2
0.04134,-2926.3
0.04136,-1872.4
0.04138,-847.45
0.0414,68.562
0.04142,847.88
0.04144,1602.3
0.04146,2415.9
0.04148,3074.1
0.0415,3531.5
0.04152,3795.3
0.04154,3829.3
0.04156,3284.9
0.04158,2322.4
0.0416,1105.6
0.04162,-209.84
0.04164,-1561.3
0.04166,-2517
0.04168,-2988.5
0.0417,-3152.3
0.04172,-3145.4
0.04174,-2576
0.04176,-1751.5
0.04178,-1101.6
0.0418,-1019.2
0.04182,-1117.4
0.04184,-1347.6
0.04186,-1701
0.04188,-1890.7
0.0419,-2276.9
0.04192,-2851.8
0.04194,-3680.1
0.04196,-4490.4
0.04198,-5007.3
0.042,-5361.2
0.04202,-5316.2
0.04204,-4582.3
0.04206,-3389
0.04208,-2078.3
0.0421,-651.22
0.04212,1042.8
0.04214,2620.3
0.04216,3934.4
0.04218,5161.8
0.0422,6346
0.04222,7041.6
0.04224,7499.9
0.04226,7639.7
0.04228,6932.2
0.0423,5324.3
0.04232,3381.4
0.04234,1151.9
0.04236,-1049.4
0.04238,-2883.5
0.0424,-4203.4
0.04242,-5100.6
0.04244,-5539.5
0.04246,-5618.8
0.04248,-5294.1
0.0425,-4375.4
0.04252,-3331.5
0.04254,-2170.3
0.04256,-1134.8
0.04258,-196.96
0.0426,595.04
0.04262,1295.6
0.04264,1711.4
0.04266,1707.4
0.04268,1497.1
0.0427,947.52
0.04272,-73.169
0.04274,-1229.8
0.04276,-2372.2
0.04278,-3392.1
0.0428,-4000.9
0.04282,-4082.7
0.04284,-3588.4
0.04286,-2652.8
0.04288,-1618
0.0429,-497.37
0.04292,517.2
0.04294,1153
0.04296,1207.4
0.04298,996.3
0.043,695.71
0.04302,404.31
0.04304,349.43
0.04306,376.12
0.04308,306.3
0.0431,296.77
0.04312,581.98
0.04314,1020.9
0.04316,1665.1
0.04318,2799.7
0.0432,4046
0.04322,4926.7
0.04324,5382.9
0.04326,5149.6
0.04328,4207
0.0433,2638.4
0.04332,894.94
0.04334,-781.38
0.04336,-2390.9
0.04338,-3830.1
0.0434,-5136.9
0.04342,-5971.6
0.04344,-6260.6
0.04346,-5743
0.04348,-4566.8
0.0435,-2956.1
0.04352,-1106.6
0.04354,552.26
0.04356,1776.6
0.04358,2647.6
0.0436,3058.3
0.04362,3199.3
0.04364,2955.8
0.04366,2372.8
0.04368,1472.6
0.0437,264.92
0.04372,-1096
0.04374,-2345.6
0.04376,-3164.3
0.04378,-3233.8
0.0438,-2704.6
0.04382,-2177.9
0.04384,-1821.1
0.04386,-1254.5
0.04388,-491.83
0.0439,163.2
0.04392,882.52
0.04394,1514.8
0.04396,2163.4
0.04398,2787.8
0.044,3197.9
0.04402,3414.7
0.04404,3374.8
0.04406,3036.3
0.04408,2454.7
0.0441,1951.6
0.04412,1314.2
0.04414,806.74
0.04416,533.14
0.04418,431.5
0.0442,547.1
0.04422,776.05
0.04424,882.1
0.04426,444.94
0.04428,-411.02
0.0443,-1479.4
0.04432,-2624
0.04434,-3666.1
0.04436,-4498.5
0.04438,-4934.7
0.0444,-4973.7
0.04442,-4687.7
0.04444,-4232.5
0.04446,-3538.5
0.04448,-2404
0.0445,-895.05
0.04452,895.99
0.04454,2638
0.04456,4336.2
0.04458,5678.6
0.0446,6123.9
0.04462,5726.3
0.04464,4528
0.04466,2579.7
0.04468,308.07
0.0447,-2043
0.04472,-3834.5
0.04474,-4848
0.04476,-5215.1
0.04478,-5069.1
0.0448,-4548.9
0.04482,-3621.5
0.04484,-2262.3
0.04486,-713.61
0.04488,660.44
0.0449,1888.2
0.04492,2917.7
0.04494,3651.1
0.04496,4129.3
0.04498,4536.5
0.045,4651.3
0.04502,4595.9
0.04504,4240.8
0.04506,3840.4
0.04508,3597.8
0.0451,3173.2
0.04512,2789.3
0.04514,2275.1
0.04516,1684.5
0.04518,936.09
0.0452,10.304
0.04522,-894
0.04524,-1746.5
0.04526,-2271.5
0.04528,-2282.4
0.0453,-1823.3
0.04532,-1099.9
0.04534,-623.33
0.04536,-143
0.04538,425
0.0454,999.96
0.04542,1625.5
0.04544,2198.5
0.04546,2586.2
0.04548,2865.3
0.0455,2918.1
0.04552,2602.2
0.04554,2321.1
0.04556,2272.3
0.04558,2350.9
0.0456,1964.9
0.04562,1147.5
0.04564,252.81
0.04566,-465.75
0.04568,-1018.3
0.0457,-1384
0.04572,-1788.7
0.04574,-2247.9
0.04576,-2672.6
0.04578,-3001
0.0458,-3192.5
0.04582,-3205.9
0.04584,-3550.3
0.04586,-4064.6
0.04588,-4578.7
0.0459,-5307.4
0.04592,-6083.3
0.04594,-6540.5
0.04596,-6593.6
0.04598,-5975.6
0.046,-5055.5
0.04602,-3978.8
0.04604,-3137.1
0.04606,-2614.6
0.04608,-2244
0.0461,-1872.2
0.04612,-1363.6
0.04614,-360.16
0.04616,828.52
0.04618,1710.4
0.0462,2451.2
0.04622,3245.2
0.04624,4108.4
0.04626,4764.8
0.04628,5027.2
0.0463,4934.4
0.04632,4951.3
0.04634,5222.8
0.04636,5533.4
0.04638,5429.8
0.0464,4765.6
0.04642,3709.8
0.04644,2465.1
0.04646,1525.3
0.04648,834.62
0.0465,259.03
0.04652,-427.24
0.04654,-1305.4
0.04656,-2083.6
0.04658,-2542.7
0.0466,-3084
0.04662,-3706.2
0.04664,-4199
0.04666,-4488.1
0.04668,-4817.5
0.0467,-4864.6
0.04672,-4476.8
0.04674,-3759.1
0.04676,-2632
0.04678,-1447.9
0.0468,-453.59
0.04682,514.68
0.04684,1707.6
0.04686,3019.3
0.04688,4199.4
0.0469,5097.2
0.04692,5857.2
0.04694,6476.4
0.04696,6666
0.04698,6635
0.047,6513.3
0.04702,6344.1
0.04704,6349.1
0.04706,6335.8
0.04708,6534.7
0.0471,6556.9
0.04712,6475.1
0.04714,6186.1
0.04716,5449.5
0.04718,4244.9
0.0472,2565.9
0.04722,815.34
0.04724,-1014.1
0.04726,-2897.3
0.04728,-4329.7
0.0473,-5486.4
0.04732,-6439.7
0.04734,-7084.3
0.04736,-7453.4
0.04738,-7596.3
0.0474,-7444
0.04742,-6723.9
0.04744,-5605.6
0.04746,-4031.5
0.04748,-2101.5
0.0475,-61.735
0.04752,1915.5
0.04754,3436.4
0.04756,4164.2
0.04758,4173.4
0.0476,3492.2
0.04762,2460.2
0.04764,1299.3
0.04766,-202.3
0.04768,-1855.7
0.0477,-3163
0.04772,-3940.3
0.04774,-4032
0.04776,-3376
0.04778,-2184.2
0.0478,-965.28
0.04782,145.69
0.04784,1186
0.04786,2133.5
0.04788,2990.4
0.0479,3724.2
0.04792,4177.4
0.04794,4290.3
0.04796,3932.1
0.04798,2961.3
0.048,1322.6
0.04802,-798.27
0.04804,-3096.1
0.04806,-5310.5
0.04808,-7100.4
0.0481,-8293.8
0.04812,-8636.1
0.04814,-8101.5
0.04816,-6816
0.04818,-5249.5
0.0482,-3536.7
0.04822,-1766.1
0.04824,-95.487
0.04826,1468.8
0.04828,2850.8
0.0483,3938
0.04832,4874.6
0.04834,5584.9
0.04836,5872.7
0.04838,5684.8
0.0484,5047.6
0.04842,4077.6
0.04844,2773.5
0.04846,1298.1
0.04848,-214.66
0.0485,-1567.9
0.04852,-2804.7
0.04854,-4088.3
0.04856,-5266.8
0.04858,-6371.9
0.0486,-7241
0.04862,-7648.6
0.04864,-7262.9
0.04866,-6149.6
0.04868,-4353
0.0487,-2161.6
0.04872,372.87
0.04874,3183
0.04876,5763.3
0.04878,7883.4
0.0488,9153.4
0.04882,9497
0.04884,9093.3
0.04886,8222.7
0.04888,7051.7
0.0489,5656.6
0.04892,4063.3
0.04894,2452.7
0.04896,1079.6
0.04898,-29.876
0.049,-1049.1
0.04902,-1882.6
0.04904,-2479.1
0.04906,-2770.7
0.04908,-2669.3
0.0491,-2298.1
0.04912,-1592.6
0.04914,-476.66
0.04916,650.6
0.04918,1801.4
0.0492,2578.7
0.04922,2639.6
0.04924,2412.5
0.04926,1962.9
0.04928,1594.9
0.0493,1632
0.04932,1908.7
0.04934,2299.1
0.04936,2852.5
0.04938,3455.7
0.0494,3894.7
0.04942,4065.4
0.04944,3894.7
0.04946,3327.4
0.04948,2579.1
0.0495,2160.2
0.04952,2085.9
0.04954,1710.7
0.04956,846.31
0.04958,-193.79
0.0496,-1196.5
0.04962,-2098.5
0.04964,-3048.9
0.04966,-3983.6
0.04968,-4680.6
0.0497,-5171.3
0.04972,-5332.2
0.04974,-5205.5
0.04976,-4856.4
0.04978,-4455.3
0.0498,-3850.4
0.04982,-3077.7
0.04984,-2243.1
0.04986,-1418.9
0.04988,-778.78
0.0499,-477.56
0.04992,-214.11
0.04994,-48.653
0.04996,-167.13
0.04998,-527.32
0.05,-861.14
0.05002,-1176
0.05004,-1486.4
0.05006,-1682.3
0.05008,-1814.5
0.0501,-1857.7
0.05012,-1670.3
0.05014,-1019.8
0.05016,161.28
0.05018,1570.6
0.0502,2775.6
0.05022,3755.4
0.05024,4674
0.05026,5364.2
0.05028,6067.1
0.0503,6809.6
0.05032,7340.8
0.05034,7373.3
0.05036,6991.3
0.05038,6444.9
0.0504,5630.6
0.05042,4671.8
0.05044,3703.3
0.05046,2818.6
0.05048,2130.4
0.0505,1621.1
0.05052,1043.8
0.05054,414.3
0.05056,-467.42
0.05058,-1513.3
0.0506,-2793.3
0.05062,-4116.8
0.05064,-5484.4
0.05066,-6514.8
0.05068,-7293.5
0.0507,-7787.8
0.05072,-7923.6
0.05074,-7448.4
0.05076,-6570.2
0.05078,-5458.5
0.0508,-4326.5
0.05082,-3052.4
0.05084,-1580.9
0.05086,260.02
0.05088,2155.6
0.0509,3944.6
0.05092,5504.1
0.05094,6658.8
0.05096,7356.7
0.05098,7332.5
0.051,6638.3
0.05102,5652.3
0.05104,4476.9
0.05106,3385.6
0.05108,2618.3
0.0511,1942.1
0.05112,1185.4
0.05114,458.54
0.05116,-167.73
0.05118,-838.63
0.0512,-1509.9
0.05122,-1830.9
0.05124,-1915.5
0.05126,-1736.1
0.05128,-1274.2
0.0513,-873.88
0.05132,-727.18
0.05134,-709.89
0.05136,-881.28
0.05138,-1108.6
0.0514,-1315.4
0.05142,-1459.3
0.05144,-1664.9
0.05146,-1728
0.05148,-1937.2
0.0515,-2236.8
0.05152,-2629
0.05154,-2854.4
0.05156,-2992.9
0.05158,-2950.1
0.0516,-2694.8
0.05162,-2341.7
0.05164,-2095.8
0.05166,-1897.3
0.05168,-1926.1
0.0517,-1945
0.05172,-1605.6
0.05174,-921.2
0.05176,-250.67
0.05178,275.53
0.0518,752.01
0.05182,1051.1
0.05184,1295.5
0.05186,1680.4
0.05188,2214.9
0.0519,2922.5
0.05192,3732.7
0.05194,4535.6
0.05196,5202.5
0.05198,5494.9
0.052,5496.9
0.05202,5444.7
0.05204,5248.6
0.05206,4854.4
0.05208,4047.3
0.0521,2791.7
0.05212,966.18
0.05214,-1087.2
0.05216,-3104.4
0.05218,-5036.2
0.0522,-6537.1
0.05222,-7527.4
0.05224,-8122.6
0.05226,-8343.8
0.05228,-8050.1
0.0523,-7234.9
0.05232,-6180.8
0.05234,-4915.9
0.05236,-3572.9
0.05238,-2177.1
0.0524,-711.48
0.05242,535.27
0.05244,1572.5
0.05246,2173.9
0.05248,2526
0.0525,2546.5
0.05252,2308.1
0.05254,2061.2
0.05256,2109.7
0.05258,2464.5
0.0526,2930.7
0.05262,3403.8
0.05264,3770
0.05266,3812.8
0.05268,3592.9
0.0527,2895
0.05272,1848.1
0.05274,667.81
0.05276,-596.98
0.05278,-1680.4
0.0528,-2401.1
0.05282,-2911.1
0.05284,-3365.2
0.05286,-3867
0.05288,-4189.3
0.0529,-4016.9
0.05292,-3404.2
0.05294,-2346.9
0.05296,-883.57
0.05298,648.69
0.053,2202.6
0.05302,3674.3
0.05304,4745.7
0.05306,5384.8
0.05308,5806.1
0.0531,5542.1
0.05312,5074.2
0.05314,4551.4
0.05316,3507.6
0.05318,1930.6
0.0532,145.06
0.05322,-1917.2
0.05324,-4266.9
0.05326,-6400.7
0.05328,-8190.7
0.0533,-9293.9
0.05332,-9594.1
0.05334,-9149.4
0.05336,-8172.1
0.05338,-6678.8
0.0534,-4771.9
0.05342,-2720.9
0.05344,-782.68
0.05346,1025
0.05348,2505.8
0.0535,3798
0.05352,5020.8
0.05354,5967.4
0.05356,6712.4
0.05358,7040.1
0.0536,7056.2
0.05362,6691.5
0.05364,6016.6
0.05366,5188.2
0.05368,4184.5
0.0537,3199.1
0.05372,2199.1
0.05374,1196.5
0.05376,368.3
0.05378,-390.74
0.0538,-1092.5
0.05382,-1530.6
0.05384,-1496.2
0.05386,-1144.8
0.05388,-670.04
0.0539,-122.24
0.05392,635.52
0.05394,1325.4
0.05396,1493
0.05398,1405.6
0.054,1136.8
0.05402,838.74
0.05404,522.15
0.05406,269.77
0.05408,36.991
0.0541,-81.89
0.05412,-41.009
0.05414,23.204
0.05416,114.71
0.05418,425.41
0.0542,672.82
0.05422,872.47
0.05424,797.55
0.05426,938.7
0.05428,1429.5
0.0543,2053
0.05432,2688.4
0.05434,3198.1
0.05436,3425.3
0.05438,3168.2
0.0544,2535.2
0.05442,1470.5
0.05444,174
0.05446,-1096.6
0.05448,-2317.5
0.0545,-3115.8
0.05452,-3238.1
0.05454,-2663
0.05456,-1506.7
0.05458,3.5644
0.0546,1637
0.05462,2715.9
0.05464,2978.9
0.05466,2560.4
0.05468,1574.2
0.0547,359.2
0.05472,-764.14
0.05474,-1721.4
0.05476,-2463.1
0.05478,-3115.4
0.0548,-3935.3
0.05482,-4719.4
0.05484,-5164.5
0.05486,-5186.2
0.05488,-4820
0.0549,-4293.1
0.05492,-3622.4
0.05494,-2668.1
0.05496,-1664.3
0.05498,-759.61
0.055,295.15
0.05502,1388.3
0.05504,2359.3
0.05506,3205.9
0.05508,3618.5
0.0551,3938.9
0.05512,4078.2
0.05514,3995.5
0.05516,3572.9
0.05518,3123.7
0.0552,2666.6
0.05522,1981.2
0.05524,1032.6
0.05526,166.9
0.05528,-546.66
0.0553,-1022.9
0.05532,-1403.7
0.05534,-1800.7
0.05536,-1956
0.05538,-2038.8
0.0554,-2100.9
0.05542,-1987.4
0.05544,-1763.3
0.05546,-1818.2
0.05548,-2029.1
0.0555,-2357.9
0.05552,-2801.9
0.05554,-3019.2
0.05556,-2772.5
0.05558,-2303.6
0.0556,-2020.8
0.05562,-2039.3
0.05564,-2358.4
0.05566,-2914.3
0.05568,-3387.6
0.0557,-3650.6
0.05572,-3334.5
0.05574,-2325
0.05576,-932.6
0.05578,256.33
0.0558,1007.5
0.05582,1447.8
0.05584,1938.6
0.05586,2539.6
0.05588,3080.7
0.0559,3578.5
0.05592,4164
0.05594,4636.7
0.05596,4699.4
0.05598,4359.8
0.056,3490.8
0.05602,2425.3
0.05604,1690.3
0.05606,1144.2
0.05608,745.26
0.0561,769.15
0.05612,963.1
0.05614,1308
0.05616,1732.3
0.05618,2370.9
0.0562,3159.3
0.05622,4006.4
0.05624,4781.9
0.05626,5283.8
0.05628,5914.2
0.0563,6271.8
0.05632,6338.9
0.05634,5935.1
0.05636,5130.9
0.05638,4164.5
0.0564,3275.7
0.05642,2387.1
0.05644,1730.8
0.05646,1300.4
0.05648,1057.7
0.0565,816.34
0.05652,235.37
0.05654,-393.97
0.05656,-1073.6
0.05658,-1541.3
0.0566,-1978.6
0.05662,-2000.3
0.05664,-1783.7
0.05666,-1586.1
0.05668,-1419.4
0.0567,-1480.3
0.05672,-2089.6
0.05674,-2873.3
0.05676,-3728.4
0.05678,-4617.6
0.0568,-5284.9
0.05682,-5419.8
0.05684,-5323.8
0.05686,-5063.6
0.05688,-4918
0.0569,-4946
0.05692,-4673.7
0.05694,-4218.3
0.05696,-3750.8
0.05698,-3254.8
0.057,-2681.1
0.05702,-2020.6
0.05704,-1534.4
0.05706,-1220.1
0.05708,-967.78
0.0571,-424.79
0.05712,215.14
0.05714,605.85
0.05716,1012.4
0.05718,1369.3
0.0572,1350.8
0.05722,829.93
0.05724,-76.501
0.05726,-1025.1
0.05728,-1724.8
0.0573,-2007.7
0.05732,-1644.3
0.05734,-1017.6
0.05736,-184.44
0.05738,383.61
0.0574,453.61
0.05742,125.07
0.05744,-295.86
0.05746,-887.24
0.05748,-1454.9
0.0575,-1851.9
0.05752,-2405.1
0.05754,-3005.9
0.05756,-3444.9
0.05758,-3422.1
0.0576,-3038.8
0.05762,-2335.7
0.05764,-1302.7
0.05766,-244.82
0.05768,987.06
0.0577,2386.7
0.05772,3568.8
0.05774,4700.6
0.05776,5949.4
0.05778,7216.1
0.0578,8133.8
0.05782,8538.4
0.05784,8359.6
0.05786,7676.7
0.05788,6902.4
0.0579,6184.7
0.05792,5606.9
0.05794,5198.9
0.05796,5273.3
0.05798,5775.4
0.058,6362.3
0.05802,6889.1
0.05804,7506.5
0.05806,7985.1
0.05808,7946.3
0.0581,7314.3
0.05812,6093.7
0.05814,4477
0.05816,2666
0.05818,860.33
0.0582,-478.49
0.05822,-1441.5
0.05824,-2178.2
0.05826,-2952.9
0.05828,-3752.9
0.0583,-4162.3
0.05832,-4308.1
0.05834,-4354.3
0.05836,-4579.7
0.05838,-4847
0.0584,-4954
0.05842,-4783.4
0.05844,-4252.9
0.05846,-3036.7
0.05848,-1586.8
0.0585,-402.53
0.05852,499.72
0.05854,978.02
0.05856,928.98
0.05858,513.02
0.0586,117.64
0.05862,-381.23
0.05864,-879.06
0.05866,-1358.3
0.05868,-1756.8
0.0587,-2245.9
0.05872,-2783.6
0.05874,-2903
0.05876,-2646.9
0.05878,-2386.7
0.0588,-2320.7
0.05882,-2284.1
0.05884,-2085.3
0.05886,-2046.8
0.05888,-1850
0.0589,-1230.9
0.05892,-613.74
0.05894,-70.958
0.05896,190.09
0.05898,462.61
0.059,753.9
0.05902,1270.5
0.05904,1942.6
0.05906,2474.4
0.05908,2906.4
0.0591,3109
0.05912,2934.6
0.05914,2472
0.05916,1738.6
0.05918,736.16
0.0592,-157.87
0.05922,-680.95
0.05924,-713.73
0.05926,-418.11
0.05928,92.314
0.0593,686.09
0.05932,1379.6
0.05934,2013
0.05936,2651.2
0.05938,3320.5
0.0594,3762
0.05942,4174.3
0.05944,4684.6
0.05946,5170.1
0.05948,5218.5
0.0595,4678.2
0.05952,3937
0.05954,3032.7
0.05956,2158
0.05958,1511.6
0.0596,1312
0.05962,1421.3
0.05964,1501.7
0.05966,1587.6
0.05968,1820
0.0597,1976.3
0.05972,2044.2
0.05974,2121.7
0.05976,2052
0.05978,2222.8
0.0598,2502.7
0.05982,2700.9
0.05984,2705.3
0.05986,2747.6
0.05988,2794.4
0.0599,2772.3
0.05992,2578.5
0.05994,2159.3
0.05996,1439.7
0.05998,73.843
0.06,-1484.9
0.06002,-2808.7
0.06004,-3736.1
0.06006,-4214.7
0.06008,-4328.6
0.0601,-4166.4
0.06012,-3910.8
0.06014,-3575.1
0.06016,-3037.3
0.06018,-2394.7
0.0602,-1634.3
0.06022,-870.53
0.06024,-357.74
0.06026,-4.6674
0.06028,315.84
0.0603,498.31
0.06032,841.35
0.06034,1531.5
0.06036,2413.6
0.06038,3355.4
0.0604,4113.6
0.06042,4484.2
0.06044,4313.9
0.06046,3774.7
0.06048,2925.5
0.0605,2120.7
0.06052,1361.7
0.06054,470.89
0.06056,-306.35
0.06058,-745.08
0.0606,-1240.9
0.06062,-1664.3
0.06064,-1981.9
0.06066,-2153.1
0.06068,-2127.4
0.0607,-1751
0.06072,-814.79
0.06074,138.49
0.06076,1177.2
0.06078,1927.7
0.0608,2578.1
0.06082,3103
0.06084,3536.2
0.06086,3936.5
0.06088,4358.2
0.0609,4268.6
0.06092,4265
0.06094,4380.3
0.06096,4458
0.06098,4186.1
0.061,3469.7
0.06102,2650.8
0.06104,2145.2
0.06106,2021.4
0.06108,2000.4
0.0611,1971.7
0.06112,2098.1
0.06114,2127
0.06116,1994.7
0.06118,1379.6
0.0612,467.16
0.06122,-416.4
0.06124,-1138.2
0.06126,-1565.3
0.06128,-1936.1
0.0613,-2294.8
0.06132,-2373.3
0.06134,-2188.8
0.06136,-1798.4
0.06138,-1343.4
0.0614,-661.96
0.06142,197.07
0.06144,1283.1
0.06146,2351.8
0.06148,3102
0.0615,3241.7
0.06152,2695
0.06154,1628.5
0.06156,164.92
0.06158,-1621.9
0.0616,-3476.1
0.06162,-5272.8
0.06164,-6570.7
0.06166,-7154.2
0.06168,-7232.5
0.0617,-6861.9
0.06172,-6336.8
0.06174,-5787.4
0.06176,-5193
0.06178,-4773.9
0.0618,-4495.3
0.06182,-4187.2
0.06184,-3743.1
0.06186,-2921.1
0.06188,-1999
0.0619,-1163.8
0.06192,-267.27
0.06194,424.71
0.06196,1047.7
0.06198,1504
0.062,1801.2
0.06202,1825.5
0.06204,1732.3
0.06206,1784.2
0.06208,2312.5
0.0621,3229.2
0.06212,4120.1
0.06214,4775
0.06216,5169.4
0.06218,5224.3
0.0622,5111.5
0.06222,4832.1
0.06224,4734.1
0.06226,4751.7
0.06228,4708.6
0.0623,4520.6
0.06232,4304.9
0.06234,4026.8
0.06236,4052.1
0.06238,4170.7
0.0624,4142.1
0.06242,4134.4
0.06244,3927.3
0.06246,3197
0.06248,2143.8
0.0625,676.36
0.06252,-869.3
0.06254,-2373.4
0.06256,-3644.4
0.06258,-4534.3
0.0626,-4988.3
0.06262,-4861.7
0.06264,-4583.7
0.06266,-4114.8
0.06268,-3291
0.0627,-2343
0.06272,-1740
0.06274,-1529.5
0.06276,-1621.6
0.06278,-2048.5
0.0628,-2667.5
0.06282,-3345
0.06284,-3955.4
0.06286,-4661.8
0.06288,-5566.9
0.0629,-6425.4
0.06292,-7149.8
0.06294,-7633.1
0.06296,-7851.1
0.06298,-7781.1
0.063,-7505.1
0.06302,-6856.6
0.06304,-5856.7
0.06306,-4886
0.06308,-4200.9
0.0631,-3015.2
0.06312,-1483.5
0.06314,152.17
0.06316,2073.7
0.06318,4019.2
0.0632,5737.9
0.06322,7184.9
0.06324,8533.4
0.06326,9725.2
0.06328,10410
0.0633,10182
0.06332,9045.6
0.06334,7390.2
0.06336,5595.7
0.06338,3815.2
0.0634,1974.8
0.06342,580.81
0.06344,-408.17
0.06346,-1249.1
0.06348,-1825.8
0.0635,-1801.5
0.06352,-1580.8
0.06354,-1275.3
0.06356,-958.37
0.06358,-384.76
0.0636,467.15
0.06362,1387
0.06364,2259.6
0.06366,3077.2
0.06368,3813.8
0.0637,4339.7
0.06372,4435.3
0.06374,4133.1
0.06376,3810.7
0.06378,3621.6
0.0638,3210.6
0.06382,2922.1
0.06384,2481.1
0.06386,1848.3
0.06388,991.3
0.0639,-340.92
0.06392,-1632.4
0.06394,-2945.1
0.06396,-3963.4
0.06398,-4589.6
0.064,-5232.4
0.06402,-5901.8
0.06404,-6437.6
0.06406,-6574.1
0.06408,-6369.3
0.0641,-5811.1
0.06412,-4713.5
0.06414,-2998.8
0.06416,-910
0.06418,1180.3
0.0642,3538.9
0.06422,5865.3
0.06424,7814.5
0.06426,9186.2
0.06428,9717.9
0.0643,9398.4
0.06432,8278.4
0.06434,6528.9
0.06436,4246.1
0.06438,1653.6
0.0644,-977.86
0.06442,-3198.6
0.06444,-4715.6
0.06446,-5427.4
0.06448,-5227.4
0.0645,-4251.9
0.06452,-2851.5
0.06454,-1150.4
0.06456,724.45
0.06458,2532.9
0.0646,4098.7
0.06462,5452.5
0.06464,6334
0.06466,6575.1
0.06468,6132.5
0.0647,4975.3
0.06472,3072.1
0.06474,445.38
0.06476,-2423.9
0.06478,-4991.7
0.0648,-6924.2
0.06482,-8033.6
0.06484,-8250.5
0.06486,-7651.9
0.06488,-6398.7
0.0649,-4644.3
0.06492,-2515
0.06494,-674.45
0.06496,634.68
0.06498,1272.2
0.065,1105.1
0.06502,476.38
0.06504,-450.71
0.06506,-1531.6
0.06508,-2753.1
0.0651,-4046.4
0.06512,-5423
0.06514,-6699.1
0.06516,-7808
0.06518,-8383.1
0.0652,-8327.3
0.06522,-7667.5
0.06524,-6428.4
0.06526,-4813.9
0.06528,-2749.1
0.0653,-232.74
0.06532,2391.2
0.06534,4925.4
0.06536,7176.7
0.06538,8832.6
0.0654,9847.7
0.06542,10130
0.06544,9677.1
0.06546,8801.2
0.06548,7868.1
0.0655,6997.8
0.06552,6214.4
0.06554,5349.9
0.06556,4316.7
0.06558,2998.5
0.0656,1583.7
0.06562,-173.22
0.06564,-2057.8
0.06566,-3581
0.06568,-4863.5
0.0657,-5643.2
0.06572,-5735.1
0.06574,-5209.4
0.06576,-4469.9
0.06578,-3395.2
0.0658,-2016.6
0.06582,-273.44
0.06584,1657.2
0.06586,3720.2
0.06588,5578.4
0.0659,6653.5
0.06592,7155
0.06594,7074.6
0.06596,6117.1
0.06598,4473.8
0.066,2492.8
0.06602,20.145
0.06604,-2554.4
0.06606,-4818.1
0.06608,-6751.4
0.0661,-8344.5
0.06612,-9589.3
0.06614,-10276
0.06616,-10154
0.06618,-9243.5
0.0662,-7811.7
0.06622,-5951.7
0.06624,-3758.8
0.06626,-1141
0.06628,1593.9
0.0663,4031.4
0.06632,5920.2
0.06634,7047.8
0.06636,7211.3
0.06638,6981.1
0.0664,6209.8
0.06642,4770.1
0.06644,2934.8
0.06646,1056.8
0.06648,-707.57
0.0665,-1951.1
0.06652,-2828.3
0.06654,-3313.5
0.06656,-3314.6
0.06658,-2942.3
0.0666,-2580.1
0.06662,-2207.1
0.06664,-1916.9
0.06666,-1497.2
0.06668,-1043.3
0.0667,-409.04
0.06672,495.77
0.06674,1425.1
0.06676,2352
0.06678,2908.8
0.0668,3145.3
0.06682,3232.9
0.06684,3546.8
0.06686,4243.4
0.06688,4881.7
0.0669,5319
0.06692,5369.7
0.06694,5081.1
0.06696,4447.4
0.06698,3366.1
0.067,2087.2
0.06702,1075.5
0.06704,362.87
0.06706,214.1
0.06708,192.04
0.0671,50.597
0.06712,137.8
0.06714,258.48
0.06716,480.6
0.06718,764.28
0.0672,1174.6
0.06722,1516.2
0.06724,1763.5
0.06726,1894.1
0.06728,1736
0.0673,1082.3
0.06732,-130.98
0.06734,-1629
0.06736,-2981.3
0.06738,-4062.5
0.0674,-4561.8
0.06742,-4378.3
0.06744,-3762
0.06746,-2873.4
0.06748,-1547.8
0.0675,-389.29
0.06752,341.98
0.06754,502.46
0.06756,121.33
0.06758,-425.19
0.0676,-775.46
0.06762,-936.69
0.06764,-976.97
0.06766,-669.01
0.06768,-199.24
0.0677,300.99
0.06772,748.05
0.06774,1211.5
0.06776,1857.4
0.06778,2328.8
0.0678,2581.3
0.06782,2823.4
0.06784,3021.6
0.06786,3232.1
0.06788,3536.6
0.0679,3761.3
0.06792,3739.9
0.06794,3815.6
0.06796,3833.4
0.06798,3554.3
0.068,3107
0.06802,2687.2
0.06804,2151.8
0.06806,1854.3
0.06808,2032.1
0.0681,2460.3
0.06812,2690.2
0.06814,2469.5
0.06816,2028
0.06818,1386.7
0.0682,739.42
0.06822,166.09
0.06824,-304.63
0.06826,-911.97
0.06828,-1570.8
0.0683,-2095.8
0.06832,-2454.3
0.06834,-2900.2
0.06836,-3318.4
0.06838,-3437.6
0.0684,-3349.2
0.06842,-2996.7
0.06844,-2518.5
0.06846,-1785.8
0.06848,-756.93
0.0685,793.49
0.06852,2546.5
0.06854,3921.5
0.06856,5033.5
0.06858,5481
0.0686,5116.4
0.06862,4262
0.06864,3115.4
0.06866,1731.9
0.06868,369.21
0.0687,-727.71
0.06872,-1599.6
0.06874,-2149.9
0.06876,-2382.2
0.06878,-2555.6
0.0688,-2423.6
0.06882,-2177.9
0.06884,-1969.6
0.06886,-1884.8
0.06888,-1868.4
0.0689,-1869.8
0.06892,-1843.4
0.06894,-1705.2
0.06896,-1348.6
0.06898,-499.71
0.069,678.65
0.06902,2068.4
0.06904,3432.2
0.06906,4551.6
0.06908,5311.1
0.0691,5828.6
0.06912,6249
0.06914,6388.1
0.06916,6190.6
0.06918,5485.9
0.0692,4240.2
0.06922,2558.9
0.06924,620.56
0.06926,-1114
0.06928,-2658.7
0.0693,-4062.9
0.06932,-4901.8
0.06934,-5088.9
0.06936,-4904.8
0.06938,-4522.1
0.0694,-4034.6
0.06942,-3512.5
0.06944,-2901.7
0.06946,-1993.3
0.06948,-925.12
0.0695,-11.197
0.06952,674.89
0.06954,1211.9
0.06956,1270.6
0.06958,1186.6
0.0696,1175.2
0.06962,1381.1
0.06964,1613
0.06966,1771.8
0.06968,1803.8
0.0697,1669.5
0.06972,1295.5
0.06974,759.11
0.06976,31.66
0.06978,-1043
0.0698,-2333.8
0.06982,-3466.2
0.06984,-4554.9
0.06986,-5479.5
0.06988,-5973.6
0.0699,-6172.3
0.06992,-5913.3
0.06994,-5264.2
0.06996,-4108.8
0.06998,-2746.5
0.07,-1039.6
0.07002,705.58
0.07004,2489.2
0.07006,4374.8
0.07008,6014.5
0.0701,7392.1
0.07012,8416.1
0.07014,9045.9
0.07016,9440.6
0.07018,9331.4
0.0702,8672.1
0.07022,7419.7
0.07024,5645.8
0.07026,3740.4
0.07028,1824.4
0.0703,-148.89
0.07032,-1968.6
0.07034,-3419.5
0.07036,-4598.6
0.07038,-5710.3
0.0704,-6623.8
0.07042,-7381.6
0.07044,-7950.3
0.07046,-7860.2
0.07048,-7509.5
0.0705,-6809.6
0.07052,-5993.3
0.07054,-5094
0.07056,-3731.3
0.07058,-1853.5
0.0706,209.78
0.07062,2346.5
0.07064,4479.3
0.07066,6279.3
0.07068,7639.4
0.0707,8374
0.07072,8514.5
0.07074,8166.1
0.07076,7284.6
0.07078,6090.8
0.0708,4665
0.07082,3326.9
0.07084,1925.2
0.07086,741.85
0.07088,-237.69
0.0709,-1316.6
0.07092,-2130.1
0.07094,-2505.7
0.07096,-2406.4
0.07098,-2172.9
0.071,-1893.3
0.07102,-1697.4
0.07104,-1448.6
0.07106,-1107
0.07108,-933.99
0.0711,-903.22
0.07112,-1259.5
0.07114,-1814.9
0.07116,-2705.4
0.07118,-3786.7
0.0712,-4726.2
0.07122,-5488.1
0.07124,-5945.6
0.07126,-5738.7
0.07128,-4815.3
0.0713,-3452.8
0.07132,-1788.2
0.07134,-107.84
0.07136,1369.1
0.07138,2626.8
0.0714,3583.8
0.07142,4164.5
0.07144,4081.3
0.07146,3416.4
0.07148,2171.3
0.0715,687.57
0.07152,-875.78
0.07154,-2516.8
0.07156,-3527.1
0.07158,-3834.6
0.0716,-3802.1
0.07162,-3560.1
0.07164,-2983.6
0.07166,-2140.3
0.07168,-946.82
0.0717,405.78
0.07172,1824.1
0.07174,3028.5
0.07176,3894
0.07178,4505.8
0.0718,4791
0.07182,4661.6
0.07184,4345.4
0.07186,3984.2
0.07188,3598
0.0719,3446.1
0.07192,3530
0.07194,3459.6
0.07196,3268.4
0.07198,2558.2
0.072,1576.3
0.07202,459.87
0.07204,-966.99
0.07206,-2687.1
0.07208,-4036.2
0.0721,-5056.3
0.07212,-5925.7
0.07214,-6728.2
0.07216,-7377.1
0.07218,-8023.1
0.0722,-8397.4
0.07222,-8664.7
0.07224,-8711.5
0.07226,-8616.3
0.07228,-8576.4
0.0723,-8637
0.07232,-8773.8
0.07234,-8835.7
0.07236,-8674.5
0.07238,-8194.9
0.0724,-7622.4
0.07242,-7002.6
0.07244,-6275.4
0.07246,-5103.3
0.07248,-3506.3
0.0725,-1594.8
0.07252,223.99
0.07254,1511
0.07256,2254.4
0.07258,2812
0.0726,3185.6
0.07262,3423.3
0.07264,3707.6
0.07266,3770.9
0.07268,3524.7
0.0727,2689.6
0.07272,1683.6
0.07274,926.99
0.07276,511.58
0.07278,208.85
0.0728,241.85
0.07282,657.5
0.07284,1178.2
0.07286,1676.2
0.07288,2232.4
0.0729,3089.3
0.07292,3823.4
0.07294,4335.2
0.07296,4933.6
0.07298,5603.2
0.073,5876
0.07302,5566.2
0.07304,4884.4
0.07306,3926.8
0.07308,2975.6
0.0731,2191.6
0.07312,1549.7
0.07314,1163.9
0.07316,866.91
0.07318,702.4
0.0732,594.51
0.07322,380.97
0.07324,-45.34
0.07326,-572.42
0.07328,-1283.2
0.0733,-2126.9
0.07332,-3056.7
0.07334,-3705.8
0.07336,-4326.7
0.07338,-4870.9
0.0734,-5442.2
0.07342,-5839
0.07344,-5772.7
0.07346,-5390.6
0.07348,-4952.6
0.0735,-4284.7
0.07352,-3484.1
0.07354,-2582.7
0.07356,-1661.9
0.07358,-1188.2
0.0736,-1296.8
0.07362,-1312.1
0.07364,-1392.2
0.07366,-1748.4
0.07368,-1956.6
0.0737,-1821.1
0.07372,-1325.1
0.07374,-714.18
0.07376,100.18
0.07378,745.46
0.0738,1110.7
0.07382,1590.8
0.07384,1993.1
0.07386,1909.7
0.07388,1658.8
0.0739,1344.9
0.07392,1035.9
0.07394,856.14
0.07396,641.02
0.07398,422.44
0.074,340.39
0.07402,354.8
0.07404,474
0.07406,490.68
0.07408,393.54
0.0741,357.06
0.07412,59.436
0.07414,-516.72
0.07416,-984.42
0.07418,-1283
0.0742,-1350.6
0.07422,-1154.2
0.07424,-710.21
0.07426,-212.21
0.07428,355.29
0.0743,892.73
0.07432,1334.7
0.07434,1704.6
0.07436,1677
0.07438,1361
0.0744,990.67
0.07442,586.38
0.07444,445.5
0.07446,549.65
0.07448,750.86
0.0745,685.3
0.07452,583.02
0.07454,505.2
0.07456,739.18
0.07458,1164.2
0.0746,1977.8
0.07462,3258.3
0.07464,4799.2
0.07466,6211.9
0.07468,7064.6
0.0747,7526.8
0.07472,7380.7
0.07474,6682
0.07476,5863.9
0.07478,4821.5
0.0748,3537.2
0.07482,2246.7
0.07484,653.15
0.07486,-1311.2
0.07488,-3150.6
0.0749,-4673.7
0.07492,-5920.4
0.07494,-7049.6
0.07496,-7905.9
0.07498,-8378.3
0.075,-8531.5
0.07502,-8016.3
0.07504,-6928.4
0.07506,-5648.2
0.07508,-4516.4
0.0751,-3249.9
0.07512,-1943.8
0.07514,-1075.7
0.07516,-587.73
0.07518,-239.99
0.0752,-253.19
0.07522,-751.82
0.07524,-1578.8
0.07526,-2619.2
0.07528,-3602.7
0.0753,-4399.9
0.07532,-4887.3
0.07534,-4875.9
0.07536,-4271
0.07538,-3181.4
0.0754,-1869.4
0.07542,-592.84
0.07544,478.22
0.07546,1578.6
0.07548,2582
0.0755,3534.9
0.07552,4065.5
0.07554,4243.7
0.07556,3734
0.07558,2871.8
0.0756,1885
0.07562,747.45
0.07564,-514.21
0.07566,-1708.1
0.07568,-2742.2
0.0757,-3389.7
0.07572,-3365.3
0.07574,-2808.9
0.07576,-2147.9
0.07578,-1451.1
0.0758,-770.91
0.07582,110.77
0.07584,1149.9
0.07586,2108.1
0.07588,2901.6
0.0759,3809.4
0.07592,4819
0.07594,5690.7
0.07596,6150.6
0.07598,6429.6
0.076,6455.7
0.07602,6082.1
0.07604,5311.6
0.07606,4202.9
0.07608,2998.9
0.0761,1941.4
0.07612,798.68
0.07614,-216.38
0.07616,-1367.2
0.07618,-2482.5
0.0762,-3400.9
0.07622,-4193.5
0.07624,-4727.6
0.07626,-4851.7
0.07628,-4328.1
0.0763,-3258
0.07632,-2102.8
0.07634,-1146.8
0.07636,-597.75
0.07638,-179.66
0.0764,93.862
0.07642,64.679
0.07644,-44.963
0.07646,23.546
0.07648,153.2
0.0765,226.99
0.07652,511.28
0.07654,789.27
0.07656,1380.2
0.07658,2083.7
0.0766,2595.5
0.07662,2808.4
0.07664,2691.2
0.07666,2057.7
0.07668,983.04
0.0767,-98.433
0.07672,-1128.8
0.07674,-1951
0.07676,-2426.7
0.07678,-2228
0.0768,-1506.4
0.07682,-551.77
0.07684,428.79
0.07686,1257.6
0.07688,1940.1
0.0769,2356.1
0.07692,2708.5
0.07694,3036.9
0.07696,2835.4
0.07698,2259.8
0.077,1529.4
0.07702,537.01
0.07704,-715.99
0.07706,-1799.2
0.07708,-2490.6
0.0771,-2768
0.07712,-2688.8
0.07714,-2415.4
0.07716,-1949.1
0.07718,-1078.2
0.0772,328.9
0.07722,1897.4
0.07724,3427.3
0.07726,4671.6
0.07728,5380.6
0.0773,5743.9
0.07732,5735.2
0.07734,5085.8
0.07736,4015.5
0.07738,2510.4
0.0774,830.88
0.07742,-913.82
0.07744,-3087.9
0.07746,-5042.5
0.07748,-6629.4
0.0775,-7582.5
0.07752,-8008
0.07754,-7886.8
0.07756,-7168.1
0.07758,-6038.8
0.0776,-4908.3
0.07762,-3874.3
0.07764,-2665.8
0.07766,-1442
0.07768,-549.41
0.0777,107.61
0.07772,366.33
0.07774,338.84
0.07776,97.534
0.07778,-596.78
0.0778,-1547.5
0.07782,-2283.2
0.07784,-2659.5
0.07786,-2605.4
0.07788,-2077
0.0779,-1278.3
0.07792,-11.005
0.07794,1358.2
0.07796,2474.4
0.07798,3420.2
0.078,4401.8
0.07802,5171.8
0.07804,5796.1
0.07806,6030.5
0.07808,5966.5
0.0781,5887.9
0.07812,5404.3
0.07814,4456.5
0.07816,3132.2
0.07818,1551.1
0.0782,-15.705
0.07822,-1480.7
0.07824,-2842.6
0.07826,-3861.2
0.07828,-4535.3
0.0783,-5068.2
0.07832,-5271.5
0.07834,-5392.8
0.07836,-5304.2
0.07838,-4610.4
0.0784,-3317.8
0.07842,-1710.9
0.07844,-49.726
0.07846,1563.4
0.07848,2970.2
0.0785,4058
0.07852,4955
0.07854,5508.7
0.07856,5679.7
0.07858,5517.4
0.0786,5333.9
0.07862,5131.7
0.07864,4683.7
0.07866,4181.4
0.07868,3630.1
0.0787,2994.8
0.07872,2333.8
0.07874,1685.1
0.07876,1289.4
0.07878,966.23
0.0788,736.63
0.07882,705.22
0.07884,784.01
0.07886,1121.8
0.07888,1539.1
0.0789,1752
0.07892,1750.3
0.07894,1499.6
0.07896,615.63
0.07898,-518.6
0.079,-1785.2
0.07902,-3110.3
0.07904,-4294.4
0.07906,-5415
0.07908,-6187.1
0.0791,-6275.5
0.07912,-5703.8
0.07914,-4561.2
0.07916,-2925.5
0.07918,-1045.2
0.0792,692.17
0.07922,2311.5
0.07924,3739.6
0.07926,4860.3
0.07928,5821.6
0.0793,6578.6
0.07932,6987.4
0.07934,7149.9
0.07936,7047
0.07938,6709.1
0.0794,5857.4
0.07942,4584
0.07944,2971.2
0.07946,1177.4
0.07948,-721.33
0.0795,-2357.6
0.07952,-3707.6
0.07954,-4778.5
0.07956,-5592.6
0.07958,-5986.4
0.0796,-5944.9
0.07962,-5609.1
0.07964,-4869.2
0.07966,-4008.1
0.07968,-3527.1
0.0797,-3467.1
0.07972,-3589.4
0.07974,-3593.5
0.07976,-3515.2
0.07978,-3371
0.0798,-3192.9
0.07982,-2939.6
0.07984,-2310.5
0.07986,-1679
0.07988,-1117.6
0.0799,-350.52
0.07992,579.37
0.07994,1422.2
0.07996,2102.5
0.07998,2584.8
0.08,2887
0.08002,2997.8
0.08004,2863.6
0.08006,2473.3
0.08008,1719.1
0.0801,753.9
0.08012,-204.77
0.08014,-1281.6
0.08016,-2169.6
0.08018,-2756.2
0.0802,-3124
0.08022,-3209.3
0.08024,-3215.5
0.08026,-3145.8
0.08028,-2839.9
0.0803,-2383.3
0.08032,-1562.4
0.08034,-423.96
0.08036,1019
0.08038,2596.6
0.0804,4115.8
0.08042,5282.5
0.08044,6099.3
0.08046,6392.5
0.08048,6048.9
0.0805,5516.2
0.08052,4682.4
0.08054,3416.1
0.08056,2066.4
0.08058,862.43
0.0806,-279.3
0.08062,-1064.2
0.08064,-1285.1
0.08066,-1189
0.08068,-980.96
0.0807,-893.48
0.08072,-818.12
0.08074,-750.47
0.08076,-696.83
0.08078,-537.4
0.0808,-296.13
0.08082,7.4801
0.08084,485.85
0.08086,983.03
0.08088,1160.8
0.0809,1431.3
0.08092,1836.3
0.08094,2187.2
0.08096,2679.6
0.08098,3272.1
0.081,3738.3
0.08102,3958.4
0.08104,4094.6
0.08106,3970.8
0.08108,3667.3
0.0811,3397.7
0.08112,2857.2
0.08114,1739.8
0.08116,244.42
0.08118,-1511.8
0.0812,-3309.8
0.08122,-4590.6
0.08124,-5265.5
0.08126,-5383.8
0.08128,-5128.2
0.0813,-4713.4
0.08132,-3886.3
0.08134,-2290.9
0.08136,-206.71
0.08138,2108.5
0.0814,4179.4
0.08142,5842.7
0.08144,6889.3
0.08146,7147.9
0.08148,6669.4
0.0815,5797.8
0.08152,4486.9
0.08154,2775.3
0.08156,1214.1
0.08158,-219.75
0.0816,-1459.5
0.08162,-2350.5
0.08164,-2967.9
0.08166,-3549.6
0.08168,-4033.5
0.0817,-4179.1
0.08172,-4295.9
0.08174,-4129.6
0.08176,-3941.7
0.08178,-3811.1
0.0818,-3671.6
0.08182,-3675.2
0.08184,-3853
0.08186,-4211.8
0.08188,-4416.3
0.0819,-4291.3
0.08192,-3893.1
0.08194,-3230
0.08196,-2458.4
0.08198,-1588.4
0.082,-679.24
0.08202,124.61
0.08204,886.29
0.08206,1572.6
0.08208,2109.9
0.0821,2634.2
0.08212,3165.4
0.08214,3330.6
0.08216,3163.7
0.08218,2715.8
0.0822,1918.2
0.08222,809.11
0.08224,-482.34
0.08226,-1757.8
0.08228,-2851.1
0.0823,-3872.5
0.08232,-4564.3
0.08234,-4888.3
0.08236,-4748.8
0.08238,-4168.9
0.0824,-3228.4
0.08242,-2266.2
0.08244,-1311.6
0.08246,-364.63
0.08248,177.82
0.0825,767.25
0.08252,1511.5
0.08254,2180.1
0.08256,2551
0.08258,2722.9
0.0826,2565.8
0.08262,2417
0.08264,2381.4
0.08266,2491.8
0.08268,2611.7
0.0827,2569.2
0.08272,2629.1
0.08274,3023.3
0.08276,3462.1
0.08278,3670.8
0.0828,3584.1
0.08282,3148.4
0.08284,2527.9
0.08286,1911
0.08288,1186.4
0.0829,278.21
0.08292,-532.5
0.08294,-1244
0.08296,-1858.4
0.08298,-2596.1
0.083,-3509.5
0.08302,-4198
0.08304,-4394.1
0.08306,-4503.1
0.08308,-4319.1
0.0831,-3953.9
0.08312,-3462.8
0.08314,-2769.6
0.08316,-1850.5
0.08318,-1130.6
0.0832,-648.59
0.08322,-344.43
0.08324,-129.98
0.08326,149.02
0.08328,658.84
0.0833,1444.4
0.08332,2237.1
0.08334,2735
0.08336,2919.3
0.08338,2815
0.0834,2492.5
0.08342,2180.3
0.08344,1986.3
0.08346,1732.4
0.08348,1320.7
0.0835,920.33
0.08352,356.38
0.08354,-508.79
0.08356,-1165.5
0.08358,-1905.4
0.0836,-2776.6
0.08362,-3564
0.08364,-4351.5
0.08366,-5134.9
0.08368,-5779
0.0837,-5935.2
0.08372,-5529.2
0.08374,-4826.3
0.08376,-3947.3
0.08378,-2925.9
0.0838,-2129.5
0.08382,-1758.8
0.08384,-1554.8
0.08386,-1380.7
0.08388,-1435.9
0.0839,-1562.2
0.08392,-1637.4
0.08394,-1762.8
0.08396,-1904.2
0.08398,-1975.2
0.084,-1959.6
0.08402,-1841.2
0.08404,-1458.3
0.08406,-866.83
0.08408,13.74
0.0841,920.7
0.08412,1782.7
0.08414,2642.5
0.08416,3511.2
0.08418,4083.2
0.0842,4344.2
0.08422,4294.6
0.08424,3514.4
0.08426,2556.5
0.08428,2083.4
0.0843,1983.4
0.08432,2281.6
0.08434,2926.6
0.08436,3659.4
0.08438,4222
0.0844,4202.8
0.08442,3711.6
0.08444,2975.1
0.08446,2005.1
0.08448,991.56
0.0845,55.506
0.08452,-594.51
0.08454,-1014.7
0.08456,-1523
0.08458,-2228.6
0.0846,-3020
0.08462,-4167.7
0.08464,-5303.2
0.08466,-5844.3
0.08468,-5691.9
0.0847,-4500.6
0.08472,-2252.7
0.08474,728.6
0.08476,3506
0.08478,5971.2
0.0848,8198.4
0.08482,9831.1
0.08484,10697
0.08486,10854
0.08488,10613
0.0849,9857.3
0.08492,8612.8
0.08494,6634.7
0.08496,4017.9
0.08498,1370.7
0.085,-1240.5
0.08502,-3511.5
0.08504,-5387.6
0.08506,-6600
0.08508,-7207.4
0.0851,-7338.2
0.08512,-7008.7
0.08514,-6423
0.08516,-5890.1
0.08518,-4980.8
0.0852,-3690.4
0.08522,-2657
0.08524,-2049.9
0.08526,-1967.7
0.08528,-2316.4
0.0853,-2945.3
0.08532,-3713
0.08534,-4421.7
0.08536,-4935.1
0.08538,-5421.2
0.0854,-5756.4
0.08542,-5884.6
0.08544,-5892.2
0.08546,-5473
0.08548,-4652.9
0.0855,-3874.6
0.08552,-2782.6
0.08554,-1253.1
0.08556,396.55
0.08558,2008.1
0.0856,3262.6
0.08562,4001.2
0.08564,4443.7
0.08566,4817.3
0.08568,5141.2
0.0857,5447.1
0.08572,5399.1
0.08574,4976.3
0.08576,4436.2
0.08578,3763.8
0.0858,2786
0.08582,1501.3
0.08584,252.43
0.08586,-735.27
0.08588,-1349.1
0.0859,-1560.9
0.08592,-1472.2
0.08594,-1432.2
0.08596,-1365.9
0.08598,-1364.1
0.086,-1491
0.08602,-1828.1
0.08604,-2313
0.08606,-2788.7
0.08608,-3271.4
0.0861,-3363.7
0.08612,-2938.6
0.08614,-2281.4
0.08616,-1723.8
0.08618,-1252.4
0.0862,-738.98
0.08622,-62.883
0.08624,874.05
0.08626,2212.5
0.08628,3510.2
0.0863,4746.6
0.08632,5823.1
0.08634,6474.7
0.08636,6623.2
0.08638,6329.6
0.0864,5509.5
0.08642,4080.5
0.08644,2250.2
0.08646,285.96
0.08648,-1773.7
0.0865,-3685.2
0.08652,-5458.4
0.08654,-7362.9
0.08656,-8847.8
0.08658,-9603.6
0.0866,-9776
0.08662,-9388.6
0.08664,-8213.6
0.08666,-6590.9
0.08668,-4709.4
0.0867,-2871.7
0.08672,-1390.1
0.08674,-136.55
0.08676,846.14
0.08678,1494.2
0.0868,1795
0.08682,2045.7
0.08684,2368
0.08686,2885.2
0.08688,3654.5
0.0869,4644.8
0.08692,5471.1
0.08694,5972.5
0.08696,5982.4
0.08698,5677.2
0.087,5200.4
0.08702,4636.3
0.08704,3830.3
0.08706,2967.3
0.08708,2337.4
0.0871,1808.6
0.08712,1254.7
0.08714,665.96
0.08716,53.534
0.08718,-837.59
0.0872,-1705.3
0.08722,-2662.7
0.08724,-3672.1
0.08726,-4446.6
0.08728,-5033.8
0.0873,-5245.3
0.08732,-5118.3
0.08734,-4831.7
0.08736,-4296.6
0.08738,-3173.7
0.0874,-1736.6
0.08742,-281.27
0.08744,1000.1
0.08746,1975.5
0.08748,2619.3
0.0875,2933.5
0.08752,3081.8
0.08754,3165.6
0.08756,3158.5
0.08758,3206.5
0.0876,3334.4
0.08762,3293.6
0.08764,3101
0.08766,2719.8
0.08768,2294.6
0.0877,1762.4
0.08772,1151.9
0.08774,680.25
0.08776,169.7
0.08778,-155.14
0.0878,-29.314
0.08782,370.98
0.08784,929.16
0.08786,1585.8
0.08788,2165.6
0.0879,2582.2
0.08792,2741.8
0.08794,2834.4
0.08796,2479
0.08798,1606.3
0.088,247.37
0.08802,-1407.3
0.08804,-3050.2
0.08806,-4522.3
0.08808,-6025.2
0.0881,-7549
0.08812,-8844.5
0.08814,-9671.2
0.08816,-10126
0.08818,-10012
0.0882,-9292.4
0.08822,-8011.4
0.08824,-6010.5
0.08826,-3410.6
0.08828,-541.05
0.0883,2603.2
0.08832,5679.2
0.08834,7970.6
0.08836,9240.5
0.08838,9707
0.0884,9597.5
0.08842,8769.9
0.08844,7542.1
0.08846,6136.6
0.08848,4460.8
0.0885,2255.1
0.08852,-496.46
0.08854,-3469.3
0.08856,-6202.1
0.08858,-7975.5
0.0886,-8894.3
0.08862,-8734.7
0.08864,-7441.3
0.08866,-5495.1
0.08868,-3198.9
0.0887,-901.58
0.08872,1416.5
0.08874,3366.4
0.08876,4797
0.08878,5279.9
0.0888,4796.6
0.08882,3664.9
0.08884,2264.3
0.08886,717.57
0.08888,-479.22
0.0889,-1510.5
0.08892,-2295.1
0.08894,-2851
0.08896,-3328.9
0.08898,-3641.4
0.089,-3638.9
0.08902,-3471.7
0.08904,-3276.4
0.08906,-2547.7
0.08908,-1581.4
0.0891,-498.01
0.08912,476.04
0.08914,1462.9
0.08916,2279.3
0.08918,2995.8
0.0892,3684
0.08922,4318.5
0.08924,4948.1
0.08926,5774.3
0.08928,6424.6
0.0893,6558.9
0.08932,6147.1
0.08934,5234.5
0.08936,3896.6
0.08938,2626.4
0.0894,1370.3
0.08942,105.58
0.08944,-977.11
0.08946,-2053.8
0.08948,-3220.8
0.0895,-4187
0.08952,-4548.2
0.08954,-4455.5
0.08956,-3794.9
0.08958,-2453.8
0.0896,-970.45
0.08962,172.92
0.08964,1058.5
0.08966,1458.7
0.08968,1388.9
0.0897,850.47
0.08972,291.95
0.08974,-298.21
0.08976,-920.34
0.08978,-1621.6
0.0898,-2820.9
0.08982,-4251.1
0.08984,-5681.9
0.08986,-6888
0.08988,-7587.7
0.0899,-7989.9
0.08992,-8010.2
0.08994,-7535
0.08996,-6374.9
0.08998,-4874.3
0.09,-3081.4
0.09002,-1211.2
0.09004,687.76
0.09006,2417.3
0.09008,3923.8
0.0901,4988.7
0.09012,5721.6
0.09014,5931
0.09016,5603
0.09018,4721.6
0.0902,3194.5
0.09022,1372.1
0.09024,-371.92
0.09026,-2341.5
0.09028,-3969.7
0.0903,-5160.3
0.09032,-6114.3
0.09034,-6890.7
0.09036,-7089.6
0.09038,-6620.5
0.0904,-5547.4
0.09042,-4051
0.09044,-2253.8
0.09046,-401.89
0.09048,1264.6
0.0905,2584.8
0.09052,3373.4
0.09054,3931.1
0.09056,4346.6
0.09058,4695.5
0.0906,4747.2
0.09062,4609.7
0.09064,4336.8
0.09066,3884
0.09068,3138.6
0.0907,2316.1
0.09072,1512.9
0.09074,666.98
0.09076,-163.1
0.09078,-713.92
0.0908,-839.67
0.09082,-647.93
0.09084,-196.32
0.09086,384.33
0.09088,827.59
0.0909,1318
0.09092,1650
0.09094,1884.7
0.09096,1961.9
0.09098,1635
0.091,920.92
0.09102,123.2
0.09104,-618.42
0.09106,-1015.1
0.09108,-1043.8
0.0911,-857.46
0.09112,-524.53
0.09114,-220.5
0.09116,63.45
0.09118,167.91
0.0912,463.78
0.09122,686.86
0.09124,702.78
0.09126,454.5
0.09128,49.724
0.0913,-509.75
0.09132,-1490.8
0.09134,-2554.8
0.09136,-3552.5
0.09138,-4298.3
0.0914,-4693.5
0.09142,-4746.8
0.09144,-4244.1
0.09146,-3155.5
0.09148,-1617.8
0.0915,-167.04
0.09152,1155.2
0.09154,2369.1
0.09156,3352
0.09158,3988.7
0.0916,4359.4
0.09162,4468.8
0.09164,4323.9
0.09166,3624.3
0.09168,2397.8
0.0917,933.16
0.09172,-351.2
0.09174,-1251.2
0.09176,-1978.4
0.09178,-2370.7
0.0918,-2141.5
0.09182,-1284.9
0.09184,-31.45
0.09186,1396
0.09188,2723.6
0.0919,3666
0.09192,4009.2
0.09194,4087.3
0.09196,4012.8
0.09198,3540.4
0.092,3038.3
0.09202,2259.1
0.09204,1236.8
0.09206,-224.94
0.09208,-1693.5
0.0921,-3129.4
0.09212,-4275.8
0.09214,-5310.6
0.09216,-6164.3
0.09218,-6790.6
0.0922,-6789.6
0.09222,-6015.6
0.09224,-5119.3
0.09226,-4212.9
0.09228,-3452.5
0.0923,-2897.5
0.09232,-2327.9
0.09234,-1983.4
0.09236,-1523.7
0.09238,-939.83
0.0924,-275.3
0.09242,703
0.09244,1729.2
0.09246,2612.4
0.09248,3140.6
0.0925,3283
0.09252,2842.7
0.09254,2268.7
0.09256,1618
0.09258,767.21
0.0926,16.681
0.09262,-406.93
0.09264,-690.36
0.09266,-1136.3
0.09268,-1722.2
0.0927,-2212.4
0.09272,-2427.8
0.09274,-2235
0.09276,-1697.3
0.09278,-904.12
0.0928,112.34
0.09282,1149.7
0.09284,2014
0.09286,2453.3
0.09288,2845.5
0.0929,3237.5
0.09292,3199.5
0.09294,2869.3
0.09296,2686.7
0.09298,2675.9
0.093,2721.7
0.09302,2794.8
0.09304,2479
0.09306,1906.4
0.09308,1065.1
0.0931,306.81
0.09312,-463
0.09314,-1447.2
0.09316,-2596.7
0.09318,-3451.8
0.0932,-3868.5
0.09322,-3981
0.09324,-3594.3
0.09326,-3235.1
0.09328,-3123.2
0.0933,-3166.2
0.09332,-3187.4
0.09334,-3271.4
0.09336,-3237.6
0.09338,-2967.4
0.0934,-2788.1
0.09342,-3007.6
0.09344,-3259.7
0.09346,-3202
0.09348,-2936.4
0.0935,-2413.9
0.09352,-1693.8
0.09354,-1001.3
0.09356,-581.52
0.09358,-395.52
0.0936,-216.75
0.09362,82.768
0.09364,680.21
0.09366,1232.1
0.09368,1378.8
0.0937,1102.1
0.09372,356.15
0.09374,-624.07
0.09376,-1837
0.09378,-3042.7
0.0938,-3761.2
0.09382,-4167
0.09384,-4213
0.09386,-3936.1
0.09388,-3561.1
0.0939,-3241.1
0.09392,-2946.6
0.09394,-2568.4
0.09396,-2163
0.09398,-1537.3
0.094,-795.44
0.09402,-609.41
0.09404,-653.19
0.09406,-1130.3
0.09408,-1770.4
0.0941,-2622.9
0.09412,-3543.9
0.09414,-4193.4
0.09416,-4520.6
0.09418,-4580.9
0.0942,-3971.5
0.09422,-2847
0.09424,-1285
0.09426,838.47
0.09428,3121.8
0.0943,5008.6
0.09432,6277.6
0.09434,6801.1
0.09436,6424.2
0.09438,5397.9
0.0944,4174.4
0.09442,2960.3
0.09444,1633.7
0.09446,498.25
0.09448,-354.23
0.0945,-1079.5
0.09452,-1552.1
0.09454,-1474.3
0.09456,-1188.6
0.09458,-812.65
0.0946,-306.36
0.09462,-37.143
0.09464,-22.021
0.09466,-100.16
0.09468,-12.632
0.0947,271.32
0.09472,704.69
0.09474,1516.2
0.09476,2473.2
0.09478,3059.2
0.0948,3291.6
0.09482,3536
0.09484,3761.3
0.09486,3891
0.09488,4149.7
0.0949,4368.7
0.09492,4208.2
0.09494,3628.2
0.09496,2516.1
0.09498,1284.9
0.095,103.53
0.09502,-1006.4
0.09504,-1848.7
0.09506,-2447.1
0.09508,-3013.4
0.0951,-3481.7
0.09512,-3990.3
0.09514,-4520.4
0.09516,-4734.3
0.09518,-4657.9
0.0952,-4439.6
0.09522,-4173.6
0.09524,-4014.5
0.09526,-3812.9
0.09528,-3704.6
0.0953,-3585.8
0.09532,-3347.9
0.09534,-3042.7
0.09536,-2631.1
0.09538,-2223
0.0954,-1800.1
0.09542,-1059.7
0.09544,-72.857
0.09546,1123.7
0.09548,2263.7
0.0955,3331.4
0.09552,4075.8
0.09554,4278
0.09556,3702.6
0.09558,2519.4
0.0956,1310.2
0.09562,-61.311
0.09564,-1519.9
0.09566,-2909.2
0.09568,-4374.6
0.0957,-5742.2
0.09572,-6707.2
0.09574,-7223.1
0.09576,-7384.3
0.09578,-6799
0.0958,-5615.7
0.09582,-4147.9
0.09584,-2636.6
0.09586,-1638.6
0.09588,-1102.9
0.0959,-770.03
0.09592,-277.7
0.09594,511.04
0.09596,1486.3
0.09598,2647.1
0.096,3797.6
0.09602,4771.9
0.09604,5656.9
0.09606,6688.6
0.09608,7633.6
0.0961,8150.5
0.09612,8497.6
0.09614,8482.9
0.09616,7874
0.09618,6599.2
0.0962,4929.7
0.09622,3142.3
0.09624,1232.6
0.09626,-451.49
0.09628,-1952.3
0.0963,-3184.4
0.09632,-4269.7
0.09634,-4873.7
0.09636,-5322.6
0.09638,-5476.6
0.0964,-5280.7
0.09642,-4293
0.09644,-2977.4
0.09646,-1325.8
0.09648,385.06
0.0965,1982.9
0.09652,3398.5
0.09654,4667.3
0.09656,5793.2
0.09658,6694.3
0.0966,7224.1
0.09662,7293.8
0.09664,7209.2
0.09666,6965.4
0.09668,6595.4
0.0967,6056.6
0.09672,5281.6
0.09674,4043.2
0.09676,2575.5
0.09678,1145.8
0.0968,-286.08
0.09682,-1720.7
0.09684,-2976.3
0.09686,-4077.1
0.09688,-4980.5
0.0969,-5477
0.09692,-5478
0.09694,-4990.4
0.09696,-4061.5
0.09698,-2840.1
0.097,-1823.6
0.09702,-952.2
0.09704,-189.43
0.09706,813.12
0.09708,1879
0.0971,2931.8
0.09712,3897.2
0.09714,4576.4
0.09716,4868.6
0.09718,4876.3
0.0972,4700
0.09722,4303.9
0.09724,3579
0.09726,2621.6
0.09728,1486
0.0973,351.26
0.09732,-624.21
0.09734,-1343.4
0.09736,-1677.8
0.09738,-1599.5
0.0974,-1320
0.09742,-1027.9
0.09744,-1168
0.09746,-1616.7
0.09748,-2322.7
0.0975,-3198.5
0.09752,-4170.8
0.09754,-5136.9
0.09756,-5980.3
0.09758,-6550.3
0.0976,-6789.6
0.09762,-6862.7
0.09764,-6699.9
0.09766,-6233
0.09768,-5494.4
0.0977,-4561.6
0.09772,-3510.7
0.09774,-2242.7
0.09776,-922.8
0.09778,302.14
0.0978,1371.9
0.09782,2222.2
0.09784,2870.9
0.09786,3168.5
0.09788,2902.6
0.0979,2301.6
0.09792,1818.9
0.09794,1439.7
0.09796,981.01
0.09798,340.1
0.098,-232.58
0.09802,-882.43
0.09804,-1532.2
0.09806,-2140.6
0.09808,-2568.2
0.0981,-2873.6
0.09812,-2985.5
0.09814,-2747.9
0.09816,-2077.9
0.09818,-982.9
0.0982,200.07
0.09822,1192.9
0.09824,2179.9
0.09826,3067.3
0.09828,3927.3
0.0983,4876.1
0.09832,5585
0.09834,6017.4
0.09836,6033.1
0.09838,5798.6
0.0984,5336.6
0.09842,4635.8
0.09844,3739.1
0.09846,2832.9
0.09848,1949.4
0.0985,1167.1
0.09852,629.17
0.09854,311.12
0.09856,187.04
0.09858,165.43
0.0986,-32.248
0.09862,-249.82
0.09864,-480.05
0.09866,-353.74
0.09868,155.82
0.0987,821.01
0.09872,1493.2
0.09874,2172.5
0.09876,2535
0.09878,2999.8
0.0988,3251.2
0.09882,3368.2
0.09884,3141.5
0.09886,2493.8
0.09888,1655.8
0.0989,776.06
0.09892,-542.43
0.09894,-2144
0.09896,-3786.9
0.09898,-5402.3
0.099,-6793.4
0.09902,-7939.1
0.09904,-8587.7
0.09906,-8470.2
0.09908,-7647.1
0.0991,-6093.2
0.09912,-4196.8
0.09914,-2255.1
0.09916,-288.43
0.09918,1519.2
0.0992,3128
0.09922,4440.7
0.09924,5329.8
0.09926,5337.7
0.09928,4997.8
0.0993,4472.6
0.09932,3530.2
0.09934,2207.9
0.09936,802.65
0.09938,-692.77
0.0994,-2441.3
0.09942,-4229.5
0.09944,-5465.1
0.09946,-6271
0.09948,-6439.7
0.0995,-5870.8
0.09952,-4834
0.09954,-3672.9
0.09956,-2472.6
0.09958,-1245.8
0.0996,-49.215
0.09962,903.69
0.09964,1510.3
0.09966,1863.7
0.09968,2225.7
0.0997,2739.1
0.09972,3175.1
0.09974,3326.2
0.09976,3491.4
0.09978,3417.4
0.0998,3154.4
0.09982,2702.7
0.09984,2331.1
0.09986,2220.2
0.09988,2327.4
0.0999,2607.5
0.09992,2646.8
0.09994,2408.9
0.09996,2202.2
0.09998,2169.8
0.1,2551.1
0.10002,2775.1
0.10004,2840.1
0.10006,2866.3
0.10008,2612.1
0.1001,1957.1
0.10012,980.79
0.10014,-80.539
0.10016,-1062.1
0.10018,-1705.8
0.1002,-1891.1
0.10022,-1883.9
0.10024,-1943.1
0.10026,-2200.6
0.10028,-2355.4
0.1003,-2457.6
0.10032,-2532
0.10034,-2633
0.10036,-2638.6
0.10038,-2430
0.1004,-1980.8
0.10042,-1489.2
0.10044,-954.66
0.10046,-506.99
0.10048,-228.82
0.1005,62.155
0.10052,46.553
0.10054,-416.78
0.10056,-1305.9
0.10058,-2141.1
0.1006,-2718.6
0.10062,-3073.7
0.10064,-3143.5
0.10066,-2863.5
0.10068,-2536.9
0.1007,-2299
0.10072,-1945
0.10074,-1380.9
0.10076,-1038.8
0.10078,-912.52
0.1008,-853.15
0.10082,-700.11
0.10084,-415.24
0.10086,27.225
0.10088,669.64
0.1009,1362.7
0.10092,1825.3
0.10094,1939
0.10096,1767.5
0.10098,1427.3
0.101,1069.8
0.10102,623.44
0.10104,196.91
0.10106,10.007
0.10108,-31.351
0.1011,-29.262
0.10112,-17.192
0.10114,-26.473
0.10116,-423.58
0.10118,-1086.7
0.1012,-1707.7
0.10122,-2091.5
0.10124,-2385.8
0.10126,-2508
0.10128,-2493
0.1013,-2346
0.10132,-1812.2
0.10134,-1229
0.10136,-708.27
0.10138,-112.07
0.1014,762.33
0.10142,1775.5
0.10144,2824.7
0.10146,3888.9
0.10148,5049.3
0.1015,6330.6
0.10152,7303.1
0.10154,7764.7
0.10156,7594.9
0.10158,6884.4
0.1016,5685.9
0.10162,4330
0.10164,3056.2
0.10166,1919.8
0.10168,920.1
0.1017,-99.4
0.10172,-928.94
0.10174,-1667
0.10176,-2535.3
0.10178,-3479.6
0.1018,-3991.3
0.10182,-3930.2
0.10184,-3377.8
0.10186,-2810.1
0.10188,-2455.7
0.1019,-2531.8
0.10192,-2545.8
0.10194,-2443.8
0.10196,-2376.9
0.10198,-2129.1
0.102,-1720.6
0.10202,-1368
0.10204,-850.02
0.10206,-223.21
0.10208,720.39
0.1021,1634
0.10212,2267
0.10214,2498.4
0.10216,2457
0.10218,2076.3
0.1022,1258.9
0.10222,294.52
0.10224,-549.7
0.10226,-1181.7
0.10228,-1503.2
0.1023,-1547.3
0.10232,-1814.7
0.10234,-2286.9
0.10236,-2971.1
0.10238,-3627.1
0.1024,-4085
0.10242,-4417.3
0.10244,-4912.4
0.10246,-5484.5
0.10248,-5889.3
0.1025,-6075.2
0.10252,-5888.8
0.10254,-5579
0.10256,-4987.3
0.10258,-4050.6
0.1026,-2993.2
0.10262,-2081.1
0.10264,-1236.6
0.10266,-469.3
0.10268,336.69
0.1027,1100.3
0.10272,1629.5
0.10274,1794.4
0.10276,1694.1
0.10278,1197.1
0.1028,776.21
0.10282,156.08
0.10284,-462.3
0.10286,-968.69
0.10288,-1300.9
0.1029,-1544.6
0.10292,-1734
0.10294,-2027.7
0.10296,-2669.5
0.10298,-3127.7
0.103,-3298.5
0.10302,-3084.5
0.10304,-2450.5
0.10306,-1263.2
0.10308,362.54
0.1031,2031.7
0.10312,3528.3
0.10314,4679.2
0.10316,5222.3
0.10318,5320.3
0.1032,5436.4
0.10322,5497.8
0.10324,5578
0.10326,5765.4
0.10328,5813.3
0.1033,5726.7
0.10332,5834.3
0.10334,6236.7
0.10336,6935.2
0.10338,7476.2
0.1034,7569.9
0.10342,7121.4
0.10344,6455
0.10346,5385.2
0.10348,3692.9
0.1035,1755.3
0.10352,-178.23
0.10354,-2267
0.10356,-4517.9
0.10358,-6760
0.1036,-8751.6
0.10362,-10123
0.10364,-10801
0.10366,-11008
0.10368,-10731
0.1037,-9710.3
0.10372,-8304.3
0.10374,-6918.6
0.10376,-5785.4
0.10378,-4879.9
0.1038,-4201.3
0.10382,-3598.2
0.10384,-3047
0.10386,-2460.3
0.10388,-1765.5
0.1039,-1056.8
0.10392,-644.32
0.10394,-242.58
0.10396,151.22
0.10398,542.55
0.104,940.22
0.10402,1736.2
0.10404,2733.6
0.10406,3793.5
0.10408,4672.1
0.1041,4931.7
0.10412,4683.1
0.10414,4041.4
0.10416,3197.8
0.10418,2174
0.1042,1057.4
0.10422,242.43
0.10424,-304.3
0.10426,-608.27
0.10428,-754.6
0.1043,-808.64
0.10432,-851.62
0.10434,-700.13
0.10436,-484.56
0.10438,-44.689
0.1044,707.01
0.10442,1332.5
0.10444,1524.6
0.10446,1296.6
0.10448,574.26
0.1045,-272.62
0.10452,-869.15
0.10454,-1042.1
0.10456,-851.72
0.10458,-335.77
0.1046,313.18
0.10462,901.28
0.10464,1339
0.10466,1576.5
0.10468,1753.1
0.1047,1787.5
0.10472,1676.9
0.10474,1372.2
0.10476,1046.3
0.10478,718.11
0.1048,53.075
0.10482,-882.39
0.10484,-2045.9
0.10486,-3453.4
0.10488,-4955
0.1049,-5827.8
0.10492,-5907.1
0.10494,-5564.1
0.10496,-4896.4
0.10498,-4074.8
0.105,-3230.8
0.10502,-2404.1
0.10504,-1643.1
0.10506,-739.54
0.10508,367.15
0.1051,1595.7
0.10512,2736.9
0.10514,3831.9
0.10516,4382.3
0.10518,4540.4
0.1052,4484.6
0.10522,4100
0.10524,3498
0.10526,2481.1
0.10528,1282.5
0.1053,144.42
0.10532,-777.3
0.10534,-1650.4
0.10536,-2361.5
0.10538,-3042.4
0.1054,-3547.6
0.10542,-3670
0.10544,-3209.4
0.10546,-2151
0.10548,-619.85
0.1055,1094
0.10552,2585.6
0.10554,3501.1
0.10556,3713.1
0.10558,3563.4
0.1056,3098.4
0.10562,2362.8
0.10564,1567.8
0.10566,755.33
0.10568,-215.76
0.1057,-1187.7
0.10572,-2194.4
0.10574,-2758.7
0.10576,-2977.3
0.10578,-2903.2
0.1058,-2778.2
0.10582,-2505.3
0.10584,-2101.9
0.10586,-1841.1
0.10588,-1763.6
0.1059,-1805.6
0.10592,-1998.3
0.10594,-2368
0.10596,-2834
0.10598,-3336.4
0.106,-3979.6
0.10602,-4692.1
0.10604,-5222.7
0.10606,-5218
0.10608,-4904.8
0.1061,-4404.6
0.10612,-3507.3
0.10614,-2386
0.10616,-1386.2
0.10618,-516.92
0.1062,424.43
0.10622,1328.7
0.10624,2159.2
0.10626,2634.2
0.10628,2668.3
0.1063,2126.5
0.10632,1262.2
0.10634,516.44
0.10636,-65.862
0.10638,-546
0.1064,-745.79
0.10642,-985.08
0.10644,-1353.4
0.10646,-1716.7
0.10648,-1553.8
0.1065,-991.56
0.10652,-30.852
0.10654,1328
0.10656,2797.7
0.10658,4061.8
0.1066,4977.8
0.10662,5294.1
0.10664,5067.1
0.10666,4400
0.10668,3262.3
0.1067,1833.5
0.10672,503.91
0.10674,-596.39
0.10676,-1789.8
0.10678,-2954
0.1068,-3839.6
0.10682,-4252.9
0.10684,-4439.5
0.10686,-4343.8
0.10688,-4052.5
0.1069,-3653.2
0.10692,-3401
0.10694,-3113.7
0.10696,-2767.4
