2e-05,-4532.7
4e-05,-3819.5
6e-05,-2761
8e-05,-1688.7
0.0001,-1142.6
0.00012,-1647.7
0.00014,-3292.7
0.00016,-5351.7
0.00018,-6424.5
0.0002,-5400.9
0.00022,-2773.6
0.00024,-829.22
0.00026,-1626.5
0.00028,-4205.8
0.0003,-4888.3
0.00032,-1958.9
0.00034,1007.1
0.00036,-158.05
0.00038,-2858.1
0.0004,-1221.9
0.00042,2804.9
0.00044,2117.6
0.00046,-901.32
0.00048,1559.3
0.0005,5037.2
0.00052,2203.1
0.00054,953.59
0.00056,5386.9
0.00058,4580.7
0.0006,1195.6
0.00062,4941.3
0.00064,5379.1
0.00066,1128
0.00068,4324.6
0.0007,4845.9
0.00072,287.56
0.00074,3570.8
0.00076,3219.7
0.00078,-1131.3
0.0008,2623.1
0.00082,716.97
0.00084,-2635.7
0.00086,1375.9
0.00088,-2249.1
0.0009,-3787.4
0.00092,-251.34
0.00094,-5063.8
0.00096,-4464.7
0.00098,-2111.2
0.001,-7179
0.00102,-4812.7
0.00104,-3781.2
0.00106,-8396
0.00108,-4997.2
0.0011,-4768.2
0.00112,-8848.2
0.00114,-5112.1
0.00116,-4753.9
0.00118,-8692.5
0.0012,-5333.5
0.00122,-3730.5
0.00124,-7711.6
0.00126,-5994.5
0.00128,-2389.3
0.0013,-5131.4
0.00132,-6686.3
0.00134,-2703.4
0.00136,-1293.9
0.00138,-4464.3
0.0014,-4947
0.00142,-1263
0.00144,616.3
0.00146,-1548.7
0.00148,-3591.5
0.0015,-2214.4
0.00152,959.8
0.00154,2576.5
0.00156,1598.7
0.00158,-421.12
0.0016,-1529.9
0.00162,-998.55
0.00164,667.14
0.00166,2543.6
0.00168,3965
0.0017,4718.6
0.00172,4918.4
0.00174,4799.5
0.00176,4579.4
0.00178,4406.1
0.0018,4359.9
0.00182,4473.8
0.00184,4747.8
0.00186,5147.3
0.00188,5585.9
0.0019,5903.8
0.00192,5866
0.00194,5227.4
0.00196,3900
0.00198,2186.5
0.002,898.51
0.00202,1029.8
0.00204,2864.6
0.00206,5111
0.00208,5435.4
0.0021,2971
0.00212,363.93
0.00214,1236.2
0.00216,4385.1
0.00218,4223.1
0.0022,406.25
0.00222,69.333
0.00224,3718.9
0.00226,2552.8
0.00228,-1368
0.0023,1331.6
0.00232,2798.4
0.00234,-1888.7
0.00236,82.688
0.00238,1891.9
0.0024,-2975.3
0.00242,202.95
0.00244,-39.815
0.00246,-3686
0.00248,924.16
0.0025,-3233.5
0.00252,-1907.2
0.00254,-645.39
0.00256,-4424.6
0.00258,427.5
0.0026,-4412
0.00262,-476.28
0.00264,-2555.1
0.00266,-2008.1
0.00268,-256.29
0.0027,-2954.6
0.00272,1613
0.00274,-2815.8
0.00276,2783
0.00278,-1611.3
0.0028,3290.2
0.00282,391.57
0.00284,3264
0.00286,2822.7
0.00288,2873.2
0.0029,5216.3
0.00292,2381
0.00294,6966
0.00296,2219.7
0.00298,7349.8
0.003,2886.6
0.00302,5836.6
0.00304,4466.9
0.00306,2843.2
0.00308,5791
0.0031,431.16
0.00312,4448.2
0.00314,971.54
0.00316,-113.15
0.00318,2665.5
0.0032,-2734.1
0.00322,-338.33
0.00324,131.56
0.00326,-4434.5
0.00328,-1104
0.0033,-452.72
0.00332,-4511.5
0.00334,-2058.7
0.00336,1093.6
0.00338,-1639.1
0.0034,-2708
0.00342,1268.9
0.00344,3780.1
0.00346,2015.2
0.00348,342.65
0.0035,2013.2
0.00352,5331.9
0.00354,7202.4
0.00356,6667.9
0.00358,4839.6
0.0036,3144.8
0.00362,2246.2
0.00364,2046.5
0.00366,2144.5
0.00368,2187.8
0.0037,1990.3
0.00372,1504.2
0.00374,750.32
0.00376,-230.54
0.00378,-1389.8
0.0038,-2638.1
0.00382,-3783.5
0.00384,-4470.8
0.00386,-4232.1
0.00388,-2765.6
0.0039,-441.77
0.00392,1409.5
0.00394,1247.6
0.00396,-740.45
0.00398,-1645.1
0.004,1115.9
0.00402,4908.4
0.00404,4385.5
0.00406,1552.8
0.00408,3791.4
0.0041,7458.8
0.00412,4389.4
0.00414,3259.6
0.00416,7563.8
0.00418,4313.1
0.0042,2956.3
0.00422,6605.6
0.00424,1348.4
0.00426,3512.5
0.00428,2774.6
0.0043,-482.83
0.00432,3051
0.00434,-2601.9
0.00436,1865.7
0.00438,-3330.6
0.0044,493.15
0.00442,-3535.1
0.00444,-240.28
0.00446,-3579.2
0.00448,-109.67
0.0045,-3515.7
0.00452,764.13
0.00454,-3247.4
0.00456,2018.5
0.00458,-2540.3
0.0046,3106.3
0.00462,-1092.8
0.00464,3505.8
0.00466,1202.3
0.00468,3088
0.0047,3943.5
0.00472,2328.3
0.00474,6260.8
0.00476,2015.6
0.00478,7347.3
0.0048,2612.4
0.00482,7034.8
0.00484,3906.1
0.00486,5828.9
0.00488,5261.3
0.0049,4427.4
0.00492,6149
0.00494,3262.4
0.00496,6414.5
0.00498,2414.3
0.005,6167.6
0.00502,1833.9
0.00504,5520.4
0.00506,1576.9
0.00508,4382.6
0.0051,1919.2
0.00512,2487.8
0.00514,3082.2
0.00516,44.848
0.00518,4161.5
0.0052,-1002.7
0.00522,2468.3
0.00524,1596.9
0.00526,-1551.5
0.00528,2848.9
0.0053,283.17
0.00532,-2074.6
0.00534,1933.1
0.00536,1243.9
0.00538,-2570.4
0.0054,-1276.7
0.00542,1883
0.00544,1060.2
0.00546,-2081.1
0.00548,-3226.9
0.0055,-1635.1
0.00552,581.86
0.00554,1653.2
0.00556,1340.3
0.00558,288
0.0056,-836.09
0.00562,-1686.6
0.00564,-2186.4
0.00566,-2369.3
0.00568,-2263.4
0.0057,-1848.1
0.00572,-1080.1
0.00574,4.6357
0.00576,1128
0.00578,1660.8
0.0058,867.61
0.00582,-1262.6
0.00584,-3139.7
0.00586,-2393.8
0.00588,776.86
0.0059,2001.5
0.00592,-1093.2
0.00594,-2561.9
0.00596,1362.7
0.00598,1747.6
0.006,-2248.1
0.00602,1019.2
0.00604,2127.5
0.00606,-1939
0.00608,2814.6
0.0061,72.863
0.00612,432.56
0.00614,2503.7
0.00616,-1012.3
0.00618,3430.1
0.0062,-1426.6
0.00622,3500.9
0.00624,-1578.7
0.00626,3135.4
0.00628,-1532.2
0.0063,1998.8
0.00632,-749.67
0.00634,-411.99
0.00636,836.39
0.00638,-3225.3
0.0064,1238.4
0.00642,-3555.8
0.00644,-1984
0.00646,-998.91
0.00648,-5610.4
0.0065,-1523.2
0.00652,-3781.1
0.00654,-6212
0.00656,-1957.7
0.00658,-5607.8
0.0066,-6236.5
0.00662,-2289.3
0.00664,-6320.6
0.00666,-5636.8
0.00668,-1959.1
0.0067,-6033.1
0.00672,-4098.6
0.00674,-910.64
0.00676,-4923.9
0.00678,-1425.7
0.0068,409.84
0.00682,-3034.3
0.00684,2167.7
0.00686,1077.6
0.00688,194.14
0.0069,5162.6
0.00692,974.06
0.00694,5214.6
0.00696,4307.2
0.00698,3728.5
0.007,6880
0.00702,2879.7
0.00704,7679.9
0.00706,2471.8
0.00708,7347.1
0.0071,1791.5
0.00712,6381.4
0.00714,849.18
0.00716,4443.8
0.00718,633.96
0.0072,647.43
0.00722,1711.8
0.00724,-3435.7
0.00726,157.31
0.00728,-2168.1
0.0073,-5784.8
0.00732,-2422
0.00734,-3065
0.00736,-7355
0.00738,-7009.8
0.0074,-3969.6
0.00742,-3800.3
0.00744,-6336.1
0.00746,-8304.2
0.00748,-8166.2
0.0075,-6576.9
0.00752,-4690
0.00754,-3135.9
0.00756,-1998.3
0.00758,-1139.6
0.0076,-439.38
0.00762,102.93
0.00764,360.51
0.00766,151.76
0.00768,-547.63
0.0077,-1266
0.00772,-905.77
0.00774,1446.8
0.00776,4707.7
0.00778,5518.2
0.0078,2767
0.00782,1743.4
0.00784,5704.1
0.00786,6479.8
0.00788,2387.1
0.0079,5217.5
0.00792,6549
0.00794,2097.6
0.00796,6627.4
0.00798,3056.8
0.008,4064.8
0.00802,3988.3
0.00804,2137
0.00806,3501.4
0.00808,1187
0.0081,1740.8
0.00812,1234.1
0.00814,-1152.8
0.00816,1840.5
0.00818,-3575.9
0.0082,305.5
0.00822,-2286.9
0.00824,-4529.5
0.00826,-616.99
0.00828,-4602.5
0.0083,-5623.7
0.00832,-1826.8
0.00834,-4824.7
0.00836,-7169.3
0.00838,-3384.6
0.0084,-3245.9
0.00842,-7132.6
0.00844,-6125.2
0.00846,-2442.8
0.00848,-3716.9
0.0085,-6846.2
0.00852,-5053.8
0.00854,-1462.8
0.00856,-2531.2
0.00858,-5546.1
0.0086,-4059.7
0.00862,-273.37
0.00864,-858.99
0.00866,-4064.8
0.00868,-2893.3
0.0087,964.15
0.00872,56.295
0.00874,-3280
0.00876,-1235.8
0.00878,2006
0.0088,-1006.7
0.00882,-2747.6
0.00884,1436.7
0.00886,359.86
0.00888,-3119.3
0.0089,987.44
0.00892,-102.73
0.00894,-3196.1
0.00896,1453.6
0.00898,-2498.6
0.009,-1269.7
0.00902,-46.562
0.00904,-3369.1
0.00906,984.15
0.00908,-3887.5
0.0091,1201.3
0.00912,-3731.1
0.00914,1206.4
0.00916,-2756.4
0.00918,145.53
0.0092,186.26
0.00922,-2284.8
0.00924,2657.6
0.00926,-291.95
0.00928,-1065.3
0.0093,3389.4
0.00932,2613.4
0.00934,-459.2
0.00936,639.16
0.00938,3890.6
0.0094,5181.1
0.00942,4067.5
0.00944,2252.4
0.00946,954.97
0.00948,345.8
0.0095,104.45
0.00952,-88.559
0.00954,-371.29
0.00956,-670.71
0.00958,-711.13
0.0096,-118.74
0.00962,1191.9
0.00964,2374.2
0.00966,1648.9
0.00968,-1597
0.0097,-4063.9
0.00972,-1961.1
0.00974,212.32
0.00976,-3684.8
0.00978,-4735.4
0.0098,-632.64
0.00982,-4734.3
0.00984,-3545.8
0.00986,-1788.1
0.00988,-5279
0.0099,-477.38
0.00992,-5112
0.00994,189.97
0.00996,-4170.7
0.00998,311.13
0.01,-1886.6
0.01002,-1291.4
0.01004,1802
0.01006,-2487.7
0.01008,1487.7
0.0101,1932.9
0.01012,-1886.7
0.01014,1187.7
0.01016,3038.7
0.01018,-799.64
0.0102,-1794.2
0.01022,1433.4
0.01024,2053.4
0.01026,-1314
0.01028,-3659.3
0.0103,-2329.9
0.01032,38.319
0.01034,18.038
0.01036,-2555.6
0.01038,-5151.9
0.0104,-5552.7
0.01042,-3761.7
0.01044,-1569.9
0.01046,-812.87
0.01048,-1978.2
0.0105,-3998.6
0.01052,-5140.8
0.01054,-4296.8
0.01056,-1774.8
0.01058,855.02
0.0106,1886.5
0.01062,832.62
0.01064,-961.17
0.01066,-1223.3
0.01068,1109.3
0.0107,4382.9
0.01072,5447.8
0.01074,3356.4
0.01076,1433.4
0.01078,3335.3
0.0108,6808.3
0.01082,6047.9
0.01084,2515
0.01086,3842.8
0.01088,7217.1
0.0109,3957.8
0.01092,2142.1
0.01094,6279
0.01096,2772.1
0.01098,1806.8
0.011,4940.8
0.01102,-509.28
0.01104,3739
0.01106,-861.07
0.01108,1961.2
0.0111,-1798.3
0.01112,1199.6
0.01114,-3658
0.01116,767.48
0.01118,-4264.4
0.0112,-2623.8
0.01122,-1212.5
0.01124,-5966.3
0.01126,-4497
0.01128,-1805.6
0.0113,-4302.7
0.01132,-7354.3
0.01134,-7126.8
0.01136,-5090.4
0.01138,-3579
0.0114,-3223
0.01142,-3537.8
0.01144,-3939.3
0.01146,-4110.8
0.01148,-3991.5
0.0115,-3754.5
0.01152,-3856.6
0.01154,-4935.8
0.01156,-7122.4
0.01158,-8905.7
0.0116,-7720.4
0.01162,-4387.4
0.01164,-4818.1
0.01166,-8714.1
0.01168,-6435.1
0.0117,-4131.5
0.01172,-8809.9
0.01174,-4751.8
0.01176,-6744.1
0.01178,-6627.9
0.0118,-5579
0.01182,-6906.4
0.01184,-6085.3
0.01186,-5552.7
0.01188,-8036.1
0.0119,-3684.7
0.01192,-8305.4
0.01194,-6204.3
0.01196,-3934.1
0.01198,-8143.6
0.012,-7328.9
0.01202,-3709.7
0.01204,-5120.1
0.01206,-8274
0.01208,-7718.9
0.0121,-4704.6
0.01212,-3187.4
0.01214,-4345.1
0.01216,-6522.4
0.01218,-7790.7
0.0122,-7469.1
0.01222,-5991.7
0.01224,-4168.6
0.01226,-2620.7
0.01228,-1638
0.0123,-1222.2
0.01232,-1236.8
0.01234,-1512.4
0.01236,-1897.5
0.01238,-2279
0.0124,-2598.5
0.01242,-2808.5
0.01244,-2896
0.01246,-2838.9
0.01248,-2626.4
0.0125,-2235.3
0.01252,-1641.7
0.01254,-825.28
0.01256,208.28
0.01258,1415.5
0.0126,2652.3
0.01262,3675.2
0.01264,4121
0.01266,3631.1
0.01268,2075.9
0.0127,-141.9
0.01272,-1938.1
0.01274,-2051.4
0.01276,-301.26
0.01278,1342.7
0.0128,70.413
0.01282,-3746.7
0.01284,-5231.7
0.01286,-2379.6
0.01288,-1977.6
0.0129,-6560.7
0.01292,-5895.4
0.01294,-2837.8
0.01296,-7551.1
0.01298,-5321.3
0.013,-4442.1
0.01302,-7414.3
0.01304,-2710.9
0.01306,-7098.5
0.01308,-1690.2
0.0131,-5560.8
0.01312,-1466.4
0.01314,-1863.6
0.01316,-3287
0.01318,1847.3
0.0132,-403.51
0.01322,-1912.8
0.01324,1875.4
0.01326,3700.8
0.01328,1709.9
0.0133,-673.08
0.01332,-1554.1
0.01334,-1399.6
0.01336,-1161.5
0.01338,-1357.4
0.0134,-2124.1
0.01342,-3414.2
0.01344,-4971.1
0.01346,-6109.9
0.01348,-5790.4
0.0135,-3857.5
0.01352,-2856.4
0.01354,-5771.2
0.01356,-8603.9
0.01358,-5163.2
0.0136,-4274.9
0.01362,-8275.1
0.01364,-3325.3
0.01366,-5625.1
0.01368,-3926.7
0.0137,-3198.2
0.01372,-2572.3
0.01374,-2529
0.01376,516.74
0.01378,-2992.4
0.0138,2289.4
0.01382,200.63
0.01384,-1431.5
0.01386,2842.3
0.01388,2279.7
0.0139,-1436.3
0.01392,-1337.7
0.01394,1278.2
0.01396,2021.9
0.01398,27.096
0.014,-2826.5
0.01402,-4886
0.01404,-5746.9
0.01406,-5789.9
0.01408,-5520.4
0.0141,-5250.4
0.01412,-5110.1
0.01414,-5094.6
0.01416,-5173.6
0.01418,-5318.8
0.0142,-5504.7
0.01422,-5737.5
0.01424,-6005.9
0.01426,-6304
0.01428,-6581
0.0143,-6775.5
0.01432,-6789.9
0.01434,-6541.9
0.01436,-5973.7
0.01438,-5083.5
0.0144,-3927.2
0.01442,-2622.1
0.01444,-1291.3
0.01446,-66.28
0.01448,978.16
0.0145,1795.1
0.01452,2394.1
0.01454,2808
0.01456,3071
0.01458,3215.6
0.0146,3241.9
0.01462,3118.9
0.01464,2765.2
0.01466,2078.4
0.01468,971.86
0.0147,-473.9
0.01472,-1845.1
0.01474,-2356.1
0.01476,-1274.4
0.01478,980.23
0.0148,2096.8
0.01482,-112.33
0.01484,-3338.8
0.01486,-2132.7
0.01488,1120.6
0.0149,-1885.3
0.01492,-3958.9
0.01494,440.13
0.01496,-3501
0.01498,-2417.8
0.015,-1550.6
0.01502,-4017.8
0.01504,-1450.7
0.01506,-3687
0.01508,-3214.1
0.0151,-1327.2
0.01512,-5665.3
0.01514,-1765.6
0.01516,-1482
0.01518,-5285.7
0.0152,-4812.8
0.01522,-1800.3
0.01524,-485.37
0.01526,-1163.4
0.01528,-2361.4
0.0153,-3164.4
0.01532,-3369.9
0.01534,-2987.4
0.01536,-2004.4
0.01538,-586.59
0.0154,410.48
0.01542,-514.14
0.01544,-3301.3
0.01546,-3823.1
0.01548,162.54
0.0155,394.53
0.01552,-3413.9
0.01554,1110.7
0.01556,-583.47
0.01558,-609.2
0.0156,1373.4
0.01562,-238.21
0.01564,1282
0.01566,2241.4
0.01568,-481.03
0.0157,4528.6
0.01572,1792.4
0.01574,595.28
0.01576,4834.2
0.01578,5377.1
0.0158,2460
0.01582,1495.1
0.01584,3383.9
0.01586,5834.2
0.01588,7220.9
0.0159,7445.2
0.01592,7056.8
0.01594,6547.2
0.01596,6178.8
0.01598,6027
0.016,6098.9
0.01602,6357.3
0.01604,6690.9
0.01606,6904.7
0.01608,6689.2
0.0161,5731.8
0.01612,3940.5
0.01614,1681.6
0.01616,-161.76
0.01618,-665
0.0162,380.14
0.01622,1950.1
0.01624,2345.1
0.01626,597.8
0.01628,-2441.3
0.0163,-4650.5
0.01632,-4572.7
0.01634,-2796.2
0.01636,-1370.1
0.01638,-1872.4
0.0164,-4086.3
0.01642,-6439.4
0.01644,-7448
0.01646,-6768.3
0.01648,-5091.5
0.0165,-3379.1
0.01652,-2251.5
0.01654,-1794.1
0.01656,-1771.7
0.01658,-1868.7
0.0166,-1853.8
0.01662,-1590.7
0.01664,-1039.2
0.01666,-198.74
0.01668,836.97
0.0167,1830.2
0.01672,2298.3
0.01674,1667.8
0.01676,-98.848
0.01678,-1562.7
0.0168,-357.18
0.01682,3086.2
0.01684,3420.8
0.01686,-478.06
0.01688,628
0.0169,3912.7
0.01692,-878.72
0.01694,1935
0.01696,959.21
0.01698,-88.088
0.017,841.29
0.01702,15.554
0.01704,-1538
0.01706,1770.7
0.01708,-3108.7
0.0171,-1468.6
0.01712,1213.4
0.01714,-1524
0.01716,-4165
0.01718,-3777.4
0.0172,-2093.3
0.01722,-787.56
0.01724,-180.56
0.01726,-73.366
0.01728,-413.56
0.0173,-1397
0.01732,-3034.1
0.01734,-4217.7
0.01736,-2784.6
0.01738,635.47
0.0174,23.312
0.01742,-3721.7
0.01744,-103.65
0.01746,-43.048
0.01748,-2819.9
0.0175,1623.4
0.01752,-3016.9
0.01754,1674.9
0.01756,-1836.7
0.01758,-369.07
0.0176,1870
0.01762,-2388.6
0.01764,-94.013
0.01766,2901.9
0.01768,830.5
0.0177,-1633.7
0.01772,-1179.3
0.01774,969.44
0.01776,2905.8
0.01778,4004.6
0.0178,4494.6
0.01782,4760.1
0.01784,5026.5
0.01786,5322.7
0.01788,5501
0.0179,5281.8
0.01792,4403.4
0.01794,2922.3
0.01796,1587.4
0.01798,1641.8
0.018,3687.9
0.01802,6239.7
0.01804,6425
0.01806,3612.3
0.01808,1520
0.0181,3480.3
0.01812,6276.4
0.01814,4592.3
0.01816,1021.2
0.01818,2060
0.0182,5193.2
0.01822,3393.2
0.01824,-291.2
0.01826,1155.7
0.01828,4018.2
0.0183,1744.1
0.01832,-1619.7
0.01834,-73.805
0.01836,2808.4
0.01838,1452.9
0.0184,-1907.4
0.01842,-2168.4
0.01844,575.11
0.01846,2487.7
0.01848,1678.2
0.0185,-491.23
0.01852,-1958.1
0.01854,-1939.2
0.01856,-867.82
0.01858,512.27
0.0186,1703.1
0.01862,2541.7
0.01864,2995.9
0.01866,3056.2
0.01868,2664.3
0.0187,1878.3
0.01872,1153.8
0.01874,1520.3
0.01876,3806
0.01878,6498.9
0.0188,5665.3
0.01882,1991.6
0.01884,3450.5
0.01886,6455.2
0.01888,1585.3
0.0189,4114.1
0.01892,3099.2
0.01894,1749.9
0.01896,2204.2
0.01898,1565.8
0.019,-1280.2
0.01902,2309.5
0.01904,-2264.2
0.01906,-3674.2
0.01908,-804.32
0.0191,-872.41
0.01912,-3593.1
0.01914,-6033.7
0.01916,-7328.7
0.01918,-7918.2
0.0192,-8203
0.01922,-8104
0.01924,-7113
0.01926,-4946
0.01928,-3081
0.0193,-4524.5
0.01932,-7368
0.01934,-4108.7
0.01936,-1626.4
0.01938,-5510.4
0.0194,81.774
0.01942,-3268.3
0.01944,1457
0.01946,-2127.4
0.01948,3554.9
0.0195,124.52
0.01952,1308.3
0.01954,5312.6
0.01956,3039.8
0.01958,744.06
0.0196,2173.4
0.01962,4563.9
0.01964,5609
0.01966,5309
0.01968,4465.8
0.0197,3660.4
0.01972,3120.2
0.01974,2856.7
0.01976,2660.4
0.01978,2071.6
0.0198,508.56
0.01982,-2049.9
0.01984,-4228.5
0.01986,-3812.1
0.01988,-922.02
0.0199,208.48
0.01992,-2847.5
0.01994,-4394.4
0.01996,-488.58
0.01998,687.01
0.02,-3052.1
0.02002,-757.58
0.02004,2555.4
0.02006,-1353.1
0.02008,526.35
0.0201,3655.9
0.02012,-693.67
0.02014,2138.5
0.02016,3501.2
0.02018,-895.32
0.0202,2953.2
0.02022,1920.8
0.02024,-1732.2
0.02026,2248.2
0.02028,-231.57
0.0203,-3445.9
0.02032,189.97
0.02034,-1736.2
0.02036,-5790.5
0.02038,-3299.3
0.0204,-2040.1
0.02042,-5928.7
0.02044,-7892.7
0.02046,-5531.4
0.02048,-3440.8
0.0205,-4299.5
0.02052,-6563.2
0.02054,-8036.9
0.02056,-8120.3
0.02058,-7337.3
0.0206,-6349.4
0.02062,-5554.5
0.02064,-5088.6
0.02066,-4921.4
0.02068,-4735.5
0.0207,-3796.2
0.02072,-1315.6
0.02074,1944
0.02076,2608.1
0.02078,-378.34
0.0208,252.7
0.02082,4919.2
0.02084,1510.8
0.02086,3206.9
0.02088,4592
0.0209,2869.7
0.02092,4835.8
0.02094,4936.7
0.02096,2409.7
0.02098,6965.4
0.021,4833.8
0.02102,1984.2
0.02104,3571.2
0.02106,5944.7
0.02108,6775
0.0211,6573.6
0.02112,6256.5
0.02114,6169.7
0.02116,6034.1
0.02118,4973.9
0.0212,2354.4
0.02122,217.56
0.02124,2483.9
0.02126,4848.8
0.02128,258.58
0.0213,2113.4
0.02132,2635.7
0.02134,173.13
0.02136,2419.4
0.02138,962.9
0.0214,-420.49
0.02142,3389.4
0.02144,-573.08
0.02146,-1500.5
0.02148,1791
0.0215,2841.7
0.02152,1169.9
0.02154,-795.09
0.02156,-1934.1
0.02158,-2376.2
0.0216,-2488.4
0.02162,-2384.3
0.02164,-1873.8
0.02166,-651.8
0.02168,1200.3
0.0217,2487
0.02172,1388.6
0.02174,-1628
0.02176,-2128.4
0.02178,1545
0.0218,2148.1
0.02182,-1887.2
0.02184,240.55
0.02186,2910
0.02188,-1584.9
0.0219,1799.3
0.02192,2008.2
0.02194,-835.72
0.02196,4073
0.02198,-660.7
0.022,3673.4
0.02202,1176.3
0.02204,2504.1
0.02206,3182.5
0.02208,1509.7
0.0221,4791.3
0.02212,924
0.02214,5815.8
0.02216,870.44
0.02218,5967.7
0.0222,1685.1
0.02222,4754.3
0.02224,3691.4
0.02226,2209
0.02228,5816.1
0.0223,795.91
0.02232,4277.7
0.02234,3761.9
0.02236,-120
0.02238,3511.5
0.0224,3169.2
0.02242,-1156.5
0.02244,-530.42
0.02246,2223.4
0.02248,1587.3
0.0225,-1457.5
0.02252,-3792.9
0.02254,-4488.2
0.02256,-4284.6
0.02258,-4014.6
0.0226,-4083.2
0.02262,-4576.1
0.02264,-5398.1
0.02266,-6055.5
0.02268,-5471
0.0227,-2859
0.02272,-369.71
0.02274,-2233
0.02276,-4595.8
0.02278,134.87
0.0228,-574.84
0.02282,-1611.5
0.02284,2397.6
0.02286,-522.44
0.02288,2820.2
0.0229,3167.1
0.02292,563.77
0.02294,5026.5
0.02296,5685.7
0.02298,2821.1
0.023,1373.5
0.02302,1594.4
0.02304,1992.9
0.02306,1770.3
0.02308,820.41
0.0231,-393.42
0.02312,-567.86
0.02314,1405.9
0.02316,2639.8
0.02318,-1464.5
0.0232,-2967.2
0.02322,754.13
0.02324,-4681
0.02326,-427.04
0.02328,-5199.5
0.0233,-319.93
0.02332,-4763
0.02334,-2938.4
0.02336,345.01
0.02338,-2153.2
0.0234,-3689.6
0.02342,-1908.2
0.02344,747.4
0.02346,2708.6
0.02348,3909.5
0.0235,4649
0.02352,4957.7
0.02354,4579.4
0.02356,3331.5
0.02358,1971
0.0236,2469.7
0.02362,5516.7
0.02364,6894.6
0.02366,3166.9
0.02368,1889.7
0.0237,5786.3
0.02372,2372.7
0.02374,870.99
0.02376,4132.2
0.02378,-1489.1
0.0238,2567.1
0.02382,-1891.8
0.02384,592.96
0.02386,-2460.5
0.02388,-430.37
0.0239,-3489
0.02392,-455.9
0.02394,-4583
0.02396,12.299
0.02398,-4991.6
0.024,143.15
0.02402,-3994.6
0.02404,-556.05
0.02406,-1716
0.02408,-1582
0.0241,809.84
0.02412,-2013.3
0.02414,2701.5
0.02416,-1578
0.02418,3937.1
0.0242,-711.68
0.02422,4860.9
0.02424,223.27
0.02426,5369.2
0.02428,1712.3
0.0243,4384.7
0.02432,4866.9
0.02434,1879.9
0.02436,6680
0.02438,4270.5
0.0244,2146.1
0.02442,5913.3
0.02444,6788.8
0.02446,3780.4
0.02448,1881.9
0.0245,2456.6
0.02452,3905.8
0.02454,4941.8
0.02456,5310.2
0.02458,5099.4
0.0246,4289.9
0.02462,2756.2
0.02464,959.21
0.02466,726.33
0.02468,3495.8
0.0247,5016.5
0.02472,783.54
0.02474,1487
0.02476,4064.7
0.02478,-634.81
0.0248,4150.5
0.02482,-728.42
0.02484,2475
0.02486,2300.5
0.02488,-1515.1
0.0249,786.46
0.02492,3239.8
0.02494,2813.7
0.02496,1434
0.02498,577.68
0.025,562.71
0.02502,1377.2
0.02504,2585.3
0.02506,2481
0.02508,-539.38
0.0251,-2213.3
0.02512,2018.7
0.02514,196.65
0.02516,-1161.6
0.02518,1837.3
0.0252,-1269.1
0.02522,553.58
0.02524,1688.7
0.02526,-2319.6
0.02528,585.39
0.0253,2924.4
0.02532,1298.2
0.02534,-885.46
0.02536,-1857.1
0.02538,-2004.1
0.0254,-1952.2
0.02542,-1851.3
0.02544,-1333.3
0.02546,207.85
0.02548,2522.7
0.0255,3251
0.02552,334.42
0.02554,-1679.6
0.02556,2116
0.02558,2059
0.0256,-1902
0.02562,2746.9
0.02564,-812.29
0.02566,655.52
0.02568,184.73
0.0257,-311.05
0.02572,-430.6
0.02574,70.255
0.02576,-2388.4
0.02578,1109.6
0.0258,-4062.5
0.02582,78.507
0.02584,-2343.5
0.02586,-4170.2
0.02588,-179.5
0.0259,-4573
0.02592,-4135.2
0.02594,-1069.4
0.02596,-5688.4
0.02598,-4277.1
0.026,-1648.8
0.02602,-6243.6
0.02604,-3771.9
0.02606,-2020
0.02608,-6296.7
0.0261,-1852.3
0.02612,-3091.4
0.02614,-4387
0.02616,64.59
0.02618,-4419.3
0.0262,1097.2
0.02622,-2859.9
0.02624,1989.6
0.02626,-1655.2
0.02628,3647.3
0.0263,-761.55
0.02632,4372.2
0.02634,2710
0.02636,1471.4
0.02638,6174.5
0.0264,4983.6
0.02642,2058.8
0.02644,3202.2
0.02646,5872.2
0.02648,7151
0.0265,7019.6
0.02652,6451.7
0.02654,6048
0.02656,5881.8
0.02658,5450.2
0.0266,3681
0.02662,266.68
0.02664,-1506.3
0.02666,1457.4
0.02668,689.99
0.0267,-3976.6
0.02672,273.24
0.02674,-5377.9
0.02676,-1143.1
0.02678,-6758.9
0.0268,-3943.8
0.02682,-3490.2
0.02684,-7595.3
0.02686,-8400.2
0.02688,-6800.1
0.0269,-5469.9
0.02692,-4973.2
0.02694,-5167.1
0.02696,-6169.7
0.02698,-7753.2
0.027,-7711.3
0.02702,-3881.7
0.02704,-2500.9
0.02706,-6374.7
0.02708,-1365.4
0.0271,-3912
0.02712,-288.75
0.02714,-3453.8
0.02716,2005.4
0.02718,-295.95
0.0272,-1564.6
0.02722,1955.7
0.02724,4529.5
0.02726,4867.2
0.02728,4523.1
0.0273,4527.2
0.02732,5118.5
0.02734,6140
0.02736,6825.4
0.02738,5766.1
0.0274,2873.1
0.02742,2186.5
0.02744,5967.3
0.02746,5389.8
0.02748,1432.2
0.0275,5905.5
0.02752,2295.2
0.02754,3636
0.02756,2683.2
0.02758,2933
0.0276,1187.9
0.02762,3815.1
0.02764,-952.57
0.02766,3488.2
0.02768,752.1
0.0277,-1074.3
0.02772,3115.1
0.02774,711.97
0.02776,-1932.3
0.02778,1657.4
0.0278,2839.3
0.02782,-734.77
0.02784,-1176.5
0.02786,2602.5
0.02788,3568.3
0.0279,421.43
0.02792,-321.16
0.02794,3373.4
0.02796,5101.3
0.02798,2075.1
0.028,1128.2
0.02802,5197.6
0.02804,5983.6
0.02806,2203.5
0.02808,4218.2
0.0281,7365.7
0.02812,3080.9
0.02814,5148.7
0.02816,6899.2
0.02818,2656.6
0.0282,7596.5
0.02822,2506.7
0.02824,6920
0.02826,1908.4
0.02828,6523.9
0.0283,1220.9
0.02832,3865
0.02834,4002.2
0.02836,-604.47
0.02838,797.95
0.0284,3042
0.02842,1655.4
0.02844,-1139.8
0.02846,-3202.6
0.02848,-4362.1
0.0285,-5027.1
0.02852,-5216.6
0.02854,-4472.9
0.02856,-2779.4
0.02858,-2399.7
0.0286,-6003.5
0.02862,-7556.6
0.02864,-3180.9
0.02866,-7422.8
0.02868,-4523.8
0.0287,-7048.2
0.02872,-3069.9
0.02874,-7425.5
0.02876,-4433.8
0.02878,-1391.8
0.0288,-2560
0.02882,-3946.5
0.02884,-4011.6
0.02886,-3299.8
0.02888,-2092.7
0.0289,91.01
0.02892,3354.7
0.02894,4783.9
0.02896,1697
0.02898,2881.3
0.029,6707.9
0.02902,2254.4
0.02904,7555.5
0.02906,2927.6
0.02908,5528.4
0.0291,6582.5
0.02912,2208.8
0.02914,1356.9
0.02916,2835.1
0.02918,3506
0.0292,3046.1
0.02922,2033.7
0.02924,609.28
0.02926,-1625
0.02928,-4767.1
0.0293,-6819.6
0.02932,-4885.7
0.02934,-2960.4
0.02936,-7329.6
0.02938,-6602.3
0.0294,-3848.9
0.02942,-8022.8
0.02944,-2523.5
0.02946,-6958.7
0.02948,-1427.6
0.0295,-4232.6
0.02952,-2269.4
0.02954,1052.2
0.02956,-2609.3
0.02958,176.2
0.0296,3560.3
0.02962,919.87
0.02964,-889.62
0.02966,1652.6
0.02968,4083.3
0.0297,2977.6
0.02972,-142.68
0.02974,-2128.8
0.02976,-1710.5
0.02978,5.3416
0.0298,1122.1
0.02982,463.01
0.02984,-1743.7
0.02986,-4137.7
0.02988,-5132.7
0.0299,-3936.4
0.02992,-1302.4
0.02994,682.91
0.02996,234.76
0.02998,-1943.8
0.03,-2425.8
0.03002,899.18
0.03004,4290.9
0.03006,2700.4
0.03008,654.81
0.0301,4850.9
0.03012,5964.7
0.03014,2056.1
0.03016,6593.8
0.03018,4162.5
0.0302,4230.7
0.03022,4781.4
0.03024,3215.6
0.03026,2486.2
0.03028,3927.7
0.0303,-1267
0.03032,1580.7
0.03034,1547.2
0.03036,-2799.9
0.03038,-4717.3
0.0304,-4075.7
0.03042,-3246.9
0.03044,-3108.3
0.03046,-3643.1
0.03048,-4883.3
0.0305,-6748.6
0.03052,-7729.6
0.03054,-5178
0.03056,-2411.5
0.03058,-6344.4
0.0306,-4343.6
0.03062,-3227.5
0.03064,-4134.6
0.03066,-3603.3
0.03068,-385.65
0.0307,-4162.7
0.03072,-3229.1
0.03074,64.482
0.03076,1694.1
0.03078,2134.1
0.0308,2450
0.03082,2663.7
0.03084,1733.1
0.03086,-933.88
0.03088,-1500.7
0.0309,2816.5
0.03092,389.55
0.03094,-61.938
0.03096,1543.8
0.03098,469.88
0.031,-1174.6
0.03102,2826.1
0.03104,218.55
0.03106,-2546
0.03108,-2200.9
0.0311,-1027.8
0.03112,-504.41
0.03114,-850.77
0.03116,-2033.6
0.03118,-3520.8
0.0312,-3464.9
0.03122,-500.43
0.03124,610.48
0.03126,-3806.2
0.03128,-1906.1
0.0313,-575.07
0.03132,-4201.3
0.03134,-35.903
0.03136,-4169.1
0.03138,-1344.2
0.0314,-1704.4
0.03142,-4767.3
0.03144,-413.48
0.03146,-1446.5
0.03148,-4893.7
0.0315,-3437.9
0.03152,-367.46
0.03154,-76.192
0.03156,-2124.6
0.03158,-4110.8
0.0316,-4760.5
0.03162,-4160.1
0.03164,-2930.6
0.03166,-1627.5
0.03168,-519.05
0.0317,294.46
0.03172,846.32
0.03174,1178
0.03176,1334.1
0.03178,1337.2
0.0318,1191.3
0.03182,868.62
0.03184,359.15
0.03186,-353.35
0.03188,-1178.2
0.0319,-1918.8
0.03192,-2161.9
0.03194,-1410.6
0.03196,550.26
0.03198,2959.6
0.032,3899.7
0.03202,1949.5
0.03204,-559.93
0.03206,1187.3
0.03208,4850.2
0.0321,2210.8
0.03212,690.85
0.03214,5427
0.03216,1023.6
0.03218,4414.2
0.0322,2012.9
0.03222,4711.9
0.03224,862.11
0.03226,5584.1
0.03228,2235.5
0.0323,594.73
0.03232,3780
0.03234,4916.8
0.03236,3528.2
0.03238,1902.8
0.0324,1026.3
0.03242,1006.8
0.03244,1804
0.03246,2508.5
0.03248,607.26
0.0325,-3403.8
0.03252,-1522.5
0.03254,-251.68
0.03256,-4822.8
0.03258,-595.91
0.0326,-4969.7
0.03262,-3918.3
0.03264,-1407.9
0.03266,-4630.5
0.03268,-6752.6
0.0327,-6634.1
0.03272,-6177.1
0.03274,-6259.2
0.03276,-6571.3
0.03278,-5524.2
0.0328,-2000.5
0.03282,-1173.7
0.03284,-5116.1
0.03286,-310.49
0.03288,-3053.7
0.0329,823.44
0.03292,-3097.5
0.03294,1609.7
0.03296,2202.4
0.03298,-560.12
0.033,-1221.3
0.03302,-394.42
0.03304,275.12
0.03306,228.47
0.03308,-204.46
0.0331,289.77
0.03312,2971.4
0.03314,4700
0.03316,733.71
0.03318,501.41
0.0332,3648.5
0.03322,-1676.4
0.03324,3009.9
0.03326,-2582.3
0.03328,1304.5
0.0333,-1353.9
0.03332,-3771.9
0.03334,-121.19
0.03336,-1459.4
0.03338,-5286.7
0.0334,-5839.7
0.03342,-3964.7
0.03344,-2403.5
0.03346,-2125.2
0.03348,-2697.5
0.0335,-3478.8
0.03352,-4100.3
0.03354,-4408.4
0.03356,-4404.7
0.03358,-4112
0.0336,-3580.6
0.03362,-2920.1
0.03364,-2244.4
0.03366,-1713.1
0.03368,-1446.9
0.0337,-1502
0.03372,-1845.8
0.03374,-2341.7
0.03376,-2840.6
0.03378,-3222.4
0.0338,-3400.4
0.03382,-3386.8
0.03384,-3197.8
0.03386,-2871.1
0.03388,-2374.7
0.0339,-1632.6
0.03392,-497.3
0.03394,1063.5
0.03396,2676.9
0.03398,3305.8
0.034,1799.3
0.03402,-869.26
0.03404,-538.99
0.03406,3405.5
0.03408,2583.4
0.0341,-857.55
0.03412,3938.8
0.03414,614.33
0.03416,2700.4
0.03418,1027.4
0.0342,3842.5
0.03422,-468.95
0.03424,3748.1
0.03426,3766.7
0.03428,354.76
0.0343,-167.29
0.03432,1184.2
0.03434,2241.1
0.03436,2390.8
0.03438,1583.6
0.0344,222.52
0.03442,313.74
0.03444,3761
0.03446,4351
0.03448,62.508
0.0345,5021.3
0.03452,462.59
0.03454,5397.9
0.03456,986.37
0.03458,1914.6
0.0346,5269.5
0.03462,5295.5
0.03464,4178.8
0.03466,3774.8
0.03468,4413.3
0.0347,5639.2
0.03472,5341.7
0.03474,1814.2
0.03476,2037.6
0.03478,5847.5
0.0348,769.69
0.03482,5892.7
0.03484,1072.7
0.03486,3389.3
0.03488,5546.2
0.0349,2634.2
0.03492,496.67
0.03494,87.835
0.03496,10.676
0.03498,-328.46
0.035,-380.94
0.03502,1160.7
0.03504,3711.1
0.03506,2088.4
0.03508,-1785.1
0.0351,2381.7
0.03512,-836.72
0.03514,441.04
0.03516,-1610.2
0.03518,1224.2
0.0352,-3674.1
0.03522,-414.98
0.03524,526.45
0.03526,-3181.8
0.03528,-4334.5
0.0353,-2470.8
0.03532,-434.6
0.03534,559.72
0.03536,824.5
0.03538,909.59
0.0354,1132
0.03542,1536.2
0.03544,1977.1
0.03546,2152.4
0.03548,1730.5
0.0355,653.09
0.03552,-587.88
0.03554,-933.03
0.03556,430.67
0.03558,3081.7
0.0356,5187.4
0.03562,5054.2
0.03564,2913.3
0.03566,868.21
0.03568,816.46
0.0357,2591.1
0.03572,4385.2
0.03574,4652.7
0.03576,3215.4
0.03578,948.96
0.0358,-1230.1
0.03582,-2877.7
0.03584,-4052.7
0.03586,-4971.9
0.03588,-5811
0.0359,-6569.2
0.03592,-7015.1
0.03594,-6716.2
0.03596,-5376.5
0.03598,-3856.8
0.036,-4569.4
0.03602,-8013.7
0.03604,-8132
0.03606,-3618.5
0.03608,-6400.2
0.0361,-5648.8
0.03612,-2977.3
0.03614,-4718.6
0.03616,-2309.7
0.03618,-336.27
0.0362,-3425.1
0.03622,309.79
0.03624,3409
0.03626,3142.1
0.03628,2288.4
0.0363,2194.5
0.03632,2985.3
0.03634,4609.1
0.03636,5968.6
0.03638,3982.4
0.0364,586.65
0.03642,4441.2
0.03644,2046.9
0.03646,2361.1
0.03648,221.19
0.0365,3484.7
0.03652,-845.03
0.03654,-2571
0.03656,-1310.7
0.03658,-458.39
0.0366,-701.5
0.03662,-2015.5
0.03664,-4140.3
0.03666,-4432.9
0.03668,-608.9
0.0367,-1960.6
0.03672,-4033.9
0.03674,-495.26
0.03676,-3072.2
0.03678,-2979.9
0.0368,904.37
0.03682,-851.1
0.03684,-3025.2
0.03686,-3427.3
0.03688,-3183.6
0.0369,-2921.2
0.03692,-2035.9
0.03694,517.22
0.03696,2818.9
0.03698,-125.66
0.037,-1342.4
0.03702,3163.9
0.03704,-1871.3
0.03706,3317.9
0.03708,-1658.6
0.0371,2096
0.03712,2136
0.03714,-1601.5
0.03716,-48.62
0.03718,2840.9
0.0372,3421.6
0.03722,2475
0.03724,1448.6
0.03726,904.68
0.03728,929.92
0.0373,1467.7
0.03732,2411.6
0.03734,3289.7
0.03736,3210.6
0.03738,1433.7
0.0374,-1168.1
0.03742,-1896.9
0.03744,560.14
0.03746,2703.2
0.03748,460.68
0.0375,-2859.9
0.03752,-1328.1
0.03754,1522.6
0.03756,-959.27
0.03758,-4306.6
0.0376,-2189.1
0.03762,40.63
0.03764,-2995.6
0.03766,-5946.2
0.03768,-4179.8
0.0377,-1744.9
0.03772,-2908.9
0.03774,-6050
0.03776,-7713.9
0.03778,-7128.3
0.0378,-5615.9
0.03782,-4376.8
0.03784,-3748.5
0.03786,-3525.6
0.03788,-3529.6
0.0379,-3827.1
0.03792,-4739.8
0.03794,-6406.2
0.03796,-7587.5
0.03798,-5693
0.038,-1932.2
0.03802,-3689.4
0.03804,-5671.8
0.03806,-403.75
0.03808,-4873.1
0.0381,470.09
0.03812,-4031.1
0.03814,769.66
0.03816,606.67
0.03818,-2361.4
0.0382,-1213.8
0.03822,1181.1
0.03824,2591.2
0.03826,2948.1
0.03828,2231
0.0383,502.58
0.03832,286.58
0.03834,4328.3
0.03836,3669.9
0.03838,1105.4
0.0384,5022.9
0.03842,1858.2
0.03844,2013.2
0.03846,5450.2
0.03848,3690.8
0.0385,1316.2
0.03852,292.72
0.03854,124.32
0.03856,955.75
0.03858,3046.2
0.0386,3097.6
0.03862,-1602.2
0.03864,787.68
0.03866,-402.64
0.03868,-306.24
0.0387,-3362.9
0.03872,474.76
0.03874,-1238.6
0.03876,-4416.8
0.03878,-5752.8
0.0388,-6195.7
0.03882,-6470.9
0.03884,-5971.6
0.03886,-3646.6
0.03888,-1852.3
0.0389,-5449.5
0.03892,-5379.6
0.03894,-1837.3
0.03896,-5905.2
0.03898,-1155.4
0.039,-3247.9
0.03902,-3489.3
0.03904,1240.9
0.03906,647.67
0.03908,-1440.2
0.0391,-1296.1
0.03912,229.96
0.03914,1718.7
0.03916,2583
0.03918,2755.2
0.0392,2402.8
0.03922,2154.2
0.03924,3104.3
0.03926,5576.2
0.03928,7189.4
0.0393,4792.4
0.03932,1179.4
0.03934,2703.9
0.03936,4755.1
0.03938,87.467
0.0394,-1189.9
0.03942,1902.2
0.03944,-2902
0.03946,-3673.7
0.03948,-996.57
0.0395,-6377.1
0.03952,-4702.3
0.03954,-3570.2
0.03956,-8318.4
0.03958,-4769.1
0.0396,-4575.1
0.03962,-8338.4
0.03964,-4664.2
0.03966,-2836.5
0.03968,-6157.6
0.0397,-5639.2
0.03972,-1551.2
0.03974,139.11
0.03976,-1150
0.03978,-2575.3
0.0398,-2765.6
0.03982,-2129.8
0.03984,-1443.5
0.03986,-1125.5
0.03988,-1108.1
0.0399,-763.72
0.03992,940.62
0.03994,3558.3
0.03996,2982.4
0.03998,-1305
0.04,1045.4
0.04002,1440.3
0.04004,-1877.5
0.04006,871.97
0.04008,-1308
0.0401,-3282
0.04012,431.21
0.04014,-539.47
0.04016,-3258.2
0.04018,-4616.6
0.0402,-4915.6
0.04022,-4473.4
0.04024,-2682
0.04026,-75.872
0.04028,-1462.9
0.0403,-4462.6
0.04032,848.75
0.04034,-3681.9
0.04036,1742.1
0.04038,-1825
0.0404,-1769.3
0.04042,1712.5
0.04044,3463.8
0.04046,4061.4
0.04048,4424
0.0405,3831.8
0.04052,1321.3
0.04054,1114.7
0.04056,5906
0.04058,1813.2
0.0406,5844.3
0.04062,1646.7
0.04064,6258.6
0.04066,5859.1
0.04068,2970.7
0.0407,2018.1
0.04072,2018.9
0.04074,1983.4
0.04076,2430.1
0.04078,4713.8
0.0408,6952
0.04082,3412.3
0.04084,2949.3
0.04086,6027
0.04088,1844.3
0.0409,5021.2
0.04092,4174.1
0.04094,892.33
0.04096,3998.3
0.04098,5692.6
0.041,4368.3
0.04102,2645.4
0.04104,1671.4
0.04106,1466.4
0.04108,1960.1
0.0411,3189.4
0.04112,4544.5
0.04114,4259
0.04116,1315.9
0.04118,-575.49
0.0412,2665.4
0.04122,3981.8
0.04124,-458.1
0.04126,2104.4
0.04128,3366.9
0.0413,-768.27
0.04132,4183.6
0.04134,-16.098
0.04136,2694.4
0.04138,1702.7
0.0414,1192.6
0.04142,3097.6
0.04144,154.16
0.04146,4083.1
0.04148,-471.29
0.0415,4592.4
0.04152,-405.09
0.04154,3979.7
0.04156,1248.3
0.04158,1410.6
0.0416,4249.3
0.04162,-411.97
0.04164,2825.6
0.04166,3934.5
0.04168,-188.8
0.0417,370.36
0.04172,3538.5
0.04174,3890
0.04176,1927.4
0.04178,-2.0551
0.0418,-1079.5
0.04182,-1558.4
0.04184,-1595.4
0.04186,-919.07
0.04188,729.13
0.0419,1812.6
0.04192,-949.83
0.04194,-4113.8
0.04196,-107.93
0.04198,-3099.4
0.042,-2553.9
0.04202,-4124.6
0.04204,-1436.3
0.04206,-6220.1
0.04208,-5439.8
0.0421,-2849.5
0.04212,-2235.9
0.04214,-2440.5
0.04216,-2504
0.04218,-3058.9
0.0422,-5607.2
0.04222,-7501.5
0.04224,-3024.8
0.04226,-5120.3
0.04228,-3824.7
0.0423,-5346.2
0.04232,-838.22
0.04234,-3227.2
0.04236,-4878.5
0.04238,-4242
0.0424,-3502.3
0.04242,-3244.7
0.04244,-2087.5
0.04246,1708.8
0.04248,2575.8
0.0425,-1222.9
0.04252,4286
0.04254,-515.71
0.04256,3707.5
0.04258,4000
0.0426,780.64
0.04262,-206.33
0.04264,-148.95
0.04266,-447.93
0.04268,-802.58
0.0427,538.06
0.04272,3259.8
0.04274,525.93
0.04276,-2019
0.04278,1706.2
0.0428,-3503.5
0.04282,-313.09
0.04284,-1499.6
0.04286,-5328.3
0.04288,-3492.7
0.0429,-1406
0.04292,-1284.1
0.04294,-1842.5
0.04296,-2069.1
0.04298,-1823.6
0.043,-1714.1
0.04302,-2922.2
0.04304,-5520.1
0.04306,-5946
0.04308,-1923.2
0.0431,-1389.3
0.04312,-5113.9
0.04314,-549.88
0.04316,-1617.1
0.04318,-2202.9
0.0432,1155.7
0.04322,-2088
0.04324,2458.4
0.04326,-1031.3
0.04328,2887.4
0.0433,712.34
0.04332,2301.1
0.04334,3073.7
0.04336,1091.7
0.04338,5108.2
0.0434,491.56
0.04342,5688.8
0.04344,1016.5
0.04346,5078.4
0.04348,1797.2
0.0435,4439.9
0.04352,1787.1
0.04354,4569.4
0.04356,686.69
0.04358,5170.5
0.0436,108.42
0.04362,2963.1
0.04364,3679.4
0.04366,-654.98
0.04368,702.18
0.0437,3529.6
0.04372,3008.9
0.04374,862.85
0.04376,-770.09
0.04378,-1516.1
0.0438,-1596
0.04382,-856.33
0.04384,849.8
0.04386,1952.1
0.04388,-870.87
0.0439,-3419.4
0.04392,1115.8
0.04394,-2892
0.04396,89.284
0.04398,-3876
0.044,672.17
0.04402,-1526.3
0.04404,-4384.5
0.04406,-4237.5
0.04408,-3589.5
0.0441,-3812.1
0.04412,-4696.7
0.04414,-4224.4
0.04416,-629.69
0.04418,-1519.3
0.0442,-4403.4
0.04422,-345.37
0.04424,-3489.5
0.04426,-3804.6
0.04428,-167.27
0.0443,-84.432
0.04432,-1003.3
0.04434,-950.85
0.04436,84.683
0.04438,161.43
0.0444,-3329.5
0.04442,-2985.2
0.04444,365.49
0.04446,-3609.4
0.04448,-585.31
0.0445,482.44
0.04452,-2939.3
0.04454,-3432.3
0.04456,-2604.3
0.04458,-2379.3
0.0446,-2824.5
0.04462,-2234.7
0.04464,1291
0.04466,1837.5
0.04468,-2231.5
0.0447,3011.4
0.04472,-1980.4
0.04474,2917.9
0.04476,665.42
0.04478,-1757.9
0.0448,572.42
0.04482,2641.8
0.04484,3138.2
0.04486,3027.1
0.04488,2767.2
0.0449,1902.6
0.04492,-382.44
0.04494,-3082
0.04496,-2255.8
0.04498,970.26
0.045,-2438.5
0.04502,-4046
0.04504,-462.99
0.04506,-5984.4
0.04508,-1379
0.0451,-6796.4
0.04512,-2083.8
0.04514,-7427.9
0.04516,-3395.5
0.04518,-5695.5
0.0452,-6781.6
0.04522,-2706.2
0.04524,-6945.3
0.04526,-5052.6
0.04528,-1939.6
0.0453,-5882.1
0.04532,-3123.2
0.04534,-86.864
0.04536,-3828.8
0.04538,-117.73
0.0454,1826
0.04542,-1446.3
0.04544,4153.4
0.04546,1552.9
0.04548,3503.1
0.0455,4522.8
0.04552,3546.5
0.04554,5229.7
0.04556,4889.2
0.04558,3290.7
0.0456,6965.1
0.04562,2204
0.04564,2484.4
0.04566,5325.8
0.04568,3944.3
0.0457,826.11
0.04572,-1307
0.04574,-2444.2
0.04576,-3107.9
0.04578,-3138.3
0.0458,-1779.7
0.04582,155.34
0.04584,-1769.7
0.04586,-5209.1
0.04588,-407.57
0.0459,-4285.9
0.04592,-0.050233
0.04594,-4344.1
0.04596,-461.26
0.04598,1674.7
0.046,373.93
0.04602,-484.18
0.04604,-109.63
0.04606,1493.8
0.04608,3650.8
0.0461,2385.3
0.04612,-1216.5
0.04614,3523.9
0.04616,-1392.8
0.04618,3085.6
0.0462,-1015.2
0.04622,-3044.8
0.04624,-1984.3
0.04626,-1650.3
0.04628,-2733.1
0.0463,-5045.8
0.04632,-6257.8
0.04634,-2817
0.04636,-4522.8
0.04638,-5938.2
0.0464,-5136.1
0.04642,-3254.9
0.04644,-7026
0.04646,-6878.3
0.04648,-5092
0.0465,-4133.1
0.04652,-4318.5
0.04654,-4738.4
0.04656,-2172.1
0.04658,2075.2
0.0466,-1471.5
0.04662,2398.6
0.04664,388.91
0.04666,5201.5
0.04668,1597.9
0.0467,2102.3
0.04672,5372.3
0.04674,7048.9
0.04676,7435.4
0.04678,7499.1
0.0468,7176.1
0.04682,5534.9
0.04684,2567.9
0.04686,2007.2
0.04688,5547.8
0.0469,3360.3
0.04692,333.38
0.04694,4238.1
0.04696,-1566.3
0.04698,2892.9
0.047,-2882.6
0.04702,837.57
0.04704,-2163.6
0.04706,-3972.9
0.04708,-358.27
0.0471,-4211.2
0.04712,-6004.3
0.04714,-2411.4
0.04716,-2909.8
0.04718,-6797
0.0472,-6538.4
0.04722,-3089.3
0.04724,-3063.5
0.04726,-6481.9
0.04728,-6921.4
0.0473,-3218
0.04732,-2277.6
0.04734,-5846.2
0.04736,-5459.9
0.04738,-1169
0.0474,-3545.8
0.04742,-5042.6
0.04744,-214.3
0.04746,-4358.6
0.04748,-1450.8
0.0475,-2468.7
0.04752,-1686.6
0.04754,-2936
0.04756,119.96
0.04758,-4510.5
0.0476,-1255.3
0.04762,140.54
0.04764,-3061.6
0.04766,-5081.3
0.04768,-5174
0.0477,-5018.7
0.04772,-5459.4
0.04774,-6314.1
0.04776,-6126.6
0.04778,-3387.5
0.0478,-2683.5
0.04782,-7551.9
0.04784,-3580.5
0.04786,-7422.5
0.04788,-3365.9
0.0479,-8010
0.04792,-7416.3
0.04794,-4614.8
0.04796,-3584.4
0.04798,-3388.4
0.048,-3663.9
0.04802,-5572.3
0.04804,-7713.5
0.04806,-3555.1
0.04808,-4161.9
0.0481,-3791.2
0.04812,-4652.8
0.04814,-67.584
0.04816,-1037.9
0.04818,-2446.2
0.0482,-2308.6
0.04822,-924.9
0.04824,1985.3
0.04826,3814
0.04828,109.89
0.0483,3499.4
0.04832,2292.2
0.04834,5836.4
0.04836,1946.2
0.04838,2775.8
0.0484,5112.3
0.04842,6055.3
0.04844,5575
0.04846,3642.3
0.04848,2266.2
0.0485,5706.4
0.04852,5049.6
0.04854,2143.2
0.04856,4377.7
0.04858,3027.1
0.0486,-644.54
0.04862,1649.1
0.04864,2776.1
0.04866,1847.4
0.04868,734.73
0.0487,138.87
0.04872,-531.21
0.04874,-2885.6
0.04876,-6684.8
0.04878,-6205.6
0.0488,-3075
0.04882,-8074.9
0.04884,-5098.9
0.04886,-7332
0.04888,-5124.3
0.0489,-8322.5
0.04892,-3345.7
0.04894,-6977.4
0.04896,-6135.8
0.04898,-1715.1
0.049,-2995.1
0.04902,-5084.5
0.04904,-2924.4
0.04906,912.13
0.04908,2625.9
0.0491,1768
0.04912,260.47
0.04914,-5.6472
0.04916,1521.6
0.04918,4111.1
0.0492,6320.1
0.04922,6851.7
0.04924,5323.3
0.04926,2862.3
0.04928,1792.3
0.0493,3530
0.04932,5940.2
0.04934,4584.8
0.04936,379.11
0.04938,985.95
0.0494,3835.9
0.04942,-944.27
0.04944,-341.68
0.04946,726.48
0.04948,-3163
0.0495,-34.082
0.04952,-3232.2
0.04954,-3260.2
0.04956,-343.87
0.04958,-4245.4
0.0496,-5390.8
0.04962,-3282.9
0.04964,-1496.9
0.04966,-771.08
0.04968,-814.52
0.0497,-1908.2
0.04972,-3841.9
0.04974,-2897
0.04976,1560.3
0.04978,-2035.6
0.0498,826.33
0.04982,-1558
0.04984,2987.4
0.04986,-63.141
0.04988,-1752.6
0.0499,-998.75
0.04992,-586.88
0.04994,-1204.1
0.04996,-1402.6
0.04998,1704.6
0.05,2441.9
0.05002,-1935
0.05004,2593.8
0.05006,-1181.1
0.05008,-2199.3
0.0501,524.81
0.05012,1367.5
0.05014,1103.6
0.05016,89.102
0.05018,-2870.1
0.0502,-4738.2
0.05022,-371.32
0.05024,-4994.5
0.05026,-915.97
0.05028,-5815.6
0.0503,-4860.8
0.05032,-2425.9
0.05034,-1810.5
0.05036,-2022.4
0.05038,-3215.3
0.0504,-6147.7
0.05042,-6469
0.05044,-2144.8
0.05046,-7049.2
0.05048,-2308.4
0.0505,-7186.1
0.05052,-4565.3
0.05054,-2121.7
0.05056,-3270.5
0.05058,-4562.9
0.0506,-4745.7
0.05062,-3803.8
0.05064,-2176.1
0.05066,-2237.4
0.05068,-5791.2
0.0507,-5447.9
0.05072,-1551.3
0.05074,-6498.1
0.05076,-1467.2
0.05078,-6379.3
0.0508,-1339.6
0.05082,-4682.9
0.05084,-5194.3
0.05086,-1177.2
0.05088,-2478.6
0.0509,-5545.9
0.05092,-5533.8
0.05094,-3327.5
0.05096,-1371
0.05098,-623.58
0.051,-869.92
0.05102,-1590.8
0.05104,-2390.5
0.05106,-3117.8
0.05108,-3699.9
0.0511,-4176.9
0.05112,-4548.2
0.05114,-4845.7
0.05116,-5029.6
0.05118,-5014.9
0.0512,-4647.5
0.05122,-3730.3
0.05124,-2138.5
0.05126,-211.15
0.05128,982.02
0.0513,-2.5251
0.05132,-2735.1
0.05134,-3071.6
0.05136,946
0.05138,1218.5
0.0514,-2512.5
0.05142,2359.7
0.05144,-344.32
0.05146,2051.3
0.05148,71.732
0.0515,4294.9
0.05152,102.58
0.05154,1843.6
0.05156,5312.9
0.05158,5568.9
0.0516,4781.8
0.05162,4700.2
0.05164,5647.9
0.05166,6913.8
0.05168,5831.7
0.0517,2202.1
0.05172,5409.8
0.05174,4825.1
0.05176,4603.6
0.05178,2628.6
0.0518,6494.4
0.05182,5089
0.05184,2678.3
0.05186,1662.1
0.05188,1974.3
0.0519,3652.1
0.05192,3494.4
0.05194,-1503.6
0.05196,1994.2
0.05198,-2215.6
0.052,1805.7
0.05202,-1620.1
0.05204,-4178.6
0.05206,-4548.9
0.05208,-4885.9
0.0521,-4848.5
0.05212,-2129.4
0.05214,-518.43
0.05216,-5207.6
0.05218,119.78
0.0522,-4398.9
0.05222,-2311.4
0.05224,941.63
0.05226,1519.3
0.05228,1905.3
0.0523,2758.8
0.05232,2231.2
0.05234,-786.23
0.05236,1847.9
0.05238,3629
0.0524,1962.4
0.05242,2708.2
0.05244,6208
0.05246,3700.9
0.05248,1806.3
0.0525,1510.1
0.05252,1450.1
0.05254,1583.7
0.05256,3157.5
0.05258,5645.9
0.0526,3398.5
0.05262,-11.38
0.05264,4375.6
0.05266,-1138.5
0.05268,3194.4
0.0527,-2395
0.05272,583.93
0.05274,601.71
0.05276,-3772.4
0.05278,-3769.9
0.0528,-1360.1
0.05282,-305.01
0.05284,-899.56
0.05286,-2039
0.05288,-2956.4
0.0529,-3446.1
0.05292,-3481.5
0.05294,-3143.9
0.05296,-2483.2
0.05298,-1588
0.053,-648.48
0.05302,152.8
0.05304,628.67
0.05306,718.58
0.05308,507.78
0.0531,153.48
0.05312,-133.07
0.05314,-233.45
0.05316,-96.909
0.05318,340.4
0.0532,1099.2
0.05322,2259.8
0.05324,3695.5
0.05326,4833.4
0.05328,4425.7
0.0533,1924.5
0.05332,416.02
0.05334,3823
0.05336,5265.2
0.05338,819.54
0.0534,5394.2
0.05342,1871.1
0.05344,5470.7
0.05346,975.81
0.05348,5311.7
0.0535,4962.9
0.05352,1714.8
0.05354,849.71
0.05356,1141.9
0.05358,1055.9
0.0536,683.36
0.05362,1842.3
0.05364,5262.4
0.05366,3476.1
0.05368,1359.4
0.0537,4755.8
0.05372,2428.6
0.05374,958.04
0.05376,4373.3
0.05378,5489.4
0.0538,5436
0.05382,5500.5
0.05384,4394.9
0.05386,932.09
0.05388,2757
0.0539,4303.7
0.05392,2451.9
0.05394,1774.4
0.05396,5550.2
0.05398,5636
0.054,5097
0.05402,5656.3
0.05404,6221.2
0.05406,3347.8
0.05408,2112.8
0.0541,6444.5
0.05412,2233.3
0.05414,4272.8
0.05416,7047.5
0.05418,5940.2
0.0542,5120.2
0.05422,5762.9
0.05424,7286.5
0.05426,6212.7
0.05428,2406.2
0.0543,7051.9
0.05432,2920.7
0.05434,7519.6
0.05436,3553.6
0.05438,2441.7
0.0544,4224.5
0.05442,5172.8
0.05444,4809
0.05446,3141.6
0.05448,1081.2
0.0545,2344.5
0.05452,5396.6
0.05454,523.94
0.05456,3000.3
0.05458,259.06
0.0546,2927.1
0.05462,-2160.2
0.05464,717.42
0.05466,1754.2
0.05468,-1596.4
0.0547,-3965.8
0.05472,-4188.3
0.05474,-3621.4
0.05476,-3218.2
0.05478,-3255.7
0.0548,-3689.7
0.05482,-4410
0.05484,-5041.5
0.05486,-4975.1
0.05488,-3630.1
0.0549,-1188.4
0.05492,944.86
0.05494,1160.1
0.05496,-601.72
0.05498,-2261.4
0.055,-1717.4
0.05502,873.67
0.05504,3413
0.05506,4146.9
0.05508,3117.3
0.0551,1472.2
0.05512,131.71
0.05514,-693.59
0.05516,-1218.7
0.05518,-1721.5
0.0552,-2242.3
0.05522,-2493
0.05524,-1910.2
0.05526,-532.15
0.05528,-500.26
0.0553,-4405.3
0.05532,-6844.5
0.05534,-2935.8
0.05536,-7048.4
0.05538,-5418.1
0.0554,-7531.9
0.05542,-4097.5
0.05544,-8396.2
0.05546,-6786.7
0.05548,-3313.9
0.0555,-1827.7
0.05552,-1003.6
0.05554,15.492
0.05556,199.42
0.05558,-1903.6
0.0556,-1283.8
0.05562,3898
0.05564,-482.26
0.05566,5144.9
0.05568,2475
0.0557,868.6
0.05572,2492
0.05574,3221
0.05576,2221.4
0.05578,126.03
0.0558,937.65
0.05582,3880.5
0.05584,-1873.1
0.05586,2572.3
0.05588,-1668.8
0.0559,-3493.2
0.05592,-2310.9
0.05594,-2055.9
0.05596,-3275.9
0.05598,-4536.4
0.056,-1198.7
0.05602,-335.88
0.05604,-2588.1
0.05606,-706.15
0.05608,2178.4
0.0561,63.937
0.05612,-943.99
0.05614,-527.32
0.05616,1234.3
0.05618,4181.1
0.0562,2731.6
0.05622,28.249
0.05624,4309.4
0.05626,358.01
0.05628,361.67
0.0563,3291.4
0.05632,2700
0.05634,1318.7
0.05636,808.59
0.05638,923.38
0.0564,-528.49
0.05642,-4862.9
0.05644,-4124
0.05646,-2113.5
0.05648,-6731.6
0.0565,-2987.3
0.05652,-5429.8
0.05654,-7159.3
0.05656,-3206.1
0.05658,-2875.9
0.0566,-4930.8
0.05662,-6178.9
0.05664,-6289.9
0.05666,-5851.6
0.05668,-5156.7
0.0567,-4003.4
0.05672,-2030.5
0.05674,609.01
0.05676,2444.4
0.05678,1602.9
0.0568,-838.52
0.05682,-411.23
0.05684,3539.5
0.05686,4651.1
0.05688,1282.2
0.0569,1167.8
0.05692,5161.3
0.05694,4944.4
0.05696,1270
0.05698,1872.8
0.057,5233.4
0.05702,5026.8
0.05704,1822.4
0.05706,44.833
0.05708,878.66
0.0571,2556
0.05712,3599.4
0.05714,3862.4
0.05716,3719.4
0.05718,3345.1
0.0572,2472.1
0.05722,556.21
0.05724,-1749
0.05726,-1093.7
0.05728,2757
0.0573,226.73
0.05732,-681.63
0.05734,2367.5
0.05736,-270.04
0.05738,528.94
0.0574,3885.8
0.05742,1282
0.05744,-415.47
0.05746,-308.19
0.05748,14.096
0.0575,633.07
0.05752,3282.5
0.05754,6090.3
0.05756,1964.9
0.05758,5238.4
0.0576,2465.7
0.05762,6991
0.05764,4597.8
0.05766,2465.2
0.05768,2121.7
0.0577,2329.2
0.05772,4084.1
0.05774,6984.8
0.05776,3152.8
0.05778,4630.4
0.0578,2389.3
0.05782,6188.9
0.05784,4148
0.05786,2058.6
0.05788,1670.1
0.0579,2976.3
0.05792,4699.8
0.05794,845.14
0.05796,1272.3
0.05798,938.27
0.058,3072.8
0.05802,-858.38
0.05804,-2143.2
0.05806,-2238.3
0.05808,-2563
0.0581,-1484.2
0.05812,1964
0.05814,-1009.9
0.05816,-757
0.05818,-1454
0.0582,1595
0.05822,-1908.8
0.05824,-3584.9
0.05826,-3579.8
0.05828,-3731
0.0583,-3689.4
0.05832,-1451.3
0.05834,1093
0.05836,-3158.9
0.05838,-1227.7
0.0584,-2070.7
0.05842,-438.38
0.05844,-4408
0.05846,-760.67
0.05848,472.83
0.0585,-1646.8
0.05852,-3426.9
0.05854,-4073.1
0.05856,-4097.4
0.05858,-3643
0.0586,-2374.2
0.05862,-256.01
0.05864,1255.2
0.05866,-254.85
0.05868,-3236.6
0.0587,-1657.8
0.05872,2107.9
0.05874,-732.07
0.05876,-1946.5
0.05878,2747.8
0.0588,-350.36
0.05882,-608.33
0.05884,3412.3
0.05886,-1037.7
0.05888,1234.3
0.0589,3087.2
0.05892,-1353.4
0.05894,1802.8
0.05896,2984.1
0.05898,-1293.9
0.059,-487.76
0.05902,2671.2
0.05904,1814.9
0.05906,-1218.9
0.05908,-3045.1
0.0591,-3362.4
0.05912,-3299.3
0.05914,-3591.5
0.05916,-4374.5
0.05918,-5020
0.0592,-4007.5
0.05922,-1175
0.05924,-2050.1
0.05926,-6215.1
0.05928,-1590.8
0.0593,-6038.9
0.05932,-1554.3
0.05934,-6238.9
0.05936,-4874.4
0.05938,-1836.9
0.0594,-1234
0.05942,-1167.9
0.05944,-767.72
0.05946,-1481.4
0.05948,-4661.4
0.0595,-2899.6
0.05952,-440.37
0.05954,-2738.7
0.05956,-2025.6
0.05958,1794.9
0.0596,1438.7
0.05962,993.28
0.05964,2026.6
0.05966,3550.3
0.05968,1350.1
0.0597,-197.52
0.05972,4281.5
0.05974,1184.7
0.05976,1012.6
0.05978,4255.4
0.0598,5463.5
0.05982,5444.6
0.05984,3717.6
0.05986,1172
0.05988,5349.6
0.0599,2930.2
0.05992,6049.3
0.05994,1812.5
0.05996,2243.5
0.05998,3588.1
0.06,3393.5
0.06002,1858.4
0.06004,2231.3
0.06006,6405
0.06008,1891.9
0.0601,5979.7
0.06012,1181.6
0.06014,3233.4
0.06016,5614.4
0.06018,5937.1
0.0602,5818.7
0.06022,5055.8
0.06024,2179.6
0.06026,650.62
0.06028,5185.5
0.0603,966.85
0.06032,4562.8
0.06034,-16.594
0.06036,4094.4
0.06038,4156
0.0604,1095.8
0.06042,-322.35
0.06044,-450
0.06046,-484.41
0.06048,-671.71
0.0605,-346.75
0.06052,1483.4
0.06054,3914.8
0.06056,2989.1
0.06058,-885.55
0.0606,956.67
0.06062,3506.9
0.06064,-1350
0.06066,2023.7
0.06068,873.9
0.0607,-786.07
0.06072,2219
0.06074,-2320.5
0.06076,2303.9
0.06078,-3086.6
0.0608,1707.2
0.06082,-3420
0.06084,401.53
0.06086,-2943.7
0.06088,-2210.2
0.0609,-1191.8
0.06092,-5472.2
0.06094,-1242.6
0.06096,-3631
0.06098,-6707.2
0.061,-3761.5
0.06102,-2405.8
0.06104,-4577
0.06106,-6966.2
0.06108,-8127.4
0.0611,-8514.7
0.06112,-8503.5
0.06114,-7660
0.06116,-5360.8
0.06118,-3629.5
0.0612,-6889.3
0.06122,-7195.4
0.06124,-3278.9
0.06126,-7233.9
0.06128,-3543.5
0.0613,-2610.9
0.06132,-5610.9
0.06134,-5381.1
0.06136,-4176.1
0.06138,-3808
0.0614,-3719.9
0.06142,-949.24
0.06144,2375.5
0.06146,-2186.8
0.06148,3106.3
0.0615,-1465.4
0.06152,-1.0472
0.06154,2543.4
0.06156,2964.4
0.06158,2270.4
0.0616,-382.46
0.06162,-3215
0.06164,846.89
0.06166,-4024.8
0.06168,-120.66
0.0617,-4032.5
0.06172,-6615.4
0.06174,-7327.8
0.06176,-7803.2
0.06178,-6336.6
0.0618,-3470.4
0.06182,-8279.3
0.06184,-4001.1
0.06186,-8533.6
0.06188,-6121.2
0.0619,-3413.9
0.06192,-2425.8
0.06194,-2529.7
0.06196,-4538
0.06198,-4184.5
0.062,967.3
0.06202,-3414.9
0.06204,1664.5
0.06206,1554
0.06208,-987.95
0.0621,-1502.9
0.06212,-1422.8
0.06214,-790.28
0.06216,1738.5
0.06218,2555.1
0.0622,-2649.6
0.06222,1224.6
0.06224,-3888.5
0.06226,185.29
0.06228,-3461.1
0.0623,-6376.1
0.06232,-5579.6
0.06234,-4574.6
0.06236,-4485.1
0.06238,-5238.5
0.0624,-6776
0.06242,-8265.4
0.06244,-7045.6
0.06246,-3126.6
0.06248,-3898.8
0.0625,-6708.1
0.06252,-1357.9
0.06254,-3875.4
0.06256,-1871.4
0.06258,-1057.4
0.0626,-972.8
0.06262,46.137
0.06264,1038.2
0.06266,-261.05
0.06268,3263.2
0.0627,-968.03
0.06272,4133.3
0.06274,-718.08
0.06276,2945.7
0.06278,189.91
0.0628,955.52
0.06282,328.9
0.06284,-411.95
0.06286,-1064.3
0.06288,-432.75
0.0629,-4050.3
0.06292,-21.414
0.06294,-4498
0.06296,-5280.4
0.06298,-2028
0.063,-2553.8
0.06302,-5167.5
0.06304,-6910.7
0.06306,-7532.9
0.06308,-7482.2
0.0631,-6445.2
0.06312,-4046.3
0.06314,-3038.1
0.06316,-6989.5
0.06318,-5186.7
0.0632,-4063.1
0.06322,-4753.2
0.06324,-6027.5
0.06326,-1734.2
0.06328,-1750.4
0.0633,-2834.3
0.06332,-2624.3
0.06334,-985.61
0.06336,56.911
0.06338,-3532.2
0.0634,-1922.2
0.06342,-1340.2
0.06344,247.48
0.06346,-3377
0.06348,-2725.1
0.0635,-1701.2
0.06352,-2158.2
0.06354,-2757.4
0.06356,818.35
0.06358,880.06
0.0636,-599.47
0.06362,-952.08
0.06364,2674.9
0.06366,2646.3
0.06368,2465.1
0.0637,3025.3
0.06372,1332.5
0.06374,-2063.2
0.06376,3022
0.06378,-2049.2
0.0638,1267.5
0.06382,3057.2
0.06384,2534
0.06386,2684.8
0.06388,2852.3
0.0639,-362.5
0.06392,-1190.9
0.06394,2226.5
0.06396,-796.97
0.06398,-1507.7
0.064,1703.3
0.06402,2577.5
0.06404,2529.3
0.06406,2006.4
0.06408,-618.55
0.0641,-2803.9
0.06412,1749.6
0.06414,-2301.5
0.06416,1441.9
0.06418,-3397.5
0.0642,-848.24
0.06422,1341.7
0.06424,530.58
0.06426,-526.27
0.06428,-699.63
0.0643,-36.455
0.06432,282.15
0.06434,-1983.7
0.06436,-5278.2
0.06438,-2685.7
0.0644,-1388.2
0.06442,-6032.9
0.06444,-1182.6
0.06446,-6336.7
0.06448,-1584.3
0.0645,-6829.5
0.06452,-2182
0.06454,-5438
0.06456,-5455
0.06458,-2049
0.0646,-6524.2
0.06462,-4483.4
0.06464,-1810.1
0.06466,-6008.9
0.06468,-3665.8
0.0647,-913.58
0.06472,-5069.5
0.06474,-1342.1
0.06476,-598.97
0.06478,-3151.7
0.0648,2215.3
0.06482,-2229.9
0.06484,3585.9
0.06486,-860.87
0.06488,4652.4
0.0649,2147.4
0.06492,1971.7
0.06494,6433.8
0.06496,5957.7
0.06498,3621.2
0.065,2696
0.06502,2639.8
0.06504,2675.5
0.06506,3252.3
0.06508,5509.1
0.0651,6889.8
0.06512,2164.3
0.06514,3697.5
0.06516,2254.5
0.06518,3407.7
0.0652,-1517.8
0.06522,-603.34
0.06524,671.48
0.06526,320.27
0.06528,-1336.8
0.0653,-4587.3
0.06532,-5236.6
0.06534,-1462.3
0.06536,-7005
0.06538,-2604.8
0.0654,-3864.4
0.06542,-6555.6
0.06544,-7041.1
0.06546,-6309.8
0.06548,-3431.2
0.0655,-1487.1
0.06552,-5814
0.06554,-129.96
0.06556,-3530.5
0.06558,-3863.7
0.0656,-1966.6
0.06562,-1541.5
0.06564,-2441
0.06566,-530.72
0.06568,3120.9
0.0657,-1488.5
0.06572,2558.6
0.06574,3145.3
0.06576,888.56
0.06578,232.55
0.0658,1357.4
0.06582,3294.4
0.06584,23.808
0.06586,-539.57
0.06588,106.06
0.0659,1503.9
0.06592,-2406.6
0.06594,-3580.5
0.06596,-3763.4
0.06598,-4029.3
0.066,-2543.7
0.06602,697.37
0.06604,-3052
0.06606,-1471.5
0.06608,-3137.6
0.0661,593.71
0.06612,-2909.4
0.06614,-4307.5
0.06616,-3366.5
0.06618,-2697.5
0.0662,-3005.2
0.06622,-3682.6
0.06624,-2621.2
0.06626,1012.5
0.06628,469.46
0.0663,-3105.4
0.06632,1940
0.06634,-2399.6
0.06636,1844
0.06638,-2628.8
0.0664,2410.7
0.06642,-1421.2
0.06644,-979.5
0.06646,2676.5
0.06648,-593.96
0.0665,-2075.5
0.06652,1584.5
0.06654,2765.2
0.06656,-378.71
0.06658,-1718.6
0.0666,1384.2
0.06662,3705.3
0.06664,1218.7
0.06666,-978.34
0.06668,2416.4
0.0667,4395.4
0.06672,372.27
0.06674,2378.1
0.06676,4945.4
0.06678,607.16
0.0668,5927
0.06682,1181.5
0.06684,6404.9
0.06686,1674
0.06688,4706.3
0.0669,6377.9
0.06692,2957.6
0.06694,1644
0.06696,2285.7
0.06698,2668.3
0.067,2090.6
0.06702,1163.6
0.06704,2428
0.06706,5753.7
0.06708,1880.2
0.0671,3041.5
0.06712,1336.5
0.06714,4539.7
0.06716,805.66
0.06718,-1093.5
0.0672,-1331.8
0.06722,-1654.9
0.06724,-794.09
0.06726,2684.6
0.06728,20.737
0.0673,328.49
0.06732,-1151.4
0.06734,2740.9
0.06736,2156.1
0.06738,1489.4
0.0674,2457.3
0.06742,3256.6
0.06744,-546.17
0.06746,1853.6
0.06748,420.86
0.0675,4521
0.06752,2893.9
0.06754,1859.7
0.06756,2796
0.06758,5290.4
0.0676,4087
0.06762,1530.2
0.06764,5131.9
0.06766,4574.2
0.06768,1458
0.0677,996.78
0.06772,844.02
0.06774,1727
0.06776,5100.1
0.06778,1819.5
0.0678,2614.9
0.06782,-481.64
0.06784,2934.3
0.06786,2783.2
0.06788,1635.2
0.0679,1394.5
0.06792,645.54
0.06794,-3589.4
0.06796,-3858.4
0.06798,-1875.6
0.068,-5001.9
0.06802,-5765.3
0.06804,-2530.5
0.06806,-3387.4
0.06808,-4978.7
0.0681,-5372.1
0.06812,-4420.5
0.06814,-2970
0.06816,-3955.2
0.06818,-7352
0.0682,-3998.7
0.06822,-3006
0.06824,-5041.8
0.06826,-1433.2
0.06828,-2580.7
0.0683,-2775.9
0.06832,1824.6
0.06834,-1122.7
0.06836,-1595.3
0.06838,2433.8
0.0684,4263.9
0.06842,2567.9
0.06844,545.76
0.06846,460.74
0.06848,2205.9
0.0685,4413.2
0.06852,5644.6
0.06854,5130.1
0.06856,3035.2
0.06858,588.09
0.0686,-390.95
0.06862,1158.5
0.06864,3444.5
0.06866,2362.2
0.06868,-1804.5
0.0687,-1368.9
0.06872,1853
0.06874,-2881.7
0.06876,-1100.8
0.06878,-1559.8
0.0688,-2157.5
0.06882,-3171.1
0.06884,81.894
0.06886,-4111
0.06888,-4151.6
0.0689,-1452.7
0.06892,76.483
0.06894,537.55
0.06896,186.36
0.06898,-1669.7
0.069,-3291.1
0.06902,914.02
0.06904,26.918
0.06906,242.07
0.06908,-1024.4
0.0691,3195.7
0.06912,2660.6
0.06914,1533.7
0.06916,1932.3
0.06918,3557.7
0.0692,2591.2
0.06922,-1376.3
0.06924,3640.8
0.06926,-1406.4
0.06928,189.71
0.0693,2456.6
0.06932,2576.8
0.06934,1676.9
0.06936,-1548.9
0.06938,-2589.1
0.0694,1072.9
0.06942,-3149.8
0.06944,-3319.4
0.06946,-926.13
0.06948,-629.02
0.0695,-1938.3
0.06952,-5204.4
0.06954,-3842.7
0.06956,-2609
0.06958,-3593
0.0696,-6598.9
0.06962,-5177.8
0.06964,-4662.4
0.06966,-5979.5
0.06968,-6847.3
0.0697,-2523.4
0.06972,-5794.5
0.06974,-2413.8
0.06976,-6723.8
0.06978,-6255.5
0.0698,-4927.5
0.06982,-5172.1
0.06984,-6571.5
0.06986,-5293.9
0.06988,-1427.3
0.0699,-6387.6
0.06992,-1202.4
0.06994,-5280.6
0.06996,-5430.9
0.06998,-2732.4
0.07,-1463.4
0.07002,-1374.3
0.07004,-2404.9
0.07006,-4780.2
0.07008,-5023.3
0.0701,-666.84
0.07012,-3530.1
0.07014,-2896.3
0.07016,-2642
0.07018,-1628.3
0.0702,-4927.3
0.07022,-467.99
0.07024,-1327.5
0.07026,-4657.9
0.07028,-4301.6
0.0703,-1824.2
0.07032,-63.893
0.07034,326.53
0.07036,-146.7
0.07038,-876.1
0.0704,-1579.3
0.07042,-2129.2
0.07044,-2575.4
0.07046,-2924.9
0.07048,-3253
0.0705,-3535
0.07052,-3733.9
0.07054,-3648.2
0.07056,-2957
0.07058,-1316.1
0.0706,1029.4
0.07062,2537.3
0.07064,1021.3
0.07066,-1794.9
0.07068,585.5
0.0707,3805
0.07072,-600.7
0.07074,3958.7
0.07076,884.51
0.07078,5276.8
0.0708,921.99
0.07082,4013.1
0.07084,6722.3
0.07086,5890.8
0.07088,4994.6
0.0709,5310.2
0.07092,6803.2
0.07094,7682.9
0.07096,4132.2
0.07098,4193.5
0.071,6423.6
0.07102,4394.5
0.07104,2363.8
0.07106,5161.3
0.07108,5936.2
0.0711,5415.6
0.07112,3596.6
0.07114,-274.56
0.07116,1238.9
0.07118,1212
0.0712,769.51
0.07122,-3113.1
0.07124,-2291.6
0.07126,-2004.1
0.07128,-3438.4
0.0713,-4187.9
0.07132,246.27
0.07134,-3658.4
0.07136,904.19
0.07138,-2210.7
0.0714,-3284.4
0.07142,-2770.4
0.07144,-1183.9
0.07146,3103.1
0.07148,1654.7
0.0715,2904.1
0.07152,1175.5
0.07154,5204.9
0.07156,6854.8
0.07158,7127.6
0.0716,5540.3
0.07162,2629.3
0.07164,7112.6
0.07166,2781.4
0.07168,7017.5
0.0717,4787.6
0.07172,2173.1
0.07174,1300.3
0.07176,2136.2
0.07178,3634.2
0.0718,-566.18
0.07182,-636.3
0.07184,-1325.2
0.07186,652.93
0.07188,-3464.8
0.0719,-4531.3
0.07192,-4023
0.07194,-3977
0.07196,-4040.3
0.07198,-1881.2
0.072,2125
0.07202,-448.5
0.07204,509.24
0.07206,2682
0.07208,2606.8
0.0721,1633.7
0.07212,6440.6
0.07214,4602.8
0.07216,2269.2
0.07218,3282
0.0722,5324.2
0.07222,6569.3
0.07224,6905.2
0.07226,6676.5
0.07228,6160.8
0.0723,5407.9
0.07232,4381.2
0.07234,3015.6
0.07236,1328.6
0.07238,-456.99
0.0724,-2096
0.07242,-3313.9
0.07244,-4050.7
0.07246,-4385.7
0.07248,-4500.1
0.0725,-4575.3
0.07252,-4682.5
0.07254,-4715.5
0.07256,-4275
0.07258,-2681.9
0.0726,167
0.07262,1827.5
0.07264,-766.58
0.07266,-1733.5
0.07268,3489.9
0.0727,-258.46
0.07272,3875.8
0.07274,422.73
0.07276,5645.4
0.07278,3738.3
0.0728,1510.7
0.07282,2146.1
0.07284,2878.1
0.07286,2572.7
0.07288,2334.5
0.0729,5259.5
0.07292,6839.1
0.07294,2221.1
0.07296,6869.2
0.07298,3915.6
0.073,1613
0.07302,2513.5
0.07304,2502.8
0.07306,1064
0.07308,1263.2
0.0731,5203.7
0.07312,26.672
0.07314,4599.5
0.07316,1191.6
0.07318,-1034.6
0.0732,-1454.7
0.07322,-1156.9
0.07324,1865.4
0.07326,1320.4
0.07328,-1059.4
0.0733,-803.59
0.07332,2191.6
0.07334,1920.9
0.07336,1883.7
0.07338,1277.6
0.0734,-2897
0.07342,115.12
0.07344,-2826.4
0.07346,1294.1
0.07348,675.01
0.0735,-29.83
0.07352,876.03
0.07354,597.74
0.07356,-3826.9
0.07358,863
0.0736,-3977
0.07362,-896.66
0.07364,1026.7
0.07366,1154.7
0.07368,861.25
0.0737,-1653.4
0.07372,-3788.4
0.07374,1149.3
0.07376,-3969.7
0.07378,487.24
0.0738,205.53
0.07382,-2382.3
0.07384,-3264.2
0.07386,-2980
0.07388,-1256.1
0.0739,1318.6
0.07392,-763.78
0.07394,-3060.3
0.07396,1605.1
0.07398,-3151.8
0.074,802.82
0.07402,421.46
0.07404,-2945.6
0.07406,-1209.1
0.07408,1498.6
0.0741,2594.4
0.07412,2727.1
0.07414,2770.8
0.07416,3038.3
0.07418,3358.1
0.0742,3263.5
0.07422,2263.1
0.07424,440.09
0.07426,-962.67
0.07428,-412.37
0.0743,2062.6
0.07432,4240
0.07434,3950.2
0.07436,1637.3
0.07438,-347.25
0.0744,-446.31
0.07442,885.36
0.07444,2350.8
0.07446,3220.5
0.07448,3421.7
0.0745,3189.6
0.07452,2569.2
0.07454,1220
0.07456,-1137.3
0.07458,-3325.2
0.0746,-1995.6
0.07462,754.31
0.07464,-3860.4
0.07466,-2631.9
0.07468,-3645.9
0.0747,-2775.4
0.07472,-7011
0.07474,-4130.7
0.07476,-2686.6
0.07478,-3266.7
0.0748,-3488.4
0.07482,-3268.7
0.07484,-5096.8
0.07486,-8322.2
0.07488,-3478.3
0.0749,-7316.6
0.07492,-2210.9
0.07494,-4250.4
0.07496,-5765.9
0.07498,-5346
0.075,-3807.9
0.07502,99.395
0.07504,599.83
0.07506,-1462.2
0.07508,1670.7
0.0751,4209.4
0.07512,2948.4
0.07514,3199.1
0.07516,5416.4
0.07518,6531.6
0.0752,2208.1
0.07522,7547.2
0.07524,3312.8
0.07526,2902.4
0.07528,3673.8
0.0753,2700.3
0.07532,2127
0.07534,6109.2
0.07536,1310.7
0.07538,5210.6
0.0754,1660.4
0.07542,-830.01
0.07544,-1510.1
0.07546,-215.18
0.07548,1330.1
0.0755,-4348.7
0.07552,-99.477
0.07554,-4977.5
0.07556,-6203.1
0.07558,-5767.7
0.0756,-6627.6
0.07562,-7712
0.07564,-4619.4
0.07566,-4542.9
0.07568,-6569
0.0757,-6317.5
0.07572,-2828.8
0.07574,-3748.5
0.07576,-4546.9
0.07578,-3771.6
0.0758,-1810.3
0.07582,-1743.4
0.07584,-5322.7
0.07586,-1287.8
0.07588,-2441.1
0.0759,250.5
0.07592,-3035.4
0.07594,1478.2
0.07596,3051.1
0.07598,1376.3
0.076,269.21
0.07602,220.6
0.07604,680.22
0.07606,1482.7
0.07608,2975.7
0.0761,5231
0.07612,7062.6
0.07614,6252.4
0.07616,3264
0.07618,2865.1
0.0762,6422.5
0.07622,7105.3
0.07624,3192.4
0.07626,3035.6
0.07628,6625.9
0.0763,5519.9
0.07632,1649.3
0.07634,2044.4
0.07636,4888.9
0.07638,5040.5
0.0764,2534
0.07642,75.462
0.07644,-1219.8
0.07646,-1770.2
0.07648,-2204.4
0.0765,-2613.5
0.07652,-2317.6
0.07654,-384.87
0.07656,1483.1
0.07658,-1771.9
0.0766,-3280.4
0.07662,748.56
0.07664,-4075
0.07666,-256.53
0.07668,-410.03
0.0767,-3664.9
0.07672,-3760.1
0.07674,-3151.9
0.07676,-3218.7
0.07678,-2475.4
0.0768,1624.4
0.07682,739.21
0.07684,97.33
0.07686,515.37
0.07688,4296.6
0.0769,3427.5
0.07692,3075.4
0.07694,4535
0.07696,5847
0.07698,1926.3
0.077,5221.3
0.07702,2076
0.07704,6237.3
0.07706,7164.7
0.07708,7207.7
0.0771,6858.3
0.07712,3098.7
0.07714,4567.2
0.07716,3739.2
0.07718,6681
0.0772,4439.2
0.07722,3434.2
0.07724,4576.7
0.07726,5043.5
0.07728,-160.18
0.0773,4408.4
0.07732,-369.23
0.07734,-1484.3
0.07736,-1362.2
0.07738,-2569.4
0.0774,-2360.4
0.07742,1320.8
0.07744,-4236.6
0.07746,150.91
0.07748,-1855.4
0.0775,-4380.5
0.07752,-4858.2
0.07754,-3376.9
0.07756,-1469.8
0.07758,-6038
0.0776,-2884.1
0.07762,-6840.4
0.07764,-2820.7
0.07766,-1840.5
0.07768,-2308.2
0.0777,-1797.5
0.07772,-997.29
0.07774,-3061.1
0.07776,-5040.7
0.07778,432.09
0.0778,-3972.6
0.07782,1695.3
0.07784,-1125.5
0.07786,-1718.2
0.07788,1672.3
0.0779,4041.5
0.07792,5035.6
0.07794,5603.1
0.07796,5864.1
0.07798,5152.8
0.078,3123.8
0.07802,1699.2
0.07804,3990.3
0.07806,6725.5
0.07808,3322.3
0.0781,1369.3
0.07812,5286.7
0.07814,1697.9
0.07816,-35.034
0.07818,3247.4
0.0782,-2162.2
0.07822,-1071.1
0.07824,-96.209
0.07826,-5441.6
0.07828,-3081.2
0.0783,-2473.8
0.07832,-7146
0.07834,-7356.6
0.07836,-4477.6
0.07838,-3870.6
0.0784,-5304.7
0.07842,-6633.3
0.07844,-6966.2
0.07846,-6276.9
0.07848,-4454.7
0.0785,-2211.3
0.07852,-2633.4
0.07854,-5641.5
0.07856,-1225.4
0.07858,-1777.4
0.0786,169.37
0.07862,-2084
0.07864,2680.4
0.07866,4072.8
0.07868,3794.8
0.0787,4427
0.07872,5733.5
0.07874,4270
0.07876,1124.1
0.07878,6269.6
0.0788,1211.5
0.07882,3649.7
0.07884,5710.7
0.07886,5514.3
0.07888,5038
0.0789,2347.2
0.07892,-725.73
0.07894,3781.1
0.07896,-1340.9
0.07898,-943.89
0.079,766.57
0.07902,324.81
0.07904,-2267.8
0.07906,-3259.3
0.07908,900.83
0.0791,-3876.2
0.07912,-3029.6
0.07914,-850.97
0.07916,-869.56
0.07918,-3075.1
0.0792,-4440.2
0.07922,411.35
0.07924,-4323.9
0.07926,-2628.4
0.07928,-228.87
0.0793,13.98
0.07932,-1841.1
0.07934,-3738.3
0.07936,1413.6
0.07938,-3462
0.0794,364.13
0.07942,2071.9
0.07944,2067.1
0.07946,2398.7
0.07948,565.65
0.0795,-2395.4
0.07952,2803.4
0.07954,-2110.1
0.07956,704.47
0.07958,3048.5
0.0796,2971.9
0.07962,3109.8
0.07964,2951.2
0.07966,-110.11
0.07968,-1126.4
0.0797,3227
0.07972,-1729
0.07974,2299.5
0.07976,1894.1
0.07978,-1508
0.0798,-1615.6
0.07982,-647.54
0.07984,-342.5
0.07986,-969.17
0.07988,-1917.2
0.0799,-1444.9
0.07992,1578.2
0.07994,2751.4
0.07996,-1389.2
0.07998,-352.67
0.08,2600.5
0.08002,-2296.4
0.08004,2192.2
0.08006,-1155.9
0.08008,627.44
0.0801,-65.707
0.08012,-631.09
0.08014,680.04
0.08016,-1804.4
0.08018,1434.8
0.0802,-3070.8
0.08022,1747.9
0.08024,-2939.2
0.08026,-1029.5
0.08028,649.14
0.0803,-3808.3
0.08032,-3121.5
0.08034,-193.42
0.08036,-55.186
0.08038,-1532.2
0.0804,-2679.1
0.08042,-2841
0.08044,-2070.8
0.08046,-1511.6
0.08048,-4235.1
0.0805,-7233.2
0.08052,-2702.2
0.08054,-7538.2
0.08056,-3064.1
0.08058,-7465.2
0.0806,-8202.2
0.08062,-6542.1
0.08064,-6168.1
0.08066,-7457.9
0.08068,-8861.5
0.0807,-5077.8
0.08072,-5925.8
0.08074,-5116.7
0.08076,-7938.8
0.08078,-5109
0.0808,-3443
0.08082,-3762.8
0.08084,-5779.4
0.08086,-3232.4
0.08088,-1461.3
0.0809,-1220.2
0.08092,-3783.9
0.08094,-2731.8
0.08096,-2412.4
0.08098,-2099.3
0.081,2405.9
0.08102,-505.1
0.08104,3156.2
0.08106,-431.21
0.08108,-1733.6
0.0811,-1735.9
0.08112,455.14
0.08114,1538.6
0.08116,-3311
0.08118,-1006
0.0812,107.43
0.08122,-1231
0.08124,-1472
0.08126,-2878.5
0.08128,-7703.6
0.0813,-3157
0.08132,-8321.1
0.08134,-7577.5
0.08136,-5964.7
0.08138,-6300.8
0.0814,-8225.2
0.08142,-6696.2
0.08144,-3136.8
0.08146,-6308.2
0.08148,-4594.6
0.0815,-808.25
0.08152,116.06
0.08154,880.99
0.08156,1318.9
0.08158,-1145.5
0.0816,-1684.5
0.08162,2953.7
0.08164,-1663.2
0.08166,1766.4
0.08168,2469.1
0.0817,-998.08
0.08172,-2728.4
0.08174,-3364.7
0.08176,-4058.9
0.08178,-4451
0.0818,-3242.6
0.08182,-1332.2
0.08184,-3829.9
0.08186,-7668.3
0.08188,-3678.8
0.0819,-6770.5
0.08192,-6559.4
0.08194,-5819.6
0.08196,-7003.6
0.08198,-6033
0.082,-5328.1
0.08202,-6801.8
0.08204,-2658.7
0.08206,-6732.4
0.08208,-1013.4
0.0821,-4700.8
0.08212,-768.22
0.08214,-2087.3
0.08216,-363.92
0.08218,-755.86
0.0822,1231.1
0.08222,-1475.1
0.08224,3254.9
0.08226,-793.97
0.08228,-833.24
0.0823,2550.8
0.08232,2436.7
0.08234,435.01
0.08236,-995.44
0.08238,-1371.5
0.0824,-595.14
0.08242,284.1
0.08244,-2533.2
0.08246,-5846.7
0.08248,-1438.5
0.0825,-7107
0.08252,-3117.2
0.08254,-4021.8
0.08256,-7079.3
0.08258,-8132.7
0.0826,-7838.2
0.08262,-5500.5
0.08264,-4155.5
0.08266,-8960.9
0.08268,-3744.1
0.0827,-7597.1
0.08272,-8412.1
0.08274,-7330.1
0.08276,-7603.3
0.08278,-7496.4
0.0828,-2822.4
0.08282,-6265.6
0.08284,-1738.7
0.08286,-4555.3
0.08288,-5659.3
0.0829,-4929.7
0.08292,-1829.3
0.08294,-1037
0.08296,-4074
0.08298,-2068.5
0.083,814.05
0.08302,1043.2
0.08304,1281.3
0.08306,-1272.9
0.08308,-2410.2
0.0831,591.18
0.08312,1012.3
0.08314,-1535.1
0.08316,-1780.9
0.08318,149.57
0.0832,2566.5
0.08322,-2263.9
0.08324,2779.8
0.08326,-787.57
0.08328,-2223
0.0833,-2162.2
0.08332,-1701
0.08334,1772.3
0.08336,1331.2
0.08338,-169.14
0.0834,-541.43
0.08342,2985.9
0.08344,3166.9
0.08346,3133.3
0.08348,3329.4
0.0835,861.32
0.08352,-1453.5
0.08354,3496.7
0.08356,-1607.8
0.08358,2537.7
0.0836,2708
0.08362,-195.44
0.08364,-1325.8
0.08366,-1449.8
0.08368,-1103.1
0.0837,520.11
0.08372,3239
0.08374,2280.9
0.08376,-1575.1
0.08378,2628.4
0.0838,320.54
0.08382,972.91
0.08384,432.32
0.08386,1776.3
0.08388,-1539.7
0.0839,3018.8
0.08392,-1317.7
0.08394,-466.62
0.08396,2468.8
0.08398,-2048.8
0.084,-1004
0.08402,1983.9
0.08404,-2548.4
0.08406,-1262.3
0.08408,1076.1
0.0841,-3821.8
0.08412,645.49
0.08414,-3025.5
0.08416,-503.56
0.08418,-3383.7
0.0842,351.14
0.08422,-4485
0.08424,-1544.8
0.08426,454.57
0.08428,-1883.3
0.0843,-3717.9
0.08432,-4134.6
0.08434,-3817.5
0.08436,-2383.4
0.08438,667.76
0.0844,545.61
0.08442,-3159.2
0.08444,2293.3
0.08446,-2303.2
0.08448,526.11
0.0845,3314.1
0.08452,3422.5
0.08454,3844.3
0.08456,4121.6
0.08458,937.4
0.0846,1504.4
0.08462,3210
0.08464,4032.8
0.08466,717.34
0.08468,132.3
0.0847,212.13
0.08472,2282.7
0.08474,4675.5
0.08476,-559.04
0.08478,3302
0.0848,3259.6
0.08482,1568.2
0.08484,1832.1
0.08486,2031.6
0.08488,-3199.3
0.0849,806.16
0.08492,-4292.3
0.08494,-4854.2
0.08496,-5080.6
0.08498,-6366.5
0.085,-3934.2
0.08502,-3821.5
0.08504,-4548.4
0.08506,-7828.9
0.08508,-7455.4
0.0851,-7831.7
0.08512,-7457.8
0.08514,-2967.7
0.08516,-7503.8
0.08518,-2471.9
0.0852,-3504.9
0.08522,-4482.1
0.08524,-3170.2
0.08526,-572.92
0.08528,-3220.8
0.0853,-1857.9
0.08532,-2659.1
0.08534,1792.8
0.08536,2123.4
0.08538,2361.7
0.0854,3698.2
0.08542,3307.5
0.08544,-213.44
0.08546,4706.7
0.08548,919.72
0.0855,5945.3
0.08552,4124.4
0.08554,1792
0.08556,1434.1
0.08558,1471.8
0.0856,1866.6
0.08562,3991.6
0.08564,6336.7
0.08566,2891
0.08568,1893.5
0.0857,5218.1
0.08572,345.03
0.08574,4419.3
0.08576,929.93
0.08578,814.69
0.0858,3799.7
0.08582,-581.18
0.08584,-1015
0.08586,2495.4
0.08588,1689.7
0.0859,-1981.3
0.08592,-2127.5
0.08594,1124.5
0.08596,1955.5
0.08598,-1364.1
0.086,-2632.3
0.08602,1210
0.08604,1613.2
0.08606,-2377.7
0.08608,1488.9
0.0861,1079.9
0.08612,-505.66
0.08614,2677.8
0.08616,518.86
0.08618,1083
0.0862,4502.1
0.08622,1242.2
0.08624,-8.1496
0.08626,1142.5
0.08628,1918.7
0.0863,1509.3
0.08632,672.99
0.08634,2718.2
0.08636,5882.4
0.08638,871.69
0.0864,5862.9
0.08642,1282.9
0.08644,1402.3
0.08646,3318.7
0.08648,3441.4
0.0865,1588.2
0.08652,-150.94
0.08654,4197.8
0.08656,-28.541
0.08658,4279.7
0.0866,1763
0.08662,-15.254
0.08664,391.11
0.08666,2931.5
0.08668,1515
0.0867,-231.94
0.08672,-176.63
0.08674,2956.9
0.08676,3256.6
0.08678,2927
0.0868,-298.32
0.08682,-117.21
0.08684,909.33
0.08686,3125.5
0.08688,1387.4
0.0869,1530.5
0.08692,3233.5
0.08694,29.034
0.08696,849.82
0.08698,-1683.5
0.087,1173.8
0.08702,1754.9
0.08704,91.25
0.08706,-2953.5
0.08708,1328.8
0.0871,-3313.2
0.08712,470.12
0.08714,1129.5
0.08716,874.19
0.08718,110.56
0.0872,-3955.1
0.08722,-1444.6
0.08724,-3596.6
0.08726,383.99
0.08728,-827.3
0.0873,-1642.8
0.08732,-475.08
0.08734,1134
0.08736,-2103.1
0.08738,-1167.4
0.0874,-414.18
0.08742,1850.5
0.08744,-1644.9
0.08746,-1913.8
0.08748,-1128.7
0.0875,-1216.6
0.08752,-1643.8
0.08754,85.489
0.08756,3208.8
0.08758,-608.77
0.0876,-425.67
0.08762,261.18
0.08764,-1252.3
0.08766,-2928.5
0.08768,249.99
0.0877,-4264.8
0.08772,-5438.8
0.08774,-2443
0.08776,-1803.9
0.08778,-4134.6
0.0878,-6476.7
0.08782,-6868.2
0.08784,-5299.9
0.08786,-2796
0.08788,-549.21
0.0879,399.48
0.08792,-307.03
0.08794,-1752.3
0.08796,-1594.8
0.08798,1820.4
0.088,5411.2
0.08802,3658
0.08804,1974.2
0.08806,7126.1
0.08808,3915.8
0.0881,5910.1
0.08812,3985.9
0.08814,6839.9
0.08816,1759.6
0.08818,2604.7
0.0882,4486.4
0.08822,4127.2
0.08824,3113.4
0.08826,1903.3
0.08828,-1202.5
0.0883,-4893.3
0.08832,-1163.3
0.08834,-5390.7
0.08836,-1597.8
0.08838,-5566.6
0.0884,-6998.7
0.08842,-6782.3
0.08844,-6579.1
0.08846,-3850.4
0.08848,-854.35
0.0885,-5038.9
0.08852,-570.32
0.08854,804.21
0.08856,27.485
0.08858,1076.6
0.0886,2699.6
0.08862,-1117.8
0.08864,2003.5
0.08866,-1830
0.08868,452.65
0.0887,1160.8
0.08872,-735.48
0.08874,-2590.6
0.08876,1872.7
0.08878,-3639.6
0.0888,-2407.1
0.08882,-1286.8
0.08884,-2676.6
0.08886,-5862
0.08888,-2715.6
0.0889,-5863.2
0.08892,-2111.9
0.08894,-2738.4
0.08896,-2801.2
0.08898,-2613.1
0.089,-6849.3
0.08902,-3099.6
0.08904,-7055.1
0.08906,-4320.4
0.08908,-2736.8
0.0891,-3410.8
0.08912,-5344.4
0.08914,-975.78
0.08916,-2968.3
0.08918,1423.9
0.0892,-677.33
0.08922,-1529
0.08924,-518.48
0.08926,2499.6
0.08928,3591.4
0.0893,-398.28
0.08932,5139.7
0.08934,1679
0.08936,1331.3
0.08938,3929.3
0.0894,5137
0.08942,4835.6
0.08944,3046.6
0.08946,2282.3
0.08948,6484
0.0895,5125
0.08952,4107.9
0.08954,5687.9
0.08956,5916.4
0.08958,2720.9
0.0896,6718
0.08962,7232.4
0.08964,4258.4
0.08966,2572
0.08968,2939.8
0.0897,4132.4
0.08972,5276.9
0.08974,6081.4
0.08976,6563.8
0.08978,6872.4
0.0898,7062.9
0.08982,7209
0.08984,7285
0.08986,7209.1
0.08988,6775.9
0.0899,5672.8
0.08992,3835.1
0.08994,2181.6
0.08996,2858.7
0.08998,6239.1
0.09,6329.8
0.09002,2121.6
0.09004,6176.2
0.09006,3878.2
0.09008,5756.8
0.0901,2551.4
0.09012,7041.9
0.09014,5911.1
0.09016,3364.5
0.09018,2559
0.0902,2745.4
0.09022,4379.9
0.09024,7217.7
0.09026,4290.7
0.09028,4238.1
0.0903,4203.2
0.09032,7041.9
0.09034,4494.4
0.09036,3188.1
0.09038,3852.2
0.0904,6236.5
0.09042,4052.2
0.09044,2695.3
0.09046,2605
0.09048,5539.2
0.0905,5027
0.09052,4887.1
0.09054,3495.9
0.09056,-956.05
0.09058,3795
0.0906,-879.31
0.09062,-2026.4
0.09064,-2197.8
0.09066,-2944.2
0.09068,309.95
0.0907,-1510.7
0.09072,357.44
0.09074,-3303.5
0.09076,-4269.4
0.09078,-3260
0.0908,33.557
0.09082,-4328.9
0.09084,8.3253
0.09086,-3038.7
0.09088,-4136.9
0.0909,-2960
0.09092,512.91
0.09094,-2430.3
0.09096,617.55
0.09098,-2946.5
0.091,-2216.2
0.09102,-1709.8
0.09104,-1227.1
0.09106,3481.5
0.09108,1156.8
0.0911,4955.9
0.09112,1606.9
0.09114,1172.1
0.09116,1563.1
0.09118,2691
0.0912,6654.1
0.09122,4529.7
0.09124,5206.3
0.09126,2829.2
0.09128,6516.1
0.0913,6916.3
0.09132,6247.8
0.09134,6144.5
0.09136,5256.9
0.09138,1279.5
0.0914,750.96
0.09142,3808.9
0.09144,-1485.4
0.09146,2174.3
0.09148,-121.53
0.0915,-3167.9
0.09152,-463
0.09154,1066.6
0.09156,102.62
0.09158,-1413.9
0.0916,-2389.9
0.09162,-2737.8
0.09164,-2507.8
0.09166,-1827.1
0.09168,-747.26
0.0917,477.44
0.09172,1570.6
0.09174,2267.3
0.09176,2489.4
0.09178,2391.8
0.0918,2281.9
0.09182,2362.9
0.09184,2828.4
0.09186,3711.9
0.09188,5030.3
0.0919,6299.6
0.09192,6202.2
0.09194,3677.3
0.09196,2320.9
0.09198,6652.4
0.092,5291.1
0.09202,4164.1
0.09204,5866.6
0.09206,6072.5
0.09208,2431.7
0.0921,4490.2
0.09212,6253.9
0.09214,6381.3
0.09216,5198.4
0.09218,2188.7
0.0922,1855.5
0.09222,5576
0.09224,380.27
0.09226,3020.6
0.09228,4569.2
0.0923,3493.2
0.09232,3451.8
0.09234,3290
0.09236,-1197.6
0.09238,1512
0.0924,-2154.8
0.09242,1274.5
0.09244,2057.5
0.09246,1598.1
0.09248,-1256
0.0925,-2872.2
0.09252,557.93
0.09254,-574.23
0.09256,-3282.5
0.09258,-3508.2
0.0926,-1379
0.09262,493.15
0.09264,-4166
0.09266,-1273.9
0.09268,636.4
0.0927,630.69
0.09272,-509.76
0.09274,-4535.3
0.09276,389.07
0.09278,-4250.5
0.0928,-4154.2
0.09282,-3893.1
0.09284,-4702.8
0.09286,-1231.4
0.09288,-2446
0.0929,-238.21
0.09292,-3556.5
0.09294,-4367.2
0.09296,-3333
0.09298,-32.586
0.093,-3261
0.09302,-931.23
0.09304,-4944.7
0.09306,-3851.6
0.09308,-3302.3
0.0931,-4548
0.09312,-4299.7
0.09314,55.192
0.09316,-5046.4
0.09318,-190.81
0.0932,-1845.3
0.09322,-4276
0.09324,-4767.3
0.09326,-4197.3
0.09328,-1810.8
0.0933,192.06
0.09332,-4160.5
0.09334,-1007.7
0.09336,-3364.4
0.09338,529.32
0.0934,-3676.9
0.09342,-3048.1
0.09344,82.62
0.09346,1453.2
0.09348,1568.1
0.0935,1599.2
0.09352,1958.9
0.09354,2437.8
0.09356,2472.7
0.09358,1423.2
0.0936,-482.92
0.09362,-1718.6
0.09364,-616.57
0.09366,2199.1
0.09368,3902.5
0.0937,2858.9
0.09372,448.7
0.09374,-1036.3
0.09376,-872.44
0.09378,104.08
0.0938,932.71
0.09382,1112.5
0.09384,567.72
0.09386,-815.7
0.09388,-2625.9
0.0939,-2992.1
0.09392,-126.9
0.09394,-226.06
0.09396,-5097.2
0.09398,-579.89
0.094,-6254.1
0.09402,-2452.3
0.09404,-3204.1
0.09406,-6480.9
0.09408,-7761.2
0.0941,-7829.6
0.09412,-6193.6
0.09414,-3410.9
0.09416,-7316
0.09418,-4476
0.0942,-7773.1
0.09422,-3837.5
0.09424,-1940.2
0.09426,-1341.6
0.09428,-2368.6
0.0943,-4763.3
0.09432,1060.9
0.09434,-3013.8
0.09436,284.6
0.09438,2829.8
0.0944,3006.5
0.09442,774.51
0.09444,3405.4
0.09446,3527.8
0.09448,6774.9
0.0945,5434.8
0.09452,5759.5
0.09454,7186.8
0.09456,2889.2
0.09458,5895
0.0946,1291.2
0.09462,996.05
0.09464,208.86
0.09466,208.3
0.09468,3823.4
0.0947,-1997.3
0.09472,79.576
0.09474,1194.2
0.09476,141.15
0.09478,-3504.8
0.0948,-3032.2
0.09482,-2864.1
0.09484,-748.07
0.09486,-2586.3
0.09488,-2470.5
0.0949,-888.22
0.09492,-4250.1
0.09494,-2694.6
0.09496,-5104.7
0.09498,-1524.9
0.095,-168.44
0.09502,-422.08
0.09504,-2978.1
0.09506,-2514.4
0.09508,981
0.0951,-1167.5
0.09512,-2419.3
0.09514,196.37
0.09516,1357.7
0.09518,727.31
0.0952,-1372.1
0.09522,-449.59
0.09524,3492.5
0.09526,-1564.2
0.09528,3560.9
0.0953,-395.11
0.09532,-762.99
0.09534,2432
0.09536,3429.1
0.09538,3029
0.0954,2717.5
0.09542,2873.7
0.09544,3011
0.09546,2067
0.09548,-479.21
0.0955,-2539.9
0.09552,-848.59
0.09554,2149.5
0.09556,259.12
0.09558,-3195.4
0.0956,-893.49
0.09562,1481.3
0.09564,-1933.9
0.09566,-4068.9
0.09568,-1344
0.0957,428.64
0.09572,-1407.8
0.09574,-4130.8
0.09576,-5576.5
0.09578,-6014.6
0.0958,-6295.5
0.09582,-6711.1
0.09584,-6620.8
0.09586,-4718.8
0.09588,-2488.8
0.0959,-6067.3
0.09592,-6583.7
0.09594,-4400.1
0.09596,-6292.2
0.09598,-8019
0.096,-4591.3
0.09602,-3561.5
0.09604,-3524.8
0.09606,-3761.8
0.09608,-6476.7
0.0961,-7714.8
0.09612,-3162.5
0.09614,-6883.5
0.09616,-6662.2
0.09618,-4073.7
0.0962,-3613.1
0.09622,-5369.7
0.09624,-5775.6
0.09626,-968.39
0.09628,-5091.7
0.0963,-4425.1
0.09632,-2493.6
0.09634,-3069.7
0.09636,-4824.8
0.09638,-288.61
0.0964,-4197.9
0.09642,-29.587
0.09644,643.45
0.09646,570.53
0.09648,-1922.6
0.0965,-3932.9
0.09652,-1179.5
0.09654,-227.4
0.09656,-1618.6
0.09658,-813.33
0.0966,-1094.4
0.09662,-5493.9
0.09664,-1476.5
0.09666,-1136.5
0.09668,-1969.5
0.0967,-891.15
0.09672,-2621.4
0.09674,-4608.9
0.09676,-3116.7
0.09678,-197.7
0.0968,78.515
0.09682,290.15
0.09684,-2740.4
0.09686,-1661
0.09688,-1462.4
0.0969,2252.4
0.09692,1942.2
0.09694,2548.5
0.09696,3651.3
0.09698,405.68
0.097,1965.1
0.09702,1318.2
0.09704,5100.7
0.09706,3636.7
0.09708,2658.7
0.0971,3426
0.09712,5112.9
0.09714,2853.2
0.09716,14.534
0.09718,4110.6
0.0972,-375.43
0.09722,191.39
0.09724,2874.3
0.09726,1358.1
0.09728,-765.3
0.0973,-1809.8
0.09732,-1798
0.09734,-796.69
0.09736,297.09
0.09738,-925.32
0.0974,-4411.4
0.09742,-3894.3
0.09744,193.54
0.09746,-2548.3
0.09748,-3510.8
0.0975,1229.6
0.09752,-2571.7
0.09754,-709.25
0.09756,1966.9
0.09758,-2195.6
0.0976,1836.4
0.09762,2361.3
0.09764,-1437.1
0.09766,957.82
0.09768,3561
0.0977,1854.7
0.09772,-896.3
0.09774,-2428.1
0.09776,-3189.6
0.09778,-3753.3
0.0978,-3681.7
0.09782,-1894.3
0.09784,-798.47
0.09786,-5609.9
0.09788,-3970
0.0979,-5417.4
0.09792,-3073.9
0.09794,-7264.2
0.09796,-7387.6
0.09798,-6382.9
0.098,-6511.8
0.09802,-6293.9
0.09804,-1635.9
0.09806,-2759.5
0.09808,-286.54
0.0981,-3090.3
0.09812,-988.04
0.09814,349.22
0.09816,-79.952
0.09818,2334.3
0.0982,5635.2
0.09822,3530.9
0.09824,2396.5
0.09826,3804.1
0.09828,3163
0.0983,2967.7
0.09832,7358.9
0.09834,1954.2
0.09836,3497.7
0.09838,4518.9
0.0984,2753
0.09842,-614.73
0.09844,3391.5
0.09846,-2094
0.09848,-597.71
0.0985,-399.57
0.09852,-2911.7
0.09854,-3695.2
0.09856,-551.42
0.09858,-2632.2
0.0986,-5313.5
0.09862,-5491.1
0.09864,-3222.1
0.09866,-1280.9
0.09868,-5179.9
0.0987,-3881.7
0.09872,-1347
0.09874,-1294.6
0.09876,-3736.7
0.09878,-3005.6
0.0988,-569.13
0.09882,77.527
0.09884,-2497.3
0.09886,-2649.2
0.09888,-922.31
0.0989,2482.4
0.09892,-1329.6
0.09894,2325.9
0.09896,-1879.2
0.09898,-555.08
0.099,828.99
0.09902,253.72
0.09904,-1493
0.09906,445.25
0.09908,3040.3
0.0991,-1391.2
0.09912,2139.1
0.09914,2078.7
0.09916,-1446.2
0.09918,-2038
0.0992,-1669.4
0.09922,-1863.8
0.09924,-2508.2
0.09926,-2111.3
0.09928,657.87
0.0993,2012.1
0.09932,-2144.5
0.09934,-1515.7
0.09936,1533.3
0.09938,-3458.8
0.0994,1203.6
0.09942,-2791.9
0.09944,72.417
0.09946,-2076.9
0.09948,-834.74
0.0995,-1317.2
0.09952,-1976.3
0.09954,69.306
0.09956,-3601.6
0.09958,1212.9
0.0996,-2813.5
0.09962,-2458.8
0.09964,1263.2
0.09966,-289.85
0.09968,-2927.2
0.0997,-3596
0.09972,-3390.7
0.09974,-3347.9
0.09976,-3065.3
0.09978,-734.84
0.0998,2151.6
0.09982,-1884.1
0.09984,788.76
0.09986,-1620.2
0.09988,2751.7
0.0999,1003.6
0.09992,-644.32
0.09994,-389.02
0.09996,1811
0.09998,3380.8
0.1,-1299.4
0.10002,3907.8
0.10004,-53.539
0.10006,-889.03
0.10008,-506.38
0.1001,-757.72
0.10012,2350.7
0.10014,2788.1
0.10016,2233.7
0.10018,-678.72
0.1002,-284.24
0.10022,-778.49
0.10024,910.37
0.10026,3455.9
0.10028,251.37
0.1003,-1367
0.10032,-938.62
0.10034,-2106.4
0.10036,-82.87
0.10038,484.8
0.1004,546.77
0.10042,-2725.4
0.10044,-3254.6
0.10046,-1062.2
0.10048,-1275.1
0.1005,-3803.6
0.10052,-5607.9
0.10054,-4601.7
0.10056,-5888.1
0.10058,-6588
0.1006,-2249.6
0.10062,-7038.3
0.10064,-6931.7
0.10066,-6039
0.10068,-7326.8
0.1007,-6554.5
0.10072,-2851.1
0.10074,-5955.1
0.10076,-6809.7
0.10078,-5335.1
0.1008,-5609.8
0.10082,-5495.2
0.10084,-400.77
0.10086,-4524.4
0.10088,748.34
0.1009,-11.384
0.10092,-1125.9
0.10094,-236.99
0.10096,2309.5
0.10098,2201.6
0.101,-1472.7
0.10102,3859.5
0.10104,-466.44
0.10106,612.22
0.10108,3629.7
0.1011,3958.8
0.10112,3605.7
0.10114,3486.2
0.10116,2652.5
0.10118,-466.47
0.1012,-2878.2
0.10122,562.76
0.10124,-752.79
0.10126,-3982.5
0.10128,-238.71
0.1013,-5656.7
0.10132,-1343.8
0.10134,-6340.5
0.10136,-3253.1
0.10138,-5522.1
0.1014,-6194.6
0.10142,-3868.5
0.10144,-8267.2
0.10146,-3361.9
0.10148,-8449.3
0.1015,-3502.7
0.10152,-8230.3
0.10154,-2986.6
0.10156,-7546.9
0.10158,-4405.6
0.1016,-2553.4
0.10162,-5887.2
0.10164,-6227.5
0.10166,-4404.3
0.10168,-3133.9
0.1017,-3112.4
0.10172,-4110
0.10174,-3648
0.10176,887.73
0.10178,-1488.7
0.1018,245.45
0.10182,-2250.3
0.10184,1951.3
0.10186,2924
0.10188,2968.3
0.1019,3277.9
0.10192,760.03
0.10194,-972.44
0.10196,2891.5
0.10198,1193.1
0.102,-1454.5
0.10202,-1643.1
0.10204,-1312.7
0.10206,2191.3
0.10208,600.36
0.1021,1761.1
0.10212,-1951.1
0.10214,-2296.5
0.10216,-2344.4
0.10218,760.96
0.1022,209.61
0.10222,768.4
0.10224,-2625.4
0.10226,-3113.2
0.10228,-1815.4
0.1023,1634
0.10232,-3654.5
0.10234,-19.804
0.10236,1222.6
0.10238,882.01
0.1024,-2343.5
0.10242,-2125.9
0.10244,-2455.2
0.10246,654.67
0.10248,872.71
0.1025,-330.32
0.10252,-4228.4
0.10254,849.07
0.10256,-3413
0.10258,-4126.5
0.1026,-4099.3
0.10262,-2806.5
0.10264,1194.7
0.10266,-3813.3
0.10268,-495.23
0.1027,1433.1
0.10272,1594.4
0.10274,121.09
0.10276,-3134.5
0.10278,2077.5
0.1028,-2660.4
0.10282,-380.92
0.10284,1813.1
0.10286,2011.2
0.10288,220.04
0.1029,-1557
0.10292,3387.8
0.10294,-628.36
0.10296,4273.3
0.10298,1176.6
0.103,-419.52
0.10302,211.34
0.10304,506.83
0.10306,214.39
0.10308,1152.7
0.1031,4705.1
0.10312,4573.8
0.10314,664.85
0.10316,5652
0.10318,1073.3
0.1032,5510.4
0.10322,522.52
0.10324,5227.4
0.10326,1914.9
0.10328,1108.1
0.1033,4816.9
0.10332,691.32
0.10334,73.701
0.10336,3742.3
0.10338,-164.62
0.1034,-1053.8
0.10342,2526.7
0.10344,-2623.7
0.10346,455.25
0.10348,-1795.4
0.1035,-780.87
0.10352,-3069.2
0.10354,567.56
0.10356,-3970.8
0.10358,-3309.2
0.1036,-205.27
0.10362,850.31
0.10364,1084.7
0.10366,1432.6
0.10368,630.94
0.1037,-2321.9
0.10372,184.57
0.10374,1799.2
0.10376,1507.3
0.10378,-349.02
0.1038,2773.2
0.10382,4350.6
0.10384,3838.1
0.10386,1457.3
0.10388,3935.5
0.1039,4259.5
0.10392,5419.1
0.10394,1833.5
0.10396,808.47
0.10398,1105.3
0.104,4038.3
0.10402,471
0.10404,2289.7
0.10406,-2327.2
0.10408,-3908.9
0.1041,-4118.7
0.10412,-1193.3
0.10414,-5390.5
0.10416,-2273.4
0.10418,-5171.7
0.1042,-5862.3
0.10422,-3879.1
0.10424,-6511.6
0.10426,-5284.2
0.10428,-8474.2
0.1043,-7921.3
0.10432,-7547.4
0.10434,-3398.8
0.10436,-4070.1
0.10438,-504.33
0.1044,-1769
0.10442,-625.54
0.10444,2178.1
0.10446,-1458.5
0.10448,3342.6
0.1045,391.8
0.10452,-189.17
0.10454,1306.5
0.10456,4836.9
0.10458,249.32
0.1046,4815.8
0.10462,2477.3
0.10464,1115.4
0.10466,2221.3
0.10468,3348.5
0.1047,-2018.4
0.10472,2588.9
0.10474,-1152.9
0.10476,-3326.5
0.10478,-3757.6
0.1048,-3271.5
0.10482,34.477
0.10484,-1573.2
0.10486,-2473.1
0.10488,-2973.7
0.1049,681.67
0.10492,-305.33
0.10494,-1389
0.10496,-940.88
0.10498,776.24
0.105,1591.9
0.10502,-1769
0.10504,-1407.5
0.10506,2257.5
0.10508,-2149.7
0.1051,2662
0.10512,-614.09
0.10514,19.998
0.10516,3353
0.10518,-455.99
0.1052,-1058.1
0.10522,2571.8
0.10524,2959.9
0.10526,-367.66
0.10528,-1734.9
0.1053,1038.6
0.10532,3133.2
0.10534,281.96
0.10536,-2124.5
0.10538,1617.4
0.1054,1635.9
0.10542,-2249.3
0.10544,2717.7
0.10546,-1986.1
0.10548,2702.8
0.1055,-2210.5
0.10552,1379.8
0.10554,2642.7
0.10556,65.724
0.10558,-1380.5
0.1056,-1493.5
0.10562,-460.34
0.10564,2306.9
0.10566,1998.9
0.10568,-1938.7
0.1057,2722.2
0.10572,-402.01
0.10574,-2429.4
0.10576,-1772.6
0.10578,-2322.5
0.1058,-3024
0.10582,804.78
0.10584,-2326.5
0.10586,728.3
0.10588,-2944
0.1059,-4368.4
0.10592,-3743.2
0.10594,-755.81
0.10596,-4751.6
0.10598,-1514.3
0.106,-5302.7
0.10602,-6428.2
0.10604,-5299.8
0.10606,-2104.4
0.10608,-7229.9
0.1061,-2705
0.10612,-2463.4
0.10614,-2263.4
0.10616,-3042.7
0.10618,-6806.9
0.1062,-2185
0.10622,-1664.4
0.10624,-1745
0.10626,-228.28
0.10628,-3611.9
0.1063,-117.37
0.10632,-3501.5
0.10634,-3150.6
0.10636,-2376.6
0.10638,1958.4
0.1064,466.2
0.10642,4162.8
0.10644,2495.9
0.10646,3040.5
0.10648,5724.3
0.1065,2981.1
0.10652,5244.4
0.10654,1807.7
0.10656,2616.8
0.10658,2478.9
0.1066,2737.7
0.10662,7211.6
0.10664,2117.5
0.10666,6366.2
0.10668,6318.7
0.1067,5354.8
0.10672,5686.8
0.10674,4167
0.10676,-411.06
0.10678,4078.6
0.1068,-1482.4
0.10682,-464.51
0.10684,1350.2
0.10686,1092.8
0.10688,181.42
0.1069,-1980.5
0.10692,-5767
0.10694,-4894.7
0.10696,-2605.9
