0,0.006149
9.3493,93.106
18.699,146.61
28.048,225.05
37.397,177.27
46.746,87.176
56.096,37.725
65.445,165.4
74.794,118.3
84.144,104.35
93.493,176.67
102.84,184.74
112.19,63.499
121.54,31.965
130.89,124.1
140.24,281.69
149.59,134.06
158.94,71.447
168.29,189.09
177.64,98.084
186.99,113.23
196.34,331.88
205.68,148.32
215.03,143.06
224.38,91.301
233.73,199.27
243.08,207.45
252.43,173.12
261.78,67.095
271.13,53.158
280.48,88.031
289.83,343.41
299.18,189.38
308.53,53.308
317.88,179.41
327.23,153.95
336.57,91.881
345.92,117.69
355.27,67.929
364.62,169.23
373.97,106.22
383.32,264.78
392.67,159.05
402.02,220.2
411.37,66.124
420.72,295.44
430.07,146.22
439.42,261.15
448.77,194.85
458.12,133.69
467.46,171.2
476.81,287.02
486.16,362.25
495.51,159.35
504.86,371.01
514.21,252.61
523.56,329.22
532.91,161.95
542.26,269.02
551.61,333.36
560.96,94.016
570.31,544.32
579.66,80.94
589.01,629.33
598.35,200
607.7,192.88
617.05,149.01
626.4,83.622
635.75,567.93
645.1,327.62
654.45,344.2
663.8,444.97
673.15,137.77
682.5,390.75
691.85,220.6
701.2,310.76
710.55,565.23
719.9,137.69
729.24,364.72
738.59,549.95
747.94,155.71
757.29,119.87
766.64,18.241
775.99,228.8
785.34,131.78
794.69,641.99
804.04,251.65
813.39,311.58
822.74,444.19
832.09,600.65
841.44,181.09
850.79,502.87
860.13,364.38
869.48,512.08
878.83,453.56
888.18,264.08
897.53,284.19
906.88,65.999
916.23,114.8
925.58,569.56
934.93,338.63
944.28,313.94
953.63,414.95
962.98,311.1
972.33,167.58
981.68,142.98
991.02,139.12
1000.4,149.49
1009.7,362.6
1019.1,386.44
1028.4,161.53
1037.8,259.77
1047.1,362.92
1056.5,343.05
1065.8,83.376
1075.2,426.33
1084.5,159.38
1093.9,85.08
1103.2,491
1112.6,38.012
1121.9,269.79
1131.3,47.321
1140.6,373.58
1150,411.37
1159.3,339.23
1168.7,232.48
1178,579.42
1187.4,435.98
1196.7,75.517
1206.1,308.22
1215.4,539.82
1224.8,207.29
1234.1,664.64
1243.5,402.03
1252.8,102.09
1262.2,390.1
1271.5,115.8
1280.9,283.96
1290.2,270.43
1299.6,260.93
1308.9,352.06
1318.2,262.71
1327.6,151.28
1336.9,261.7
1346.3,218.52
1355.6,160.2
1365,134.95
1374.3,289.16
1383.7,295.07
1393,111.39
1402.4,301.09
1411.7,480.68
1421.1,791.18
1430.4,281
1439.8,283.14
1449.1,714.56
1458.5,225.49
1467.8,436.89
1477.2,254.12
1486.5,463.31
1495.9,143.06
1505.2,76.531
1514.6,402.92
1523.9,494.41
1533.3,63.168
1542.6,373.42
1552,283.77
1561.3,19.922
1570.7,74.427
1580,161.49
1589.4,165.59
1598.7,99.21
1608.1,116.27
1617.4,296
1626.8,445.56
1636.1,111.79
1645.5,227.63
1654.8,594.98
1664.2,411.64
1673.5,522.96
1682.9,275.27
1692.2,318.6
1701.6,326.59
1710.9,65.319
1720.3,216.33
1729.6,437.18
1739,259.76
1748.3,471.68
1757.7,239.07
1767,190.01
1776.4,246.31
1785.7,419.82
1795.1,112.07
1804.4,466.05
1813.8,489.71
1823.1,248.16
1832.5,304.65
1841.8,53.432
1851.2,429.79
1860.5,387.96
1869.9,232.25
1879.2,277.7
1888.6,268.68
1897.9,278.13
1907.3,174.06
1916.6,547.55
1926,380.21
1935.3,191.11
1944.7,306.38
1954,167.73
1963.4,366.06
1972.7,574.74
1982,270.44
1991.4,114.25
2000.7,266.5
2010.1,133.8
2019.4,250.73
2028.8,310.34
2038.1,319.79
2047.5,140.22
2056.8,364.2
2066.2,85.148
2075.5,61.037
2084.9,414.7
2094.2,152.88
2103.6,62.585
2112.9,276.85
2122.3,179.27
2131.6,194.68
2141,223.56
2150.3,195.78
2159.7,379.87
2169,51.936
2178.4,257.13
2187.7,430.05
2197.1,288.85
2206.4,173.41
2215.8,157.81
2225.1,336.69
2234.5,205.95
2243.8,228.35
2253.2,200.01
2262.5,265.08
2271.9,187.16
2281.2,186.06
2290.6,248.54
2299.9,308.6
2309.3,212.01
2318.6,188.79
2328,200.04
2337.3,135.5
2346.7,354.42
2356,246.45
2365.4,303.53
2374.7,49.299
2384.1,135.52
2393.4,204.33
2402.8,235.92
2412.1,73.666
2421.5,306.46
2430.8,52.764
2440.2,72.053
2449.5,171.79
2458.9,87.271
2468.2,201.75
2477.6,124.45
2486.9,219.52
2496.3,150.95
2505.6,75.009
2515,163.73
2524.3,460.2
2533.7,118.33
2543,137.58
2552.4,77.545
2561.7,49.315
2571.1,100.57
2580.4,113.75
2589.8,46.388
2599.1,172.69
2608.5,62.432
2617.8,67.028
2627.2,166.91
2636.5,107.54
2645.8,130.9
2655.2,385.42
2664.5,46.471
2673.9,159.61
2683.2,184.05
2692.6,84.584
2701.9,161.89
2711.3,149.98
2720.6,218.14
2730,277.84
2739.3,43.586
2748.7,27.037
2758,75.696
2767.4,162.54
2776.7,96.824
2786.1,245.54
2795.4,174.74
2804.8,207.19
2814.1,62.059
2823.5,116.14
2832.8,151.7
2842.2,64.866
2851.5,236.89
2860.9,200.8
2870.2,129.63
2879.6,69.067
2888.9,125.03
2898.3,96.25
2907.6,304.2
2917,114.94
2926.3,53.242
2935.7,231.57
2945,164.19
2954.4,69.443
2963.7,111.67
2973.1,134.34
2982.4,122.41
2991.8,78.749
3001.1,13.532
3010.5,120.51
3019.8,204.98
3029.2,151.6
3038.5,26.941
3047.9,100.91
3057.2,160.84
3066.6,157.65
3075.9,272.53
3085.3,23.446
3094.6,145.14
3104,28.763
3113.3,132.23
3122.7,40.781
3132,60.575
3141.4,78.684
3150.7,135.21
3160.1,9.383
3169.4,209.5
3178.8,155.23
3188.1,98.151
3197.5,55.435
3206.8,79.879
3216.2,113.66
3225.5,161.26
3234.9,250.05
3244.2,73.782
3253.6,33.36
3262.9,25.02
3272.3,87.962
3281.6,51.336
3290.9,160.65
3300.3,51.944
3309.6,81.121
3319,147.79
3328.3,73.082
3337.7,32.176
3347,73.904
3356.4,87.144
3365.7,46.37
3375.1,37.991
3384.4,93.585
3393.8,48.904
3403.1,42.853
3412.5,54.012
3421.8,22.461
3431.2,42.721
3440.5,62.63
3449.9,101.68
3459.2,41.836
3468.6,13.038
3477.9,76.788
3487.3,67.145
3496.6,19.728
3506,30.828
3515.3,89.702
3524.7,79.443
3534,61.791
3543.4,80.944
3552.7,75.271
3562.1,12.805
3571.4,45.06
3580.8,61.118
3590.1,86.16
3599.5,56.072
3608.8,92.495
3618.2,62.094
3627.5,56.992
3636.9,49.957
3646.2,59.549
3655.6,62.515
3664.9,58.06
3674.3,43.617
3683.6,23.623
3693,57.731
3702.3,45.948
3711.7,24.241
3721,86.926
3730.4,35.651
3739.7,28.987
3749.1,53.384
3758.4,32.568
3767.8,34.675
3777.1,70.14
3786.5,33.418
3795.8,34.242
3805.2,52.771
3814.5,31.008
3823.9,34.097
3833.2,40.508
3842.6,6.4009
3851.9,42.474
3861.3,13.085
3870.6,54.469
3880,41.961
3889.3,55.164
3898.7,33.205
3908,36.32
3917.4,18.002
3926.7,16.901
3936.1,38.614
3945.4,31.934
3954.7,31.444
3964.1,30.451
3973.4,16.4
3982.8,8.1746
3992.1,31.015
4001.5,54.176
4010.8,30.037
4020.2,24.033
4029.5,34.553
4038.9,37.301
4048.2,15.976
4057.6,24.884
4066.9,19.508
4076.3,23.961
4085.6,12.123
4095,21.556
4104.3,34.785
4113.7,21.107
4123,22.565
4132.4,44.891
4141.7,8.6585
4151.1,17.581
4160.4,15.834
4169.8,12.234
4179.1,8.4466
4188.5,27.311
4197.8,3.369
4207.2,26.694
4216.5,14.147
4225.9,13.784
4235.2,19.725
4244.6,25.982
4253.9,21.38
4263.3,23.873
4272.6,20.628
4282,13.172
4291.3,18.064
4300.7,28.101
4310,39.165
4319.4,15.903
4328.7,32.268
4338.1,12.627
4347.4,29.314
4356.8,12.297
4366.1,28.064
4375.5,21.354
4384.8,21.462
4394.2,16.386
4403.5,30.975
4412.9,9.5085
4422.2,35.062
4431.6,29.724
4440.9,25.432
4450.3,9.0467
4459.6,8.0721
4469,18.455
4478.3,6.582
4487.7,31.892
4497,2.7136
4506.4,31.703
4515.7,32.683
4525.1,24.627
4534.4,3.5089
4543.8,16.073
4553.1,16.564
4562.5,9.8359
4571.8,36.87
4581.2,12.287
4590.5,28.853
4599.9,16.983
4609.2,19.251
4618.5,26.189
4627.9,24.077
4637.2,22.39
4646.6,12.584
4655.9,9.3687
4665.3,20.409
4674.6,9.4181
4684,14.509
4693.3,27.053
4702.7,18.51
4712,13.329
4721.4,6.5466
4730.7,33.546
4740.1,36.242
4749.4,36.232
4758.8,3.7415
4768.1,26.607
4777.5,36.704
4786.8,26.296
4796.2,33.932
4805.5,16.154
4814.9,28.14
4824.2,30.633
4833.6,21.473
4842.9,38.023
4852.3,24.912
4861.6,17.97
4871,35.885
4880.3,25.099
4889.7,11.868
4899,18.333
4908.4,10.171
4917.7,34.683
4927.1,30.911
4936.4,1.6403
4945.8,22.515
4955.1,11.377
4964.5,42.387
4973.8,36.095
4983.2,17.919
4992.5,20.926
5001.9,35.725
5011.2,9.8667
5020.6,9.2063
5029.9,17.561
5039.3,20.007
5048.6,17.707
5058,12.848
5067.3,3.6528
5076.7,25.075
5086,27.644
5095.4,13.591
5104.7,22.42
5114.1,25.126
5123.4,2.2732
5132.8,36.192
5142.1,7.6428
5151.5,7.7642
5160.8,14.335
5170.2,11.762
5179.5,30.71
5188.9,13.818
5198.2,27.555
5207.6,43.895
5216.9,12.635
5226.3,15.827
5235.6,11.525
5245,8.0614
5254.3,25.88
5263.6,37.859
5273,6.8801
5282.3,17.449
5291.7,10.264
5301,7.4071
5310.4,12.669
5319.7,11.636
5329.1,7.3694
5338.4,9.0461
5347.8,25.916
5357.1,23.762
5366.5,7.9025
5375.8,16.682
5385.2,9.9497
5394.5,1.046
5403.9,14.711
5413.2,12.838
5422.6,30.038
5431.9,13.04
5441.3,19.924
5450.6,14.304
5460,6.1046
5469.3,19.912
5478.7,28.645
5488,8.847
5497.4,9.7712
5506.7,8.6375
5516.1,25.268
5525.4,16.749
5534.8,36.694
5544.1,29.407
5553.5,22.061
5562.8,32.4
5572.2,11.328
5581.5,5.3019
5590.9,4.1569
5600.2,12.346
5609.6,11.063
5618.9,12.551
5628.3,10.2
5637.6,7.63
5647,8.2554
5656.3,15.528
5665.7,9.2915
5675,30.096
5684.4,6.4752
5693.7,13.696
5703.1,7.0826
5712.4,20.832
5721.8,14.932
5731.1,35.883
5740.5,7.692
5749.8,14.675
5759.2,17.363
5768.5,20.724
5777.9,7.4689
5787.2,8.2546
5796.6,13.253
5805.9,23.756
5815.3,18.286
5824.6,22.039
5834,7.1124
5843.3,19.182
5852.7,5.1293
5862,10.892
5871.4,10.561
5880.7,13.716
5890.1,6.2639
5899.4,7.3975
5908.8,9.23
5918.1,8.5808
5927.4,3.2259
5936.8,9.1608
5946.1,29.938
5955.5,16.503
5964.8,8.6858
5974.2,19.498
5983.5,10.316
5992.9,17.079
6002.2,10.693
6011.6,22.857
6020.9,24.889
6030.3,9.0192
6039.6,12.367
6049,20.924
6058.3,11.993
6067.7,13.618
6077,6.2367
6086.4,17.854
6095.7,26.66
6105.1,6.2114
6114.4,3.8149
6123.8,8.8119
6133.1,10.27
6142.5,9.9345
6151.8,6.1661
6161.2,12.706
6170.5,9.6501
6179.9,3.1708
6189.2,5.3563
6198.6,7.5076
6207.9,1.7326
6217.3,3.7535
6226.6,6.0913
6236,10.945
6245.3,20.225
6254.7,3.5226
6264,6.2015
6273.4,14.119
6282.7,7.5685
6292.1,21.312
6301.4,5.6073
6310.8,4.4529
6320.1,10.321
6329.5,7.4392
6338.8,11.264
6348.2,5.001
6357.5,8.6402
6366.9,7.4107
6376.2,5.7192
6385.6,14.66
6394.9,10.976
6404.3,10.102
6413.6,13.045
6423,5.1329
6432.3,15.195
6441.7,7.9972
6451,7.9911
6460.4,8.2479
6469.7,3.0241
6479.1,8.7931
6488.4,4.0095
6497.8,2.9043
6507.1,10.841
6516.5,8.8269
6525.8,4.795
6535.2,10.292
6544.5,9.8578
6553.9,9.0204
6563.2,8.2296
6572.6,7.2774
6581.9,10.622
6591.2,7.4998
6600.6,6.0158
6609.9,13.245
6619.3,11.931
6628.6,9.8522
6638,13.799
6647.3,12.802
6656.7,4.6932
6666,9.7164
6675.4,14.111
6684.7,6.9976
6694.1,10.412
6703.4,1.05
6712.8,14.817
6722.1,9.5761
6731.5,12.489
6740.8,3.8464
6750.2,9.0069
6759.5,10.789
6768.9,7.931
6778.2,9.7449
6787.6,11.3
6796.9,4.8974
6806.3,21.3
6815.6,1.8941
6825,7.6036
6834.3,17.531
6843.7,4.5162
6853,9.3177
6862.4,4.2517
6871.7,16.077
6881.1,16.114
6890.4,8.6072
6899.8,11.823
6909.1,12.369
6918.5,6.9952
6927.8,5.4436
6937.2,16.46
6946.5,9.935
6955.9,7.945
6965.2,6.6972
6974.6,9.4969
6983.9,9.3803
6993.3,14.847
7002.6,6.6574
7012,6.5246
7021.3,2.757
7030.7,9.8539
7040,7.3086
7049.4,3.628
7058.7,5.547
7068.1,3.2304
7077.4,14.09
7086.8,3.6095
7096.1,7.7841
7105.5,10.126
7114.8,11.651
7124.2,9.5151
7133.5,1.783
7142.9,2.6052
7152.2,10.554
7161.6,7.2215
7170.9,8.6774
7180.3,11.174
7189.6,2.7745
7199,11.421
7208.3,2.7624
7217.7,4.9547
7227,4.2711
7236.4,11.231
7245.7,11.199
7255,6.555
7264.4,6.5463
7273.7,4.784
7283.1,10.744
7292.4,6.4251
7301.8,3.0605
7311.1,2.734
7320.5,12.804
7329.8,6.4731
7339.2,7.0659
7348.5,2.9202
7357.9,5.8456
7367.2,5.6229
7376.6,2.3626
7385.9,2.6606
7395.3,1.0967
7404.6,9.3983
7414,5.1586
7423.3,7.3877
7432.7,6.9152
7442,8.261
7451.4,7.2601
7460.7,3.0458
7470.1,7.5095
7479.4,1.9733
7488.8,6.942
7498.1,8.961
7507.5,1.9868
7516.8,5.9925
7526.2,8.5664
7535.5,6.6515
7544.9,7.0767
7554.2,11.551
7563.6,8.4452
7572.9,1.239
7582.3,5.5522
7591.6,9.2824
7601,12.449
7610.3,10.951
7619.7,3.2966
7629,10.66
7638.4,14.995
7647.7,8.0182
7657.1,7.3591
7666.4,7.1267
7675.8,3.3737
7685.1,2.4611
7694.5,7.0632
7703.8,3.2735
7713.2,3.7015
7722.5,2.9392
7731.9,4.3492
7741.2,6.0939
7750.6,5.4287
7759.9,10.996
7769.3,1.3372
7778.6,10.252
7788,11.733
7797.3,6.6081
7806.7,12.775
7816,9.9383
7825.4,4.3798
7834.7,3.3184
7844.1,4.694
7853.4,7.05
7862.8,5.0786
7872.1,3.1003
7881.5,3.9537
7890.8,4.7767
7900.1,4.397
7909.5,7.0294
7918.8,8.4191
7928.2,4.1956
7937.5,4.6748
7946.9,7.2175
7956.2,8.041
7965.6,8.2676
7974.9,0.61523
7984.3,4.6094
7993.6,1.0482
8003,7.05
8012.3,10.069
8021.7,5.7878
8031,1.562
8040.4,5.8043
8049.7,2.6401
8059.1,6.4621
8068.4,5.4549
8077.8,1.3865
8087.1,6.9574
8096.5,2.354
8105.8,6.0264
8115.2,4.7849
8124.5,6.0417
8133.9,1.8746
8143.2,5.6752
8152.6,3.7037
8161.9,3.8232
8171.3,3.2251
8180.6,3.9667
8190,7.5464
8199.3,2.6838
8208.7,7.7041
8218,5.72
8227.4,4.8977
8236.7,5.2991
8246.1,4.9977
8255.4,3.1439
8264.8,4.2541
8274.1,6.5723
8283.5,4.1366
8292.8,5.7565
8302.2,7.0632
8311.5,2.299
8320.9,3.8804
8330.2,5.2919
8339.6,3.9574
8348.9,3.0733
8358.3,8.5524
8367.6,0.88605
8377,6.2647
8386.3,5.2289
8395.7,1.5737
8405,6.1852
8414.4,2.5067
8423.7,3.4426
8433.1,1.4278
8442.4,4.7954
8451.8,4.4409
8461.1,7.045
8470.5,3.9255
8479.8,1.873
8489.2,2.2093
8498.5,1.3965
8507.9,4.9943
8517.2,5.3072
8526.6,1.8409
8535.9,5.181
8545.3,4.2137
8554.6,3.938
8563.9,7.4097
8573.3,3.0641
8582.6,2.7768
8592,2.1933
8601.3,2.2164
8610.7,3.6361
8620,0.68908
8629.4,8.1509
8638.7,1.9893
8648.1,2.0947
8657.4,2.9748
8666.8,6.5863
8676.1,4.7117
8685.5,6.9174
8694.8,4.7804
8704.2,1.7864
8713.5,2.5228
8722.9,3.0057
8732.2,2.2868
8741.6,5.9778
8750.9,1.7383
8760.3,4.5375
8769.6,3.411
8779,2.5525
8788.3,4.6285
8797.7,1.4079
8807,0.54931
8816.4,3.7182
8825.7,4.6672
8835.1,5.3383
8844.4,4.9992
8853.8,2.8041
8863.1,2.7547
8872.5,5.0727
8881.8,2.4727
8891.2,5.5883
8900.5,3.8589
8909.9,3.3652
8919.2,3.7684
8928.6,2.2016
8937.9,1.3107
8947.3,3.0089
8956.6,1.9065
8966,2.8118
8975.3,4.6737
8984.7,3.6227
8994,4.4558
9003.4,4.2556
9012.7,0.99875
9022.1,4.2364
9031.4,1.3295
9040.8,3.0196
9050.1,3.8256
9059.5,1.7502
9068.8,5.8751
9078.2,1.0704
9087.5,4.1551
9096.9,2.883
9106.2,5.4037
9115.6,1.4684
9124.9,2.9591
9134.3,3.3879
9143.6,1.9502
9153,4.1063
9162.3,1.5915
9171.7,1.8922
9181,2.8899
9190.4,1.0848
9199.7,1.4728
9209.1,0.27278
9218.4,1.8116
9227.7,1.0634
9237.1,6.5026
9246.4,4.8583
9255.8,1.4421
9265.1,1.8962
9274.5,5.4932
9283.8,0.64532
9293.2,1.6317
9302.5,5.8439
9311.9,3.4354
9321.2,2.8753
9330.6,0.90551
9339.9,3.0283
9349.3,2.1794
9358.6,4.935
9368,3.7435
9377.3,2.5323
9386.7,1.72
9396,3.2531
9405.4,4.7758
9414.7,3.2465
9424.1,2.2642
9433.4,3.9281
9442.8,1.4035
9452.1,4.0545
9461.5,1.6444
9470.8,5.5499
9480.2,3.7661
9489.5,4.0814
9498.9,1.4081
9508.2,1.3381
9517.6,1.9
9526.9,3.0394
9536.3,2.751
9545.6,2.4258
9555,4.8475
9564.3,5.8545
9573.7,1.4887
9583,3.4716
9592.4,3.8853
9601.7,4.9453
9611.1,2.0128
9620.4,2.2444
9629.8,4.3006
9639.1,2.9115
9648.5,2.3894
9657.8,1.8137
9667.2,1.7825
9676.5,0.32515
9685.9,2.0768
9695.2,1.6085
9704.6,1.3492
9713.9,2.9536
9723.3,1.2547
9732.6,0.89878
9742,4.19
9751.3,4.7095
9760.7,1.5938
9770,6.8724
9779.4,1.6366
9788.7,5.5214
9798.1,1.4013
9807.4,3.1912
9816.8,1.3106
9826.1,2.6769
9835.5,3.7056
9844.8,2.26
9854.2,4.1017
9863.5,3.2281
9872.8,1.7051
9882.2,3.33
9891.5,3.14
9900.9,2.6389
9910.2,4.8777
9919.6,2.7555
9928.9,1.4791
9938.3,1.7649
9947.6,1.6163
9957,2.9502
9966.3,3.6445
9975.7,2.9331
9985,3.8106
9994.4,0.55051
10004,2.9858
10013,2.3935
10022,2.8954
10032,1.7886
10041,2.0156
10050,2.1254
10060,1.9713
10069,1.3127
10079,1.9156
10088,4.2089
10097,2.0516
10107,6.228
10116,2.2654
10125,3.5455
10135,0.84209
10144,2.2639
10153,0.92904
10163,2.8998
10172,3.1143
10181,2.0668
10191,3.4976
10200,3.0032
10209,2.0094
10219,2.1458
10228,4.9261
10237,2.7214
10247,2.8703
10256,2.2664
10266,3.6401
10275,0.93157
10284,1.5363
10294,3.4368
10303,1.3657
10312,4.0215
10322,1.0508
10331,0.83086
10340,2.7445
10350,2.5613
10359,3.0539
10368,3.8029
10378,2.4492
10387,3.4056
10396,0.97424
10406,3.2034
10415,3.317
10424,3.1914
10434,3.3356
10443,3.1996
10453,2.4816
10462,3.1377
10471,2.2218
10481,2.9416
10490,2.4268
10499,2.5847
10509,3.0811
10518,2.0503
10527,3.3611
10537,1.1159
10546,1.0878
10555,3.3123
10565,0.56146
10574,2.3406
10583,4.2174
10593,1.6132
10602,2.2152
10611,3.9506
10621,2.9668
10630,4.2476
10639,1.3845
10649,0.68183
10658,5.4612
10668,4.0102
10677,1.484
10686,1.6919
10696,5.6526
10705,1.7161
10714,1.9541
10724,2.9907
10733,1.9426
10742,2.2944
10752,2.7346
10761,1.3793
10770,0.73383
10780,0.64522
10789,2.6899
10798,0.23971
10808,1.8378
10817,1.3277
10826,0.70367
10836,3.1585
10845,0.42254
10855,5.3029
10864,1.4423
10873,2.3211
10883,1.9809
10892,2.1526
10901,2.5355
10911,2.5917
10920,2.8084
10929,3.5344
10939,1.3486
10948,1.7618
10957,3.2058
10967,1.0424
10976,2.7008
10985,3.8793
10995,4.9328
11004,2.3553
11013,1.5135
11023,2.7921
11032,1.9224
11042,2.0655
11051,0.58432
11060,0.73685
11070,0.63221
11079,2.1935
11088,0.32701
11098,2.0076
11107,0.47822
11116,1.1513
11126,1.8373
11135,1.5051
11144,1.7523
11154,2.3222
11163,1.5178
11172,1.3324
11182,1.0648
11191,2.7428
11200,3.8837
11210,1.6674
11219,3.0669
11228,3.0954
11238,3.1491
11247,3.0393
11257,1.0601
11266,1.2839
11275,2.6853
11285,3.0477
11294,0.87574
11303,2.4986
11313,2.0456
11322,2.0669
11331,0.12795
11341,0.11083
11350,1.9204
11359,1.419
11369,2.2697
11378,0.52487
11387,0.77196
11397,2.1498
11406,0.87361
11415,2.8751
11425,2.0212
11434,1.4122
11444,1.9129
11453,1.379
11462,0.46915
11472,3.4488
11481,0.38091
11490,2.671
11500,3.3423
11509,2.475
11518,2.2113
11528,2.0359
11537,1.7817
11546,0.77876
11556,3.9393
11565,1.4496
11574,3.2384
11584,1.5807
11593,1.3967
11602,1.7286
11612,2.2956
11621,0.75095
11631,3.776
11640,2.5192
11649,2.1431
11659,1.8409
11668,2.9606
11677,1.4636
11687,3.3369
11696,0.61527
11705,2.993
11715,1.9256
11724,0.58594
11733,0.95336
11743,2.2139
11752,0.039833
11761,1.9253
11771,1.5643
11780,1.147
11789,2.5429
11799,1.638
11808,2.509
11818,1.3633
11827,1.1399
11836,2.91
11846,1.9504
11855,1.0221
11864,2.563
11874,3.2229
11883,0.63017
11892,2.4927
11902,2.7287
11911,2.5893
11920,1.1137
11930,1.4963
11939,1.1273
11948,2.7958
11958,0.3712
11967,2.3376
11976,0.82509
11986,1.9519
11995,2.689
12004,3.8721
12014,1.2586
12023,5.5571
12033,2.1165
12042,3.417
12051,0.84394
12061,1.0134
12070,3.3572
12079,1.2513
12089,1.6233
12098,2.1347
12107,1.3299
12117,2.3751
12126,2.5169
12135,2.0989
12145,1.8569
12154,1.0495
12163,0.94604
12173,2.4843
12182,1.3981
12191,2.0868
12201,2.9247
12210,1.6526
12220,1.0453
12229,0.34153
12238,1.7435
12248,2.6563
12257,1.8369
12266,0.54408
12276,2.3158
12285,1.9169
12294,2.1381
12304,0.41143
12313,1.2488
12322,2.7158
12332,0.21001
12341,1.1231
12350,2.8109
12360,2.9152
12369,1.575
12378,2.7426
12388,1.5111
12397,0.87237
12407,2.3976
12416,2.0495
12425,1.5002
12435,1.1327
12444,0.82105
12453,0.19499
12463,1.5102
12472,2.1445
12481,1.0268
12491,2.265
12500,3.5615
12509,1.0505
12519,2.1449
12528,0.86966
12537,2.5774
12547,4.5245
12556,0.28601
12565,1.3679
12575,2.3359
12584,0.2788
12593,1.9808
12603,1.6897
12612,0.67595
12622,2.2917
12631,2.0024
12640,1.7632
12650,1.1009
12659,2.0073
12668,2.5733
12678,0.29482
12687,2.8856
12696,2.6669
12706,1.104
12715,1.0353
12724,2.4436
12734,0.48358
12743,2.6263
12752,1.9375
12762,0.82208
12771,3.0209
12780,2.5122
12790,2.7432
12799,0.92398
12809,1.3498
12818,1.9935
12827,1.9801
12837,0.61525
12846,0.52058
12855,1.5003
12865,1.0377
12874,1.7603
12883,1.477
12893,0.2173
12902,0.77945
12911,2.7416
12921,1.0194
12930,2.0276
12939,1.8128
12949,1.1655
12958,1.187
12967,1.545
12977,2.2329
12986,1.5581
12996,0.72282
13005,1.4639
13014,2.0111
13024,0.83231
13033,0.8619
13042,0.97792
13052,3.4407
13061,1.017
13070,2.6096
13080,1.9089
13089,1.9627
13098,0.81452
13108,1.901
13117,2.0083
13126,1.5653
13136,0.74738
13145,0.34363
13154,2.626
13164,1.444
13173,0.96857
13182,2.3479
13192,2.1021
13201,0.70129
13211,1.5159
13220,2.949
13229,0.98853
13239,2.2936
13248,1.0544
13257,0.19527
13267,0.89912
13276,1.8102
13285,0.65704
13295,2.3434
13304,1.8054
13313,0.67764
13323,2.2859
13332,2.5124
13341,1.9185
13351,2.8379
13360,1.1935
13369,1.2573
13379,0.18144
13388,1.408
13398,2.1574
13407,1.716
13416,1.7366
13426,1.147
13435,0.60748
13444,0.76373
13454,1.8811
13463,1.3139
13472,2.2844
13482,1.84
13491,0.80787
13500,1.1015
13510,1.0234
13519,0.83226
13528,3.1549
13538,3.1271
13547,1.659
13556,0.91042
13566,1.4991
13575,2.3449
13585,1.4859
13594,1.7073
13603,1.1783
13613,1.0764
13622,1.0921
13631,0.45616
13641,1.9526
13650,1.7502
13659,0.66136
13669,0.40058
13678,1.1261
13687,1.2383
13697,0.75837
13706,1.8151
13715,1.4649
13725,0.99709
13734,1.0941
13743,0.72064
13753,1.507
13762,0.71659
13772,0.92777
13781,1.2051
13790,1.3521
13800,0.14117
13809,1.8957
13818,1.6296
13828,2.1058
13837,0.68614
13846,2.2112
13856,1.7952
13865,1.3596
13874,1.4016
13884,0.68751
13893,1.8243
13902,0.51116
13912,1.7629
13921,1.5642
13930,1.9846
13940,0.84674
13949,0.73241
13958,0.76618
13968,1.6348
13977,1.371
13987,1.9412
13996,0.9568
14005,0.35264
14015,0.47077
14024,2.6732
14033,1.2228
14043,0.6022
14052,2.0545
14061,1.2901
14071,0.9195
14080,1.3657
14089,2.5573
14099,1.3913
14108,2.0748
14117,1.7872
14127,0.88845
14136,0.37825
14145,0.71351
14155,1.7455
14164,1.7729
14174,1.7557
14183,1.6125
14192,1.7597
14202,1.3308
14211,1.2648
14220,0.64542
14230,3.2659
14239,0.26279
14248,1.4176
14258,0.75249
14267,0.70017
14276,1.4238
14286,2.7801
14295,1.6177
14304,1.8128
14314,1.7684
14323,3.3816
14332,1.768
14342,2.4059
14351,0.49938
14361,0.95227
14370,1.3871
14379,0.17681
14389,0.40483
14398,0.44673
14407,0.37021
14417,0.51672
14426,0.83845
14435,1.6851
14445,0.38078
14454,1.6088
14463,1.6121
14473,0.74429
14482,0.74594
14491,0.1185
14501,1.8456
14510,0.73081
14519,0.71781
14529,0.35716
14538,0.5023
14547,0.49948
14557,0.79443
14566,1.6071
14576,1.0962
14585,1.0556
14594,0.27942
14604,2.0121
14613,0.862
14622,1.7107
14632,1.7109
14641,1.0071
14650,0.83171
14660,1.8767
14669,1.6742
14678,0.52184
14688,0.95487
14697,1.0634
14706,1.1358
14716,1.1706
14725,1.9235
14734,2.6647
14744,2.013
14753,1.3201
14763,1.21
14772,0.054773
14781,0.92839
14791,0.78291
14800,1.0452
14809,0.51886
14819,1.7295
14828,0.99401
14837,0.79047
14847,2.4521
14856,0.69442
14865,1.7409
14875,1.1361
14884,2.0929
14893,0.24597
14903,1.9152
14912,1.3888
14921,1.3978
14931,1.8673
14940,1.3307
14950,0.51738
14959,1.0991
14968,1.5691
14978,2.3138
14987,1.148
14996,2.5987
15006,1.3323
15015,0.79277
15024,1.2194
15034,2.2163
15043,1.8349
15052,1.5957
15062,1.1673
15071,0.48041
15080,0.47095
15090,0.62521
15099,1.3548
15108,1.1994
15118,1.0176
15127,0.63905
15136,0.74277
15146,0.96745
15155,2.8092
15165,1.7954
15174,1.4584
15183,1.248
15193,1.2173
15202,0.77507
15211,0.98566
15221,1.2909
15230,1.6512
15239,0.64895
15249,0.44117
15258,1.4608
15267,1.5179
15277,1.2206
15286,0.78766
15295,0.46164
15305,2.4125
15314,1.3481
15323,1.4613
15333,1.3217
15342,2.1813
15352,1.1481
15361,1.076
15370,1.0095
15380,0.96679
15389,0.64395
15398,1.475
15408,0.69865
15417,1.3163
15426,2.0741
15436,0.35495
15445,1.1697
15454,1.9744
15464,1.0167
15473,1.2892
15482,0.86909
15492,0.78332
15501,0.6142
15510,1.0284
15520,2.1291
15529,0.18827
15539,1.9715
15548,0.45548
15557,1.407
15567,0.429
15576,1.3068
15585,1.9134
15595,1.4081
15604,0.98068
15613,1.0993
15623,0.74989
15632,1.618
15641,0.48213
15651,1.0562
15660,1.5445
15669,1.0681
15679,0.64906
15688,1.4235
15697,0.97735
15707,0.26711
15716,0.89766
15726,1.4562
15735,0.29871
15744,0.5314
15754,0.67485
15763,0.57152
15772,2.0301
15782,0.30676
15791,0.80029
15800,0.86281
15810,1.1776
15819,0.56602
15828,0.40951
15838,1.0516
15847,0.44018
15856,1.8528
15866,0.53575
15875,2.6547
15884,0.5811
15894,0.9529
15903,0.45057
15912,0.32067
15922,0.88613
15931,0.8545
15941,1.9163
15950,1.0671
15959,1.0235
15969,0.21584
15978,0.20281
15987,0.5975
15997,0.47594
16006,1.2416
16015,0.98685
16025,0.67339
16034,0.51683
16043,1.1508
16053,0.64734
16062,0.5542
16071,1.3989
16081,1.396
16090,0.72617
16099,0.55867
16109,0.30967
16118,1.0258
16128,0.81025
16137,1.5813
16146,1.7704
16156,0.66841
16165,0.53538
16174,0.8193
16184,1.9174
16193,0.89558
16202,0.88804
16212,0.74725
16221,1.1284
16230,0.44619
16240,0.7789
16249,0.3638
16258,1.5339
16268,1.0818
16277,1.2434
16286,1.3269
16296,1.6397
16305,0.81096
16315,1.4443
16324,1.114
16333,0.88549
16343,0.63058
16352,1.3678
16361,1.6146
16371,0.58071
16380,1.591
16389,1.0496
16399,1.528
16408,0.21902
16417,0.81988
16427,0.68743
16436,0.097929
16445,1.5127
16455,1.2563
16464,0.39003
16473,1.5809
16483,1.5246
16492,0.32319
16501,0.50285
16511,0.080045
16520,0.80015
16530,0.31448
16539,1.1808
16548,0.93675
16558,0.4254
16567,0.76843
16576,0.083649
16586,0.86202
16595,0.62471
16604,1.3575
16614,0.33508
16623,0.097196
16632,0.72908
16642,0.91958
16651,1.8264
16660,0.94683
16670,1.2996
16679,1.4328
16688,0.79134
16698,1.4156
16707,1.9421
16717,1.1187
16726,0.038949
16735,0.96401
16745,1.5728
16754,0.43429
16763,1.5528
16773,0.37864
16782,1.0836
16791,0.8842
16801,1.0293
16810,0.34187
16819,0.54206
16829,1.3605
16838,0.9574
16847,0.53104
16857,0.80972
16866,0.51554
16875,1.2091
16885,0.718
16894,0.73852
16904,1.0604
16913,0.43854
16922,1.8556
16932,1.1673
16941,0.4359
16950,1.0606
16960,0.17962
16969,1.079
16978,0.31172
16988,0.26095
16997,1.1149
17006,1.0929
17016,0.7882
17025,0.62967
17034,1.135
17044,0.2819
17053,0.37246
17062,0.4307
17072,2.2735
17081,0.94715
17091,1.0968
17100,1.2294
17109,1.9562
17119,1.4554
17128,1.6244
17137,1.8738
17147,0.96636
17156,0.50707
17165,2.0752
17175,1.1884
17184,0.13484
17193,1.0449
17203,0.78089
17212,0.78978
17221,0.56976
17231,0.39967
17240,0.38757
17249,0.33272
17259,0.97854
17268,0.72825
17277,0.60067
17287,0.45251
17296,0.67752
17306,0.76989
17315,0.92724
17324,0.16896
17334,0.29173
17343,0.71016
17352,1.362
17362,0.31072
17371,1.5322
17380,0.10283
17390,0.54804
17399,0.6427
17408,0.6737
17418,0.35336
17427,1.4125
17436,1.398
17446,1.5302
17455,0.83384
17464,0.55804
17474,1.6342
17483,0.80207
17493,0.42135
17502,1.6591
17511,1.2253
17521,0.32046
17530,1.0763
17539,0.67022
17549,0.38602
17558,0.95392
17567,0.65169
17577,0.58432
17586,0.53791
17595,1.3087
17605,0.30195
17614,0.82412
17623,2.1357
17633,1.2683
17642,0.9055
17651,1.1657
17661,0.29878
17670,0.88563
17680,0.99105
17689,0.78922
17698,1.7872
17708,1.4094
17717,1.3747
17726,1.3114
17736,0.19014
17745,0.78964
17754,0.68987
17764,0.52234
17773,1.2746
17782,1.1111
17792,0.78669
17801,1.5771
17810,1.4182
17820,0.6596
17829,1.1301
17838,0.84534
17848,1.8684
17857,0.68462
17866,0.23036
17876,0.33218
17885,1.2529
17895,0.91988
17904,1.7798
17913,1.42
17923,0.72203
17932,0.21024
17941,1.5459
17951,1.1407
17960,1.3422
17969,0.61469
17979,1.1688
17988,0.54575
17997,1.1101
18007,0.316
18016,0.27736
18025,1.1374
18035,0.2422
18044,1.0835
18053,0.51479
18063,0.80204
18072,0.28561
18082,1.4231
18091,1.6548
18100,1.1392
18110,0.61846
18119,0.42277
18128,1.0047
18138,0.83776
18147,1.372
18156,0.50175
18166,1.3151
18175,1.3094
18184,0.71437
18194,0.67382
18203,0.53391
18212,1.188
18222,0.7758
18231,1.0158
18240,0.84368
18250,0.22808
18259,0.61133
18269,0.74912
18278,1.5792
18287,1.3155
18297,0.99812
18306,1.5751
18315,0.6404
18325,1.0766
18334,1.1226
18343,0.57758
18353,0.2519
18362,0.13383
18371,0.71836
18381,0.88426
18390,0.87576
18399,1.2426
18409,0.77377
18418,1.0088
18427,1.2823
18437,1.4055
18446,0.047915
18455,0.05416
18465,1.5924
18474,0.84984
18484,0.47681
18493,0.84469
18502,0.79464
18512,0.99366
18521,0.35764
18530,0.36024
18540,0.44321
18549,0.45688
18558,1.5085
18568,0.92788
18577,0.7822
18586,1.3396
18596,0.72232
18605,0.79718
18614,1.047
18624,0.84031
18633,0.90587
18642,0.7914
18652,0.69739
18661,0.841
18671,0.83045
18680,0.81792
18689,0.82313
18699,1.45
18708,0.52932
18717,1.2887
18727,0.66154
18736,1.592
18745,0.50965
18755,1.6084
18764,1.287
18773,0.98072
18783,0.54814
18792,0.63143
18801,1.0365
18811,0.48793
18820,0.73059
18829,0.46785
18839,0.61647
18848,1.1663
18858,0.78729
18867,0.76857
18876,1.3604
18886,0.5013
18895,1.1664
18904,0.19833
18914,0.89998
18923,1.052
18932,0.41363
18942,0.81177
18951,0.84688
18960,0.75019
18970,0.68957
18979,1.3501
18988,0.87908
18998,0.76606
19007,0.76799
19016,1.8073
19026,0.21116
19035,1.2782
19045,0.80265
19054,0.023542
19063,0.3033
19073,0.891
19082,0.65044
19091,1.1066
19101,0.35589
19110,0.92147
19119,2.6236
19129,0.99792
19138,1.1653
19147,1.8353
19157,0.57477
19166,1.2384
19175,1.9074
19185,0.39533
19194,0.93515
19203,0.46921
19213,1.479
19222,0.53947
19231,1.7659
19241,0.77825
19250,0.97139
19260,1.0632
19269,0.96062
19278,0.47626
19288,1.2363
19297,1.04
19306,0.78308
19316,0.60615
19325,0.55127
19334,0.51333
19344,0.44502
19353,1.0978
19362,0.66525
19372,1.2178
19381,0.49774
19390,0.21677
19400,0.56959
19409,1.4237
19418,0.74902
19428,0.9856
19437,0.23063
19447,1.9276
19456,1.4731
19465,0.56989
19475,0.62199
19484,1.5272
19493,1.0465
19503,0.54193
19512,0.89384
19521,0.74205
19531,0.47644
19540,0.52805
19549,0.37199
19559,0.42613
19568,1.023
19577,0.11879
19587,0.9709
19596,0.61474
19605,1.123
19615,0.33604
19624,0.91909
19634,0.43079
19643,1.0584
19652,1.498
19662,0.49505
19671,0.69161
19680,0.59926
19690,0.82871
19699,0.33088
19708,0.56558
19718,0.37088
19727,1.0051
19736,1.0986
19746,0.41324
19755,1.1351
19764,0.65839
19774,0.33872
19783,0.77656
19792,0.7185
19802,0.76508
19811,1.0698
19820,0.40726
19830,0.73751
19839,0.66119
19849,0.476
19858,1.5598
19867,0.48466
19877,0.78878
19886,0.49795
19895,1.317
19905,0.81988
19914,0.4991
19923,0.44357
19933,0.53406
19942,0.36671
19951,1.137
19961,0.79001
19970,1.2611
19979,1.6108
19989,1.301
19998,0.87599
20007,0.99983
20017,1.9951
20026,0.26512
20036,0.4574
20045,1.1208
20054,0.62816
20064,1.5222
20073,0.53018
20082,0.72787
20092,0.74696
20101,0.81436
20110,0.51457
20120,0.3027
20129,0.82818
20138,1.4494
20148,1.7612
20157,0.55442
20166,1.2894
20176,0.69516
20185,0.98967
20194,0.63564
20204,0.28906
20213,0.40304
20223,0.86529
20232,0.52549
20241,1.6366
20251,1.0488
20260,1.0041
20269,0.33094
20279,1.496
20288,1.0782
20297,1.1397
20307,0.98736
20316,0.70301
20325,0.42371
20335,0.59492
20344,0.61316
20353,0.98597
20363,1.3703
20372,0.26628
20381,0.79114
20391,0.86895
20400,1.6454
20409,0.7096
20419,0.43812
20428,0.49901
20438,0.59895
20447,1.0105
20456,1.0874
20466,0.30299
20475,0.69014
20484,0.38153
20494,0.4906
20503,0.81538
20512,0.70108
20522,0.50294
20531,1.551
20540,0.18194
20550,0.7335
20559,0.95352
20568,1.0366
20578,0.5464
20587,1.2764
20596,0.34012
20606,1.3334
20615,0.9994
20625,1.2819
20634,0.82398
20643,0.34429
20653,1.1921
20662,1.4521
20671,0.59993
20681,0.66362
20690,0.65074
20699,0.37793
20709,0.34482
20718,1.2002
20727,0.85547
20737,1.4283
20746,0.91156
20755,1.0157
20765,0.31645
20774,1.3045
20783,0.51774
20793,0.61378
20802,0.79452
20812,1.0685
20821,0.74353
20830,0.80529
20840,0.89872
20849,0.86205
20858,0.33498
20868,0.26178
20877,0.34266
20886,0.64866
20896,0.2945
20905,0.80532
20914,0.35524
20924,0.70147
20933,0.63806
20942,1.2793
20952,0.93998
20961,1.1064
20970,1.0365
20980,0.54925
20989,0.86619
20999,1.0938
21008,1.0216
21017,1.2009
21027,0.46069
21036,0.86223
21045,0.79583
21055,0.12099
21064,0.085124
21073,1.107
21083,0.49029
21092,1.6875
21101,0.43379
21111,0.71504
21120,0.60949
21129,0.41066
21139,0.72242
21148,0.68926
21157,1.793
21167,1.3218
21176,0.27375
21185,0.41178
21195,0.65969
21204,1.2379
21214,1.0694
21223,0.24915
21232,0.30608
21242,0.77764
21251,1.2338
21260,1.1678
21270,0.81292
21279,0.50059
21288,0.40626
21298,0.24327
21307,1.1011
21316,1.2141
21326,0.016888
21335,0.70123
21344,1.2568
21354,0.10466
21363,0.84354
21372,1.0765
21382,0.67161
21391,1.2809
21401,0.59092
21410,0.76822
21419,1.1871
21429,0.74042
21438,0.83959
21447,0.31609
21457,0.64897
21466,1.0923
21475,0.73266
21485,1.6172
21494,0.37898
21503,0.517
21513,0.5007
21522,0.77332
21531,1.0244
21541,0.62825
21550,0.12452
21559,0.58127
21569,1.1207
21578,1.2537
21588,0.25892
21597,0.16492
21606,0.27183
21616,0.4408
21625,1.8466
21634,0.70958
21644,0.82936
21653,0.76343
21662,0.5167
21672,0.59019
21681,1.084
21690,1.3703
21700,1.1317
21709,0.85866
21718,0.70833
21728,0.75515
21737,0.51502
21746,0.20997
21756,0.64957
21765,0.39911
21774,0.33761
21784,0.30103
21793,1.1028
21803,1.1761
21812,1.1423
21821,0.57853
21831,1.024
21840,0.48742
21849,0.17667
21859,0.45389
21868,1.0854
21877,0.68242
21887,0.19629
21896,0.89755
21905,0.95937
21915,0.78301
21924,1.3558
21933,0.78627
21943,0.55908
21952,1.012
21961,0.58844
21971,0.85833
21980,0.44764
21990,1.0826
21999,1.5984
22008,0.55825
22018,1.0302
22027,1.1243
22036,0.7166
22046,0.76779
22055,0.66621
22064,0.65782
22074,0.72725
22083,0.40773
22092,0.54303
22102,0.27035
22111,0.79163
22120,0.79593
22130,0.98117
22139,0.21189
22148,1.2889
22158,1.6355
22167,0.16476
22177,1.0165
22186,1.4082
22195,0.49673
22205,1.1095
22214,0.79499
22223,0.70932
22233,0.79742
22242,0.22782
22251,1.0384
22261,1.4988
22270,0.78396
22279,0.95517
22289,0.17341
22298,1.0111
22307,0.21989
22317,1.2089
22326,0.6508
22335,0.44657
22345,0.39824
22354,1.249
22364,0.7762
22373,0.86702
22382,1.0527
22392,0.9499
22401,0.53375
22410,0.90119
22420,0.86653
22429,1.529
22438,1.0677
22448,0.36594
22457,1.1164
22466,0.41601
22476,0.16302
22485,0.2792
22494,0.65841
22504,0.8032
22513,1.0997
22522,0.55945
22532,0.01528
22541,0.58528
22550,0.17632
22560,0.85784
22569,0.59967
22579,1.0369
22588,0.72761
22597,0.53545
22607,0.59745
22616,0.38809
22625,1.2638
22635,1.1394
22644,0.94255
22653,0.98157
22663,0.37821
22672,0.69483
22681,0.80119
22691,0.68552
22700,0.84171
22709,0.56395
22719,0.90018
22728,0.36458
22737,1.0341
22747,1.2039
22756,0.41353
22766,0.79363
22775,0.66382
22784,1.2805
22794,1.5931
22803,1.0338
22812,0.66627
22822,0.68004
22831,0.27025
22840,0.95417
22850,0.55222
22859,0.43367
22868,0.69345
22878,0.26053
22887,0.60053
22896,0.58623
22906,0.51905
22915,0.4575
22924,1.3503
22934,1.2245
22943,0.55525
22953,0.48065
22962,0.92802
22971,0.34537
22981,0.65024
22990,0.11692
22999,1.0827
23009,0.85782
23018,0.79194
23027,0.29404
23037,1.1253
23046,0.36084
23055,0.47993
23065,0.61304
23074,0.60326
23083,0.17015
23093,0.97997
23102,0.8785
23111,0.51332
23121,0.59149
23130,0.10461
23139,0.5093
23149,0.71102
23158,0.61797
23168,0.077173
23177,0.84032
23186,0.98751
23196,0.63413
23205,0.51047
23214,0.69622
23224,0.31923
23233,0.82529
23242,0.1867
23252,0.19157
23261,1.0257
23270,0.89634
23280,1.607
23289,0.82848
23298,0.13087
23308,0.69513
23317,0.55779
23326,1.2918
23336,0.6883
23345,0.24671
23355,0.88891
23364,0.86643
23373,0.64299
23383,0.3023
23392,0.50018
23401,1.0548
23411,1.3423
23420,0.21171
23429,1.5186
23439,0.72979
23448,0.11965
23457,0.31385
23467,0.76484
23476,1.3472
23485,0.50176
23495,1.9195
23504,0.57928
23513,0.70923
23523,1.1368
23532,0.44648
23542,0.85044
23551,1.5948
23560,0.56024
23570,1.2645
23579,0.88243
23588,0.71413
23598,0.86941
23607,0.70927
23616,0.57917
23626,0.78198
23635,0.44331
23644,1.834
23654,1.0876
23663,1.3632
23672,0.57362
23682,0.65291
23691,0.80401
23700,0.36316
23710,1.5218
23719,0.73395
23728,0.43427
23738,0.75146
23747,0.77487
23757,0.78799
23766,0.35669
23775,0.91513
23785,0.93712
23794,0.99522
23803,0.49796
23813,0.52195
23822,0.48834
23831,0.208
23841,0.92189
23850,0.598
23859,0.83221
23869,0.63844
23878,1.1954
23887,0.58838
23897,0.75961
23906,0.79871
23915,0.20935
23925,0.34305
23934,0.53517
23944,1.5187
23953,0.30676
23962,1.2463
23972,0.62449
23981,0.44772
23990,0.40901
24000,0.69772
24009,0.358
24018,1.1944
24028,0.93298
24037,1.0633
24046,0.65303
24056,0.63946
24065,1.5551
24074,0.52857
24084,0.049507
24093,1.0476
24102,0.55483
24112,0.56468
24121,0.74172
24131,0.87871
24140,0.8836
24149,0.93173
24159,0.86537
24168,1.3017
24177,0.17504
24187,0.98356
24196,0.45515
24205,1.0003
24215,0.48427
24224,0.58467
24233,0.07639
24243,0.38454
24252,1.4417
24261,1.1465
24271,1.6214
24280,0.66972
24289,1.108
24299,0.82715
24308,0.52113
24318,0.41871
24327,1.2903
24336,0.42901
24346,0.43124
24355,1.0065
24364,0.79357
24374,0.95198
24383,0.81419
24392,0.74514
24402,0.79772
24411,0.52731
24420,0.32109
24430,1.2604
24439,0.70743
24448,1.1048
24458,0.86392
24467,0.53849
24476,0.73154
24486,0.28349
24495,0.25504
24504,1.0413
24514,1.2774
24523,0.61325
24533,0.33325
24542,0.38966
24551,0.68351
24561,1.1663
24570,0.7277
24579,0.26674
24589,1.0551
24598,0.43877
24607,0.55652
24617,0.50524
24626,0.68333
24635,1.1548
24645,0.61901
24654,0.59696
24663,0.20992
24673,0.89936
24682,1.3099
24691,0.46037
24701,1.0032
24710,0.56047
24720,0.5298
24729,0.57568
24738,0.93946
24748,0.62618
24757,0.49882
24766,0.43842
24776,0.24487
24785,0.41029
24794,0.41657
24804,0.68697
24813,0.3713
24822,0.14143
24832,0.69413
24841,0.54169
24850,0.74386
24860,0.57089
24869,0.82553
24878,1.0954
24888,1.2207
24897,0.87785
24907,1.033
24916,0.5998
24925,1.1684
24935,0.93369
24944,0.68006
24953,0.22904
24963,1.0902
24972,1.0721
24981,0.38897
24991,0.8338
25000,0.3145
